日期,板块名称,涨的数量,跌的数量,平的数量,涨幅比,涨跌幅,总市值,总市值亿元,跌停,跌<-5%,-3%<-5%,-3<-1%,平盘,<3%,3-5%,5%-涨停,涨停,冰点,沸点,距上次沸点天数,距上次冰点天数
2023-03-01,中药,2,0,0,100.0,1.455,293075187238.31995,2930.75,0,0,0,0,0,2,0,0,0,False,True,-1,0
2023-03-01,互联网服务,2,0,0,100.0,2.75,384028253928.48,3840.28,0,0,0,0,0,1,1,0,0,False,True,-1,0
2023-03-01,交运设备,1,0,0,100.0,1.58,166166423069.52,1661.66,0,0,0,0,0,1,0,0,0,False,True,-1,0
2023-03-01,保险,5,0,0,100.0,3.134,2572125845168.81,25721.26,0,0,0,0,0,1,4,0,0,False,True,-1,0
2023-03-01,光伏设备,2,6,0,25.0,-1.3975,1360710200137.3599,13607.10,0,0,3,2,1,2,0,0,0,True,False,0,-1
2023-03-01,光学光电子,1,0,0,100.0,1.44,161570617270.83002,1615.71,0,0,0,0,0,1,0,0,0,False,True,-1,0
2023-03-01,农牧饲渔,1,2,0,33.33333333333333,-0.033333333333333326,508190899830.98,5081.91,0,0,0,2,0,1,0,0,0,True,False,0,-1
2023-03-01,化学制品,0,1,0,0.0,-1.01,324053249269.45996,3240.53,0,0,0,1,0,0,0,0,0,True,False,0,-1
2023-03-01,化学制药,1,0,0,100.0,0.62,279208929532.98004,2792.09,0,0,0,0,0,1,0,0,0,False,True,-1,0
2023-03-01,化学原料,1,0,0,100.0,2.78,119093766399.99998,1190.94,0,0,0,0,0,1,0,0,0,False,True,-1,0
2023-03-01,化纤行业,2,1,0,66.66666666666666,0.44333333333333336,365973641630.72,3659.74,0,0,0,1,0,2,0,0,0,False,True,-1,0
2023-03-01,化肥行业,1,0,0,100.0,0.44,135332957899.52,1353.33,0,0,0,0,0,1,0,0,0,False,True,-1,0
2023-03-01,医疗器械,2,1,0,66.66666666666666,-0.1633333333333333,635268058427.81,6352.68,0,0,0,1,0,2,0,0,0,True,False,0,-1
2023-03-01,医疗服务,1,1,0,50.0,0.22499999999999992,470897701751.33997,4708.98,0,0,0,1,0,1,0,0,0,False,True,-1,0
2023-03-01,半导体,4,0,0,100.0,1.2025000000000001,685595366113.23,6855.95,0,0,0,0,0,3,1,0,0,False,True,-1,0
2023-03-01,家电行业,2,1,0,66.66666666666666,2.04,834472809488.55,8344.73,0,0,0,1,0,1,1,0,0,False,True,-1,0
2023-03-01,小金属,2,0,0,100.0,1.87,236993580395.68,2369.94,0,0,0,0,0,2,0,0,0,False,True,-1,0
2023-03-01,工程建设,6,0,0,100.0,3.2383333333333333,894695509504.7,8946.96,0,0,0,0,0,4,1,1,0,False,True,-1,0
2023-03-01,工程机械,1,0,0,100.0,2.88,163536822216.49,1635.37,0,0,0,0,0,1,0,0,0,False,True,-1,0
2023-03-01,房地产开发,3,0,0,100.0,1.01,503961745425.9,5039.62,0,0,0,0,0,3,0,0,0,False,True,-1,0
2023-03-01,旅游酒店,0,1,0,0.0,-0.37,407254902811.39996,4072.55,0,0,0,1,0,0,0,0,0,True,False,0,-1
2023-03-01,水泥建材,1,0,0,100.0,1.83,165550212567.96,1655.50,0,0,0,0,0,1,0,0,0,False,True,-1,0
2023-03-01,汽车整车,5,0,0,100.0,1.5699999999999998,1507229048084.98,15072.29,0,0,0,0,0,5,0,0,0,False,True,-1,0
2023-03-01,汽车零部件,1,0,0,100.0,0.24,108820163557.87001,1088.20,0,0,0,0,0,1,0,0,0,False,True,-1,0
2023-03-01,消费电子,2,0,0,100.0,3.48,417895635982.38,4178.96,0,0,0,0,0,0,2,0,0,False,True,-1,0
2023-03-01,煤炭行业,3,1,0,75.0,0.1275,1044702092623.2999,10447.02,0,0,0,1,0,3,0,0,0,False,True,-1,0
2023-03-01,物流行业,3,0,0,100.0,2.5533333333333332,624630637063.9,6246.31,0,0,0,0,0,2,0,1,0,False,True,-1,0
2023-03-01,生物制品,1,1,0,50.0,1.375,339594936306.56,3395.95,0,0,0,1,0,0,1,0,0,False,True,-1,0
2023-03-01,电力行业,7,0,0,100.0,1.2542857142857144,1335663949104.13,13356.64,0,0,0,0,0,7,0,0,0,False,True,-1,0
2023-03-01,电子元件,1,0,0,100.0,1.38,197551713524.01,1975.52,0,0,0,0,0,1,0,0,0,False,True,-1,0
2023-03-01,电池,1,2,0,33.33333333333333,0.05666666666666665,1264627283244.01,12646.27,0,0,0,1,1,1,0,0,0,False,True,-1,0
2023-03-01,电网设备,1,0,0,100.0,0.04,175797648596.18002,1757.98,0,0,0,0,1,0,0,0,0,False,True,-1,0
2023-03-01,石油行业,3,0,0,100.0,1.3166666666666667,2303586269899.3,23035.86,0,0,0,0,0,3,0,0,0,False,True,-1,0
2023-03-01,美容护理,1,0,0,100.0,0.26,127652400000.0,1276.52,0,0,0,0,0,1,0,0,0,False,True,-1,0
2023-03-01,能源金属,1,1,0,50.0,-0.039999999999999994,280480022657.05,2804.80,0,0,0,1,0,1,0,0,0,True,False,0,-1
2023-03-01,航天航空,2,0,0,100.0,0.41,236690035443.14,2366.90,0,0,0,0,0,2,0,0,0,False,True,-1,0
2023-03-01,航空机场,3,0,1,75.0,0.28500000000000003,591613770538.46,5916.14,0,0,0,0,2,2,0,0,0,False,True,-1,0
2023-03-01,航运港口,2,0,0,100.0,0.605,299204302299.6,2992.04,0,0,0,0,0,2,0,0,0,False,True,-1,0
2023-03-01,船舶制造,1,0,0,100.0,1.59,108545845956.66,1085.46,0,0,0,0,0,1,0,0,0,False,True,-1,0
2023-03-01,计算机设备,1,0,0,100.0,3.73,372778164330.09,3727.78,0,0,0,0,0,0,1,0,0,False,True,-1,0
2023-03-01,证券,9,0,0,100.0,1.1111111111111112,1443906227280.27,14439.06,0,0,0,0,0,9,0,0,0,False,True,-1,0
2023-03-01,贵金属,1,0,0,100.0,5.0,315411503435.2,3154.12,0,0,0,0,0,0,1,0,0,False,True,-1,0
2023-03-01,软件开发,2,0,0,100.0,3.1399999999999997,254254943530.04,2542.55,0,0,0,0,0,0,2,0,0,False,True,-1,0
2023-03-01,通信服务,3,0,0,100.0,7.8566666666666665,2573743973063.06,25737.44,0,0,0,0,0,0,1,1,1,False,True,-1,0
2023-03-01,通信设备,1,0,0,100.0,2.08,155865462638.28,1558.65,0,0,0,0,0,1,0,0,0,False,True,-1,0
2023-03-01,酿酒行业,7,0,0,100.0,1.3928571428571428,4398492372412.82,43984.92,0,0,0,0,0,7,0,0,0,False,True,-1,0
2023-03-01,钢铁行业,1,1,0,50.0,0.22999999999999998,250236769429.02002,2502.37,0,0,0,1,0,1,0,0,0,False,True,-1,0
2023-03-01,银行,13,0,3,81.25,1.015625,8501711080367.13,85017.11,0,0,0,0,3,13,0,0,0,False,True,-1,0
2023-03-01,非金属材料,0,1,0,0.0,-1.2,114449453958.21,1144.49,0,0,0,1,0,0,0,0,0,True,False,0,-1
2023-03-01,食品饮料,3,0,0,100.0,1.0833333333333333,832139494219.56,8321.39,0,0,0,0,1,2,0,0,0,False,True,-1,0
2023-03-02,中药,0,2,0,0.0,-0.655,291064165372.03,2910.64,0,0,0,2,0,0,0,0,0,True,False,1,-1
2023-03-02,互联网服务,0,2,0,0.0,-0.825,380572545808.7,3805.73,0,0,0,2,0,0,0,0,0,True,False,1,-1
2023-03-02,交运设备,1,0,0,100.0,2.59,170471252682.72,1704.71,0,0,0,0,0,1,0,0,0,False,True,-1,0
2023-03-02,保险,3,2,0,60.0,0.202,2575447246815.88,25754.47,0,0,0,1,1,3,0,0,0,False,True,-1,0
2023-03-02,光伏设备,1,7,0,12.5,-1.5125,1339368305434.48,13393.68,0,0,0,7,0,1,0,0,0,True,False,0,-1
2023-03-02,光学光电子,0,0,1,0.0,0.0,161570617270.83002,1615.71,0,0,0,0,1,0,0,0,0,False,False,1,0
2023-03-02,农牧饲渔,0,3,0,0.0,-0.6866666666666666,504915791878.76,5049.16,0,0,0,3,0,0,0,0,0,True,False,0,-1
2023-03-02,化学制品,1,0,0,100.0,3.02,333849258742.58,3338.49,0,0,0,0,0,0,1,0,0,False,True,-1,1
2023-03-02,化学制药,0,1,0,0.0,-1.33,275509108214.06,2755.09,0,0,0,1,0,0,0,0,0,True,False,1,-1
2023-03-02,化学原料,0,1,0,0.0,-0.18,118873765600.0,1188.74,0,0,0,1,0,0,0,0,0,True,False,1,-1
2023-03-02,化纤行业,2,1,0,66.66666666666666,0.10333333333333335,366588014597.57996,3665.88,0,0,0,1,0,2,0,0,0,False,True,-1,0
2023-03-02,化肥行业,0,1,0,0.0,-1.16,133757423664.64,1337.57,0,0,0,1,0,0,0,0,0,True,False,1,-1
2023-03-02,医疗器械,0,3,0,0.0,-1.8233333333333333,624057684796.16,6240.58,0,0,0,3,0,0,0,0,0,True,False,0,-1
2023-03-02,医疗服务,0,2,0,0.0,-0.545,468364524856.25,4683.65,0,0,0,2,0,0,0,0,0,True,False,1,-1
2023-03-02,半导体,2,2,0,50.0,-0.18,685261419207.39,6852.61,0,0,0,2,0,2,0,0,0,True,False,1,-1
2023-03-02,家电行业,3,1,0,75.0,0.79,935871955438.51,9358.72,0,0,0,1,0,3,0,0,0,False,True,-1,0
2023-03-02,小金属,1,1,0,50.0,-1.895,233086574652.25,2330.87,0,0,1,0,0,1,0,0,0,True,False,1,-1
2023-03-02,工程建设,5,1,0,83.33333333333334,2.436666666666667,917751592457.07,9177.52,0,0,0,1,0,3,1,1,0,False,True,-1,0
2023-03-02,工程机械,1,0,0,100.0,0.16,163791420279.1,1637.91,0,0,0,0,0,1,0,0,0,False,True,-1,0
2023-03-02,房地产开发,0,3,0,0.0,-1.61,494905385830.95,4949.05,0,0,0,3,0,0,0,0,0,True,False,1,-1
2023-03-02,旅游酒店,0,1,0,0.0,-0.68,404503320282.88,4045.03,0,0,0,1,0,0,0,0,0,True,False,0,-1
2023-03-02,水泥建材,1,0,0,100.0,1.28,167669933599.56,1676.70,0,0,0,0,0,1,0,0,0,False,True,-1,0
2023-03-02,汽车整车,2,3,0,40.0,-0.514,1496832828256.92,14968.33,0,0,0,3,0,2,0,0,0,True,False,1,-1
2023-03-02,汽车零部件,1,0,0,100.0,0.88,109780084808.18001,1097.80,0,0,0,0,0,1,0,0,0,False,True,-1,0
2023-03-02,消费电子,1,1,0,50.0,1.2799999999999998,422664394699.20996,4226.64,0,0,0,1,0,0,1,0,0,False,True,-1,0
2023-03-02,煤炭行业,2,2,0,50.0,-0.24,1044354565297.1001,10443.55,0,0,0,2,0,2,0,0,0,True,False,1,-1
2023-03-02,物流行业,3,0,0,100.0,0.5833333333333334,627581996811.6699,6275.82,0,0,0,0,0,3,0,0,0,False,True,-1,0
2023-03-02,生物制品,0,2,0,0.0,-0.935,336421376749.6,3364.21,0,0,0,2,0,0,0,0,0,True,False,1,-1
2023-03-02,电力行业,3,3,1,42.857142857142854,0.5000000000000001,1339661223976.7,13396.61,0,0,0,2,2,2,1,0,0,False,True,-1,0
2023-03-02,电子元件,1,0,0,100.0,3.62,204703027067.0,2047.03,0,0,0,0,0,0,1,0,0,False,True,-1,0
2023-03-02,电池,0,3,0,0.0,-2.7099999999999995,1230819033860.55,12308.19,0,0,0,3,0,0,0,0,0,True,False,1,-1
2023-03-02,电网设备,1,0,0,100.0,0.38,176467098895.48,1764.67,0,0,0,0,0,1,0,0,0,False,True,-1,0
2023-03-02,石油行业,3,0,0,100.0,2.3033333333333332,2355427973800.8604,23554.28,0,0,0,0,0,2,1,0,0,False,True,-1,0
2023-03-02,美容护理,0,1,0,0.0,-1.43,125824157999.99998,1258.24,0,0,0,1,0,0,0,0,0,True,False,1,-1
2023-03-02,能源金属,0,2,0,0.0,-1.455,276443472584.54004,2764.43,0,0,0,2,0,0,0,0,0,True,False,0,-1
2023-03-02,航天航空,1,1,0,50.0,0.32,237518599629.52997,2375.19,0,0,0,1,0,1,0,0,0,False,True,-1,0
2023-03-02,航空机场,4,0,0,100.0,1.2650000000000001,599492034774.86,5994.92,0,0,0,0,0,4,0,0,0,False,True,-1,0
2023-03-02,航运港口,2,0,0,100.0,1.7550000000000001,305053326266.42004,3050.53,0,0,0,0,0,2,0,0,0,False,True,-1,0
2023-03-02,船舶制造,1,0,0,100.0,2.72,111497648936.94,1114.98,0,0,0,0,0,1,0,0,0,False,True,-1,0
2023-03-02,计算机设备,0,1,0,0.0,-1.03,368938951886.6,3689.39,0,0,0,1,0,0,0,0,0,True,False,1,-1
2023-03-02,证券,3,5,1,33.33333333333333,-0.07,1441553681963.13,14415.54,0,0,0,4,2,3,0,0,0,True,False,1,-1
2023-03-02,贵金属,1,0,0,100.0,1.0,318570884104.0,3185.71,0,0,0,0,0,1,0,0,0,False,True,-1,0
2023-03-02,软件开发,2,0,0,100.0,1.935,259161446994.7,2591.61,0,0,0,0,0,2,0,0,0,False,True,-1,0
2023-03-02,通信服务,2,1,0,66.66666666666666,0.4833333333333334,2574355174135.79,25743.55,0,0,0,1,0,2,0,0,0,False,True,-1,0
2023-03-02,通信设备,0,1,0,0.0,-0.97,154349906635.72,1543.50,0,0,0,1,0,0,0,0,0,True,False,1,-1
2023-03-02,酿酒行业,1,6,0,14.285714285714285,-0.45428571428571424,4373214090746.4404,43732.14,0,0,0,5,1,1,0,0,0,True,False,1,-1
2023-03-02,钢铁行业,2,0,0,100.0,0.955,252937969167.91,2529.38,0,0,0,0,0,2,0,0,0,False,True,-1,0
2023-03-02,银行,12,1,3,75.0,0.498125,8540078351334.54,85400.78,0,0,0,1,3,12,0,0,0,False,True,-1,0
2023-03-02,非金属材料,0,1,0,0.0,-2.89,111139274523.41,1111.39,0,0,0,1,0,0,0,0,0,True,False,0,-1
2023-03-02,食品饮料,1,2,0,33.33333333333333,-0.33,828673933591.32,8286.74,0,0,0,2,1,0,0,0,0,True,False,1,-1
2023-03-03,中药,1,1,0,50.0,-0.38,289421179198.68,2894.21,0,0,0,1,0,1,0,0,0,True,False,2,-1
2023-03-03,互联网服务,1,1,0,50.0,0.29500000000000004,383511690984.24,3835.12,0,0,0,1,0,1,0,0,0,False,True,-1,1
2023-03-03,交运设备,1,0,0,100.0,5.56,179941877831.75998,1799.42,0,0,0,0,0,0,0,1,0,False,True,-1,0
2023-03-03,保险,3,2,0,60.0,0.09800000000000002,2574274232614.8403,25742.74,0,0,0,2,0,3,0,0,0,False,True,-1,0
2023-03-03,光伏设备,3,5,0,37.5,-0.14875,1336924168457.2,13369.24,0,0,0,3,2,3,0,0,0,True,False,0,-1
2023-03-03,光学光电子,0,0,1,0.0,0.0,161570617270.83002,1615.71,0,0,0,0,1,0,0,0,0,False,False,2,0
2023-03-03,农牧饲渔,2,1,0,66.66666666666666,0.33,505441894577.66,5054.42,0,0,0,1,0,2,0,0,0,False,True,-1,1
2023-03-03,化学制品,0,1,0,0.0,-0.3,332844539822.26,3328.45,0,0,0,1,0,0,0,0,0,True,False,1,-1
2023-03-03,化学制药,1,0,0,100.0,0.49,276848698691.6,2768.49,0,0,0,0,0,1,0,0,0,False,True,-1,1
2023-03-03,化学原料,0,1,0,0.0,-0.31,118507097600.0,1185.07,0,0,0,1,0,0,0,0,0,True,False,2,-1
2023-03-03,化纤行业,2,1,0,66.66666666666666,0.24666666666666667,367788419254.24,3677.88,0,0,0,1,0,2,0,0,0,False,True,-1,0
2023-03-03,化肥行业,0,1,0,0.0,-0.61,132942492163.84,1329.42,0,0,0,1,0,0,0,0,0,True,False,2,-1
2023-03-03,医疗器械,2,1,0,66.66666666666666,0.16,625955390281.8,6259.55,0,0,0,1,0,2,0,0,0,False,True,-1,1
2023-03-03,医疗服务,1,1,0,50.0,-0.06999999999999999,467986376384.9,4679.86,0,0,0,1,0,1,0,0,0,True,False,2,-1
2023-03-03,半导体,4,0,0,100.0,3.2425,705475637164.01,7054.76,0,0,0,0,0,2,1,1,0,False,True,-1,1
2023-03-03,家电行业,3,1,0,75.0,1.3625,944078198985.81,9440.78,0,0,0,0,1,2,1,0,0,False,True,-1,0
2023-03-03,小金属,0,2,0,0.0,-0.9400000000000001,230638356871.28003,2306.38,0,0,0,1,1,0,0,0,0,True,False,2,-1
2023-03-03,工程建设,6,0,0,100.0,3.8000000000000003,954244396680.13,9542.44,0,0,0,0,0,2,2,2,0,False,True,-1,0
2023-03-03,工程机械,0,1,0,0.0,-0.05,163706554258.22998,1637.07,0,0,0,0,1,0,0,0,0,True,False,1,-1
2023-03-03,房地产开发,2,1,0,66.66666666666666,0.010000000000000009,495910494048.93,4959.10,0,0,0,1,0,2,0,0,0,False,True,-1,1
2023-03-03,旅游酒店,1,0,0,100.0,0.28,405620504166.64,4056.21,0,0,0,0,0,1,0,0,0,False,True,-1,1
2023-03-03,水泥建材,1,0,0,100.0,0.25,168093877805.88,1680.94,0,0,0,0,0,1,0,0,0,False,True,-1,0
2023-03-03,汽车整车,3,2,0,60.0,0.066,1497390552506.07,14973.91,0,0,0,2,1,2,0,0,0,False,True,-1,1
2023-03-03,汽车零部件,0,1,0,0.0,-0.64,109081960262.5,1090.82,0,0,0,1,0,0,0,0,0,True,False,1,-1
2023-03-03,消费电子,1,1,0,50.0,4.555000000000001,441267850990.66,4412.68,0,0,0,1,0,0,0,1,0,False,True,-1,0
2023-03-03,煤炭行业,2,2,0,50.0,0.3025,1049814725849.3,10498.15,0,0,0,2,0,2,0,0,0,False,True,-1,1
2023-03-03,物流行业,2,1,0,66.66666666666666,0.5633333333333334,629708156928.48,6297.08,0,0,0,1,0,2,0,0,0,False,True,-1,0
2023-03-03,生物制品,1,1,0,50.0,-0.19,335552050572.19995,3355.52,0,0,0,1,0,1,0,0,0,True,False,2,-1
2023-03-03,电力行业,7,0,0,100.0,1.1942857142857142,1352711709467.02,13527.12,0,0,0,0,0,7,0,0,0,False,True,-1,0
2023-03-03,电子元件,0,1,0,0.0,-1.3,202044546196.0,2020.45,0,0,0,1,0,0,0,0,0,True,False,1,-1
2023-03-03,电池,2,1,0,66.66666666666666,-0.12666666666666662,1234223604919.21,12342.24,0,0,0,1,0,2,0,0,0,True,False,2,-1
2023-03-03,电网设备,1,0,0,100.0,1.1,178408504763.44998,1784.09,0,0,0,0,0,1,0,0,0,False,True,-1,0
2023-03-03,石油行业,3,0,0,100.0,3.06,2425692349627.04,24256.92,0,0,0,0,0,1,2,0,0,False,True,-1,0
2023-03-03,美容护理,1,0,0,100.0,0.11,125964792000.00002,1259.65,0,0,0,0,0,1,0,0,0,False,True,-1,1
2023-03-03,能源金属,0,2,0,0.0,-0.605,274748361625.36005,2747.48,0,0,0,2,0,0,0,0,0,True,False,0,-1
2023-03-03,航天航空,2,0,0,100.0,1.925,242052378132.67,2420.52,0,0,0,0,0,2,0,0,0,False,True,-1,0
2023-03-03,航空机场,1,2,1,25.0,-0.12999999999999998,598452497426.94,5984.52,0,0,0,2,1,1,0,0,0,True,False,1,-1
2023-03-03,航运港口,2,0,0,100.0,1.42,309152224987.28,3091.52,0,0,0,0,0,2,0,0,0,False,True,-1,0
2023-03-03,船舶制造,1,0,0,100.0,5.78,117937946348.46,1179.38,0,0,0,0,0,0,0,1,0,False,True,-1,0
2023-03-03,计算机设备,0,1,0,0.0,-0.08,368658033902.93,3686.58,0,0,0,0,1,0,0,0,0,True,False,2,-1
2023-03-03,证券,10,0,0,100.0,0.8560000000000001,1555069714391.9702,15550.70,0,0,0,0,0,10,0,0,0,False,True,-1,1
2023-03-03,贵金属,0,1,0,0.0,-0.99,315411503435.2,3154.12,0,0,0,1,0,0,0,0,0,True,False,1,-1
2023-03-03,软件开发,0,2,0,0.0,-1.25,255721838536.43,2557.22,0,0,0,2,0,0,0,0,0,True,False,1,-1
2023-03-03,通信服务,3,0,0,100.0,2.0566666666666666,2633689528415.81,26336.90,0,0,0,0,0,3,0,0,0,False,True,-1,0
2023-03-03,通信设备,0,1,0,0.0,-1.87,151460878005.84,1514.61,0,0,0,1,0,0,0,0,0,True,False,2,-1
2023-03-03,酿酒行业,1,6,0,14.285714285714285,-0.42,4352920916134.06,43529.21,0,0,0,5,1,1,0,0,0,True,False,2,-1
2023-03-03,钢铁行业,2,0,0,100.0,0.815,255101981695.84998,2551.02,0,0,0,0,0,2,0,0,0,False,True,-1,0
2023-03-03,银行,15,0,1,93.75,1.25,8663384281583.94,86633.84,0,0,0,0,1,14,0,1,0,False,True,-1,0
2023-03-03,非金属材料,0,1,0,0.0,-0.86,110181686901.2,1101.82,0,0,0,1,0,0,0,0,0,True,False,0,-1
2023-03-03,食品饮料,1,2,0,33.33333333333333,-0.37333333333333335,824879875682.6,8248.80,0,0,0,2,1,0,0,0,0,True,False,2,-1
2023-03-06,中药,2,0,0,100.0,0.63,291098544128.13,2910.99,0,0,0,0,0,2,0,0,0,False,True,-1,3
2023-03-06,互联网服务,1,1,0,50.0,1.0,382242355627.22,3822.42,0,0,0,1,0,0,1,0,0,False,True,-1,4
2023-03-06,交运设备,1,0,0,100.0,0.64,181089832395.28,1810.90,0,0,0,0,0,1,0,0,0,False,True,-1,0
2023-03-06,保险,0,4,0,0.0,-2.175,2410726602998.08,24107.27,0,0,1,3,0,0,0,0,0,True,False,3,-1
2023-03-06,光伏设备,8,0,0,100.0,4.43125,1395721518858.85,13957.22,0,0,0,0,0,3,1,4,0,False,True,-1,3
2023-03-06,光学光电子,0,1,0,0.0,-0.47,160806690002.41,1608.07,0,0,0,1,0,0,0,0,0,True,False,5,-1
2023-03-06,农牧饲渔,1,2,0,33.33333333333333,-0.62,502531466909.80005,5025.31,0,0,0,2,0,1,0,0,0,True,False,3,-1
2023-03-06,化学制品,0,1,0,0.0,-1.8,326847623766.6,3268.48,0,0,0,1,0,0,0,0,0,True,False,4,-1
2023-03-06,化学制药,1,0,0,100.0,0.05,276976278737.08,2769.76,0,0,0,0,1,0,0,0,0,False,True,-1,4
2023-03-06,化学原料,0,1,0,0.0,-1.36,116893758400.0,1168.94,0,0,0,1,0,0,0,0,0,True,False,5,-1
2023-03-06,化纤行业,0,2,1,0.0,-2.18,358897464339.83997,3588.97,0,0,1,1,1,0,0,0,0,True,False,3,-1
2023-03-06,化肥行业,0,1,0,0.0,-0.2,132670848330.24,1326.71,0,0,0,1,0,0,0,0,0,True,False,5,-1
2023-03-06,医疗器械,1,2,0,33.33333333333333,1.4333333333333333,631565107865.89,6315.65,0,0,0,0,2,0,1,0,0,False,True,-1,4
2023-03-06,医疗服务,1,1,0,50.0,-0.67,464636176205.4,4646.36,0,0,0,1,0,1,0,0,0,True,False,5,-1
2023-03-06,半导体,3,1,0,75.0,0.5050000000000001,708725366219.9701,7087.25,0,0,0,1,0,3,0,0,0,False,True,-1,4
2023-03-06,家电行业,0,4,0,0.0,-2.24,923598261840.84,9235.98,0,0,1,3,0,0,0,0,0,True,False,3,-1
2023-03-06,小金属,1,0,0,100.0,1.0,130459413121.32,1304.59,0,0,0,0,0,1,0,0,0,False,True,-1,3
2023-03-06,工程建设,0,6,0,0.0,-1.295,942345580904.5801,9423.46,0,0,0,6,0,0,0,0,0,True,False,3,-1
2023-03-06,工程机械,0,1,0,0.0,-3.89,157341602692.97998,1573.42,0,0,1,0,0,0,0,0,0,True,False,4,-1
2023-03-06,房地产开发,0,3,0,0.0,-1.7566666666666666,486708658923.02997,4867.09,0,0,0,3,0,0,0,0,0,True,False,3,-1
2023-03-06,旅游酒店,0,1,0,0.0,-2.11,397076116314.92004,3970.76,0,0,0,1,0,0,0,0,0,True,False,3,-1
2023-03-06,水泥建材,0,1,0,0.0,-2.49,163907428768.47,1639.07,0,0,0,1,0,0,0,0,0,True,False,3,-1
2023-03-06,汽车整车,2,3,0,40.0,-0.098,1497265425431.22,14972.65,0,0,0,3,0,2,0,0,0,True,False,3,-1
2023-03-06,汽车零部件,0,1,0,0.0,-2.56,106289462079.78,1062.89,0,0,0,1,0,0,0,0,0,True,False,4,-1
2023-03-06,消费电子,0,2,0,0.0,-1.76,433401908527.67004,4334.02,0,0,0,2,0,0,0,0,0,True,False,3,-1
2023-03-06,煤炭行业,0,4,0,0.0,-2.3525,1029526433769.7,10295.26,0,0,1,3,0,0,0,0,0,True,False,3,-1
2023-03-06,物流行业,1,2,0,33.33333333333333,-0.5299999999999999,625299654354.23,6253.00,0,0,0,2,0,1,0,0,0,True,False,3,-1
2023-03-06,生物制品,1,1,0,50.0,0.7899999999999999,339252166916.19995,3392.52,0,0,0,1,0,1,0,0,0,False,True,-1,3
2023-03-06,电力行业,2,3,2,28.57142857142857,0.41428571428571426,1355208803108.04,13552.09,0,0,0,3,2,1,1,0,0,False,True,-1,0
2023-03-06,电子元件,0,1,0,0.0,-3.29,195398344018.5,1953.98,0,0,1,0,0,0,0,0,0,True,False,4,-1
2023-03-06,电池,2,1,0,66.66666666666666,0.7166666666666668,1250200592868.6802,12502.01,0,0,0,1,0,2,0,0,0,False,True,-1,3
2023-03-06,电网设备,1,0,0,100.0,0.86,179948240451.84,1799.48,0,0,0,0,0,1,0,0,0,False,True,-1,0
2023-03-06,石油行业,3,0,0,100.0,0.63,2438065607296.58,24380.66,0,0,0,0,0,3,0,0,0,False,True,-1,0
2023-03-06,美容护理,0,1,0,0.0,-0.55,125272440000.0,1252.72,0,0,0,1,0,0,0,0,0,True,False,3,-1
2023-03-06,能源金属,2,0,0,100.0,1.0,277477442181.83,2774.77,0,0,0,0,0,2,0,0,0,False,True,-1,3
2023-03-06,航天航空,1,1,0,50.0,0.12000000000000001,242316707583.86,2423.17,0,0,0,1,0,1,0,0,0,False,True,-1,0
2023-03-06,航空机场,1,2,1,25.0,-0.16,597568936442.3401,5975.69,0,0,0,2,1,1,0,0,0,True,False,4,-1
2023-03-06,航运港口,0,2,0,0.0,-0.27,308364635865.76,3083.65,0,0,0,2,0,0,0,0,0,True,False,3,-1
2023-03-06,船舶制造,1,0,0,100.0,0.8,118877156387.64,1188.77,0,0,0,0,0,1,0,0,0,False,True,-1,0
2023-03-06,计算机设备,1,0,0,100.0,1.35,373620918281.1,3736.21,0,0,0,0,0,1,0,0,0,False,True,-1,3
2023-03-06,证券,0,10,0,0.0,-1.238,1533504706029.68,15335.05,0,0,0,10,0,0,0,0,0,True,False,3,-1
2023-03-06,贵金属,0,1,0,0.0,-0.42,314095094823.2,3140.95,0,0,0,1,0,0,0,0,0,True,False,4,-1
2023-03-06,软件开发,0,2,0,0.0,-1.1,252837008839.46,2528.37,0,0,0,2,0,0,0,0,0,True,False,4,-1
2023-03-06,通信服务,2,1,0,66.66666666666666,1.1366666666666665,2694405518679.83,26944.06,0,0,0,1,0,1,1,0,0,False,True,-1,0
2023-03-06,通信设备,1,0,0,100.0,2.44,155155045762.08,1551.55,0,0,0,0,0,1,0,0,0,False,True,-1,3
2023-03-06,酿酒行业,2,5,0,28.57142857142857,-0.22285714285714284,4330733962723.1304,43307.34,0,0,0,5,0,2,0,0,0,True,False,5,-1
2023-03-06,钢铁行业,0,2,0,0.0,-1.6600000000000001,250815428303.61,2508.15,0,0,0,2,0,0,0,0,0,True,False,3,-1
2023-03-06,银行,1,14,1,6.25,-1.298125,8577199273732.66,85771.99,0,0,4,10,1,1,0,0,0,True,False,3,-1
2023-03-06,非金属材料,1,0,0,100.0,0.63,110879188996.39001,1108.79,0,0,0,0,0,1,0,0,0,False,True,-1,3
2023-03-06,食品饮料,1,2,0,33.33333333333333,-0.3433333333333333,822215880959.5,8222.16,0,0,0,2,0,1,0,0,0,True,False,5,-1
2023-03-07,中药,0,1,0,0.0,-1.79,183933317812.7,1839.33,0,0,0,1,0,0,0,0,0,True,False,1,-1
2023-03-07,互联网服务,0,2,0,0.0,-3.0949999999999998,368347450556.62,3683.47,0,0,1,1,0,0,0,0,0,True,False,1,-1
2023-03-07,交运设备,0,1,0,0.0,-1.74,177932957345.6,1779.33,0,0,0,1,0,0,0,0,0,True,False,1,-1
2023-03-07,保险,1,3,0,25.0,-1.0775000000000001,2379116451889.15,23791.16,0,0,0,3,0,1,0,0,0,True,False,4,-1
2023-03-07,光伏设备,2,6,0,25.0,-0.82,1383572175011.75,13835.72,0,0,0,6,0,2,0,0,0,True,False,1,-1
2023-03-07,光学光电子,0,1,0,0.0,-2.14,157369017294.52,1573.69,0,0,0,1,0,0,0,0,0,True,False,6,-1
2023-03-07,农牧饲渔,0,3,0,0.0,-2.27,490915864937.03,4909.16,0,0,0,3,0,0,0,0,0,True,False,4,-1
2023-03-07,化学制品,0,1,0,0.0,-1.39,322294991158.9,3222.95,0,0,0,1,0,0,0,0,0,True,False,5,-1
2023-03-07,化学制药,0,1,0,0.0,-2.99,268683575780.87997,2686.84,0,0,0,1,0,0,0,0,0,True,False,1,-1
2023-03-07,化学原料,0,1,0,0.0,-0.13,116747091200.0,1167.47,0,0,0,1,0,0,0,0,0,True,False,6,-1
2023-03-07,化纤行业,0,2,0,0.0,-0.77,256739921005.0,2567.40,0,0,0,2,0,0,0,0,0,True,False,4,-1
2023-03-07,化肥行业,0,1,0,0.0,-2.54,129302464793.6,1293.02,0,0,0,1,0,0,0,0,0,True,False,6,-1
2023-03-07,医疗器械,0,3,0,0.0,-2.3466666666666667,618333075930.33,6183.33,0,0,1,2,0,0,0,0,0,True,False,1,-1
2023-03-07,医疗服务,0,2,0,0.0,-0.845,460683563706.1,4606.84,0,0,0,2,0,0,0,0,0,True,False,6,-1
2023-03-07,半导体,0,3,0,0.0,-3.34,590552822356.4099,5905.53,0,1,0,2,0,0,0,0,0,True,False,1,-1
2023-03-07,家电行业,0,3,0,0.0,-1.8266666666666669,808014199772.94,8080.14,0,0,0,3,0,0,0,0,0,True,False,4,-1
2023-03-07,小金属,0,1,0,0.0,-1.16,128947466280.51,1289.47,0,0,0,1,0,0,0,0,0,True,False,1,-1
2023-03-07,工程建设,2,3,1,33.33333333333333,-0.009999999999999972,942109303049.6599,9421.09,0,0,0,3,1,2,0,0,0,True,False,4,-1
2023-03-07,工程机械,0,1,0,0.0,-1.78,154541024004.27002,1545.41,0,0,0,1,0,0,0,0,0,True,False,5,-1
2023-03-07,房地产开发,0,3,0,0.0,-1.8933333333333333,477703431940.29,4777.03,0,0,0,3,0,0,0,0,0,True,False,4,-1
2023-03-07,旅游酒店,0,1,0,0.0,-1.74,390186815698.39996,3901.87,0,0,0,1,0,0,0,0,0,True,False,4,-1
2023-03-07,水泥建材,0,1,0,0.0,-1.84,160886826298.44,1608.87,0,0,0,1,0,0,0,0,0,True,False,4,-1
2023-03-07,汽车整车,0,5,0,0.0,-1.338,1476050023746.58,14760.50,0,0,0,5,0,0,0,0,0,True,False,4,-1
2023-03-07,汽车零部件,0,1,0,0.0,-1.15,105067744124.84,1050.68,0,0,0,1,0,0,0,0,0,True,False,5,-1
2023-03-07,消费电子,0,2,0,0.0,-3.62,417635637882.4,4176.36,0,0,1,1,0,0,0,0,0,True,False,4,-1
2023-03-07,煤炭行业,4,0,0,100.0,2.32,1054062096916.85,10540.62,0,0,0,0,0,4,0,0,0,False,True,-1,1
2023-03-07,物流行业,1,2,0,33.33333333333333,-0.79,616934635304.72,6169.35,0,0,0,2,0,1,0,0,0,True,False,4,-1
2023-03-07,生物制品,0,2,0,0.0,-1.655,333864092816.24,3338.64,0,0,0,2,0,0,0,0,0,True,False,1,-1
2023-03-07,电力行业,2,5,0,28.57142857142857,-0.3842857142857143,1349001354787.79,13490.01,0,0,0,5,0,2,0,0,0,True,False,1,-1
2023-03-07,电子元件,0,1,0,0.0,-1.58,192314506208.14,1923.15,0,0,0,1,0,0,0,0,0,True,False,5,-1
2023-03-07,电池,0,3,0,0.0,-1.7433333333333334,1230399965578.93,12304.00,0,0,0,3,0,0,0,0,0,True,False,1,-1
2023-03-07,电网设备,0,1,0,0.0,-1.19,177805999494.08,1778.06,0,0,0,1,0,0,0,0,0,True,False,1,-1
2023-03-07,石油行业,3,0,0,100.0,3.7900000000000005,2529084191260.12,25290.84,0,0,0,0,0,1,1,1,0,False,True,-1,0
2023-03-07,美容护理,0,1,0,0.0,-4.8,119261959200.0,1192.62,0,0,1,0,0,0,0,0,0,True,False,4,-1
2023-03-07,能源金属,0,2,0,0.0,-1.7650000000000001,272583809101.85,2725.84,0,0,0,2,0,0,0,0,0,True,False,1,-1
2023-03-07,航天航空,0,2,0,0.0,-1.915,237644325845.53,2376.44,0,0,0,2,0,0,0,0,0,True,False,1,-1
2023-03-07,航空机场,1,3,0,25.0,-0.905,591881002941.38,5918.81,0,0,0,3,0,1,0,0,0,True,False,5,-1
2023-03-07,航运港口,0,1,1,0.0,-0.365,307433270075.76,3074.33,0,0,0,1,1,0,0,0,0,True,False,4,-1
2023-03-07,船舶制造,0,1,0,0.0,-2.37,116059526270.09999,1160.60,0,0,0,1,0,0,0,0,0,True,False,1,-1
2023-03-07,计算机设备,0,1,0,0.0,-2.46,364444264147.88,3644.44,0,0,0,1,0,0,0,0,0,True,False,1,-1
2023-03-07,证券,1,9,0,10.0,-1.056,1517056893792.93,15170.57,0,0,0,8,1,1,0,0,0,True,False,4,-1
2023-03-07,贵金属,1,0,0,100.0,0.42,315411503435.2,3154.12,0,0,0,0,0,1,0,0,0,False,True,-1,1
2023-03-07,软件开发,0,2,0,0.0,-3.005,245224228273.28998,2452.24,0,0,1,1,0,0,0,0,0,True,False,5,-1
2023-03-07,通信服务,0,3,0,0.0,-3.4933333333333336,2595976756328.84,25959.77,0,0,2,1,0,0,0,0,0,True,False,1,-1
2023-03-07,通信设备,0,1,0,0.0,-4.91,147529904624.19998,1475.30,0,0,1,0,0,0,0,0,0,True,False,1,-1
2023-03-07,酿酒行业,1,6,0,14.285714285714285,-1.4414285714285715,4269551595940.15,42695.52,0,0,0,6,0,1,0,0,0,True,False,6,-1
2023-03-07,钢铁行业,1,1,0,50.0,-0.54,249918676489.09998,2499.19,0,0,0,1,0,1,0,0,0,True,False,4,-1
2023-03-07,银行,12,4,0,75.0,0.46125000000000005,8634546924840.49,86345.47,0,0,0,4,0,12,0,0,0,False,True,-1,1
2023-03-07,非金属材料,0,1,0,0.0,-0.67,110134398623.56,1101.34,0,0,0,1,0,0,0,0,0,True,False,1,-1
2023-03-07,食品饮料,0,3,0,0.0,-2.7466666666666666,798832525848.88,7988.33,0,0,1,2,0,0,0,0,0,True,False,6,-1
2023-03-08,中药,0,1,0,0.0,-0.6,182835280490.5,1828.35,0,0,0,1,0,0,0,0,0,True,False,2,-1
2023-03-08,互联网服务,2,0,0,100.0,0.52,370065295957.87,3700.65,0,0,0,0,0,2,0,0,0,False,True,-1,1
2023-03-08,交运设备,0,1,0,0.0,-0.32,177358980063.84,1773.59,0,0,0,1,0,0,0,0,0,True,False,2,-1
2023-03-08,保险,0,4,0,0.0,-1.1775,2350258091490.34,23502.58,0,0,0,4,0,0,0,0,0,True,False,5,-1
2023-03-08,光伏设备,2,6,0,25.0,-1.03,1367430628050.29,13674.31,0,0,1,5,0,2,0,0,0,True,False,2,-1
2023-03-08,光学光电子,0,0,1,0.0,0.0,157369017294.52,1573.69,0,0,0,0,1,0,0,0,0,False,False,7,1
2023-03-08,农牧饲渔,0,3,0,0.0,-0.6366666666666667,487469034615.37,4874.69,0,0,0,3,0,0,0,0,0,True,False,5,-1
2023-03-08,化学制品,0,1,0,0.0,-1.62,317083011759.74,3170.83,0,0,0,1,0,0,0,0,0,True,False,6,-1
2023-03-08,化学制药,0,1,0,0.0,-0.38,267662935417.04,2676.63,0,0,0,1,0,0,0,0,0,True,False,2,-1
2023-03-08,化学原料,1,0,0,100.0,0.13,116893758400.0,1168.94,0,0,0,0,0,1,0,0,0,False,True,-1,1
2023-03-08,化纤行业,0,2,0,0.0,-1.605,252545143287.10004,2525.45,0,0,0,2,0,0,0,0,0,True,False,5,-1
2023-03-08,化肥行业,1,0,0,100.0,0.46,129900081227.52,1299.00,0,0,0,0,0,1,0,0,0,False,True,-1,1
2023-03-08,医疗器械,1,2,0,33.33333333333333,0.01666666666666668,616947943191.6,6169.48,0,0,0,2,0,1,0,0,0,False,True,-1,1
2023-03-08,医疗服务,0,2,0,0.0,-1.245,454893344912.69995,4548.93,0,0,0,2,0,0,0,0,0,True,False,7,-1
2023-03-08,半导体,3,0,0,100.0,0.8366666666666666,594213136172.76,5942.13,0,0,0,0,0,3,0,0,0,False,True,-1,1
2023-03-08,家电行业,1,2,0,33.33333333333333,-0.4000000000000001,803544614848.8699,8035.45,0,0,0,2,0,1,0,0,0,True,False,5,-1
2023-03-08,小金属,0,0,1,0.0,0.0,128947466280.51,1289.47,0,0,0,0,1,0,0,0,0,False,False,2,1
2023-03-08,工程建设,3,2,1,50.0,0.2283333333333333,944127655246.4199,9441.28,0,0,0,2,1,3,0,0,0,False,True,-1,1
2023-03-08,工程机械,1,0,0,100.0,0.38,155135086150.36002,1551.35,0,0,0,0,0,1,0,0,0,False,True,-1,1
2023-03-08,房地产开发,1,1,1,33.33333333333333,0.05333333333333332,477944430166.52997,4779.44,0,0,0,1,1,1,0,0,0,False,True,-1,1
2023-03-08,旅游酒店,0,1,0,0.0,-0.5,388221399606.60004,3882.21,0,0,0,1,0,0,0,0,0,True,False,5,-1
2023-03-08,水泥建材,0,1,0,0.0,-0.53,160038937885.8,1600.39,0,0,0,1,0,0,0,0,0,True,False,5,-1
2023-03-08,汽车整车,1,4,0,20.0,-0.576,1463377139265.0698,14633.77,0,0,0,4,1,0,0,0,0,True,False,5,-1
2023-03-08,汽车零部件,0,1,0,0.0,-0.58,104456885147.37001,1044.57,0,0,0,1,0,0,0,0,0,True,False,6,-1
2023-03-08,消费电子,1,1,0,50.0,-0.05500000000000005,417402656234.18,4174.03,0,0,0,1,0,1,0,0,0,True,False,5,-1
2023-03-08,煤炭行业,0,4,0,0.0,-1.7875,1037448539668.8,10374.49,0,0,1,3,0,0,0,0,0,True,False,1,-1
2023-03-08,物流行业,2,1,0,66.66666666666666,0.56,619781912569.79,6197.82,0,0,0,1,0,2,0,0,0,False,True,-1,1
2023-03-08,生物制品,1,1,0,50.0,-1.77,326904963314.19995,3269.05,0,0,1,0,1,0,0,0,0,True,False,2,-1
2023-03-08,电力行业,1,6,0,14.285714285714285,-0.4457142857142857,1341536079042.69,13415.36,0,0,0,6,0,1,0,0,0,True,False,2,-1
2023-03-08,电子元件,1,0,0,100.0,0.04,192394260634.27002,1923.94,0,0,0,0,1,0,0,0,0,False,True,-1,1
2023-03-08,电池,0,3,0,0.0,-1.1566666666666665,1216656661198.96,12166.57,0,0,0,3,0,0,0,0,0,True,False,2,-1
2023-03-08,电网设备,0,1,0,0.0,-0.38,177136549194.78,1771.37,0,0,0,1,0,0,0,0,0,True,False,2,-1
2023-03-08,石油行业,1,2,0,33.33333333333333,-0.26,2517986534436.6,25179.87,0,0,0,2,0,1,0,0,0,True,False,1,-1
2023-03-08,美容护理,1,0,0,100.0,2.49,122234745600.00002,1222.35,0,0,0,0,0,1,0,0,0,False,True,-1,1
2023-03-08,能源金属,1,1,0,50.0,-0.20500000000000002,272049723618.58,2720.50,0,0,0,1,1,0,0,0,0,True,False,2,-1
2023-03-08,航天航空,2,0,0,100.0,0.7050000000000001,239296491456.62,2392.96,0,0,0,0,0,2,0,0,0,False,True,-1,1
2023-03-08,航空机场,2,2,0,50.0,0.15500000000000003,592781619958.74,5927.82,0,0,0,2,0,2,0,0,0,False,True,-1,1
2023-03-08,航运港口,0,1,1,0.0,-0.49,305662785829.9,3056.63,0,0,0,1,1,0,0,0,0,True,False,5,-1
2023-03-08,船舶制造,1,0,0,100.0,1.43,117714324910.56,1177.14,0,0,0,0,0,1,0,0,0,False,True,-1,1
2023-03-08,计算机设备,1,0,0,100.0,0.21,365193378771.0,3651.93,0,0,0,0,0,1,0,0,0,False,True,-1,1
2023-03-08,证券,2,7,1,20.0,-0.209,1512780038585.33,15127.80,0,0,0,7,1,2,0,0,0,True,False,5,-1
2023-03-08,贵金属,0,1,0,0.0,-2.67,306986488318.4,3069.86,0,0,0,1,0,0,0,0,0,True,False,1,-1
2023-03-08,软件开发,1,1,0,50.0,3.48,254473684502.25998,2544.74,0,0,0,1,0,0,0,1,0,False,True,-1,1
2023-03-08,通信服务,3,0,0,100.0,3.4933333333333336,2675351124116.34,26753.51,0,0,0,0,0,1,2,0,0,False,True,-1,1
2023-03-08,通信设备,1,0,0,100.0,0.8,148713932751.19998,1487.14,0,0,0,0,0,1,0,0,0,False,True,-1,1
2023-03-08,酿酒行业,0,7,0,0.0,-1.0471428571428572,4228910325792.66,42289.10,0,0,0,7,0,0,0,0,0,True,False,7,-1
2023-03-08,钢铁行业,0,1,0,0.0,-0.3,148934119565.46002,1489.34,0,0,0,1,0,0,0,0,0,True,False,5,-1
2023-03-08,银行,3,11,2,18.75,-0.5237499999999999,8610794746539.79,86107.95,0,0,0,11,2,3,0,0,0,True,False,1,-1
2023-03-08,非金属材料,0,1,0,0.0,-0.71,109354142042.5,1093.54,0,0,0,1,0,0,0,0,0,True,False,2,-1
2023-03-08,食品饮料,0,3,0,0.0,-0.49666666666666665,794549639015.0399,7945.50,0,0,0,3,0,0,0,0,0,True,False,7,-1
2023-03-09,中药,0,1,0,0.0,-1.01,180995163000.0,1809.95,0,0,0,1,0,0,0,0,0,True,False,3,-1
2023-03-09,互联网服务,1,1,0,50.0,0.66,370317579921.76,3703.18,0,0,0,1,0,1,0,0,0,False,True,-1,2
2023-03-09,交运设备,1,0,0,100.0,0.81,178793923268.24002,1787.94,0,0,0,0,0,1,0,0,0,False,True,-1,1
2023-03-09,保险,0,4,0,0.0,-0.9199999999999999,2332610212157.8604,23326.10,0,0,0,4,0,0,0,0,0,True,False,6,-1
2023-03-09,光伏设备,2,6,0,25.0,-0.71875,1355547953959.1,13555.48,0,0,0,6,0,2,0,0,0,True,False,3,-1
2023-03-09,光学光电子,1,0,0,100.0,0.24,157750980928.73,1577.51,0,0,0,0,0,1,0,0,0,False,True,-1,2
2023-03-09,农牧饲渔,0,3,0,0.0,-0.71,484497911730.83997,4844.98,0,0,0,3,0,0,0,0,0,True,False,6,-1
2023-03-09,化学制品,0,1,0,0.0,-1.88,311117493170.34,3111.17,0,0,0,1,0,0,0,0,0,True,False,7,-1
2023-03-09,化学制药,0,1,0,0.0,-0.55,266195764894.02,2661.96,0,0,0,1,0,0,0,0,0,True,False,3,-1
2023-03-09,化学原料,0,1,0,0.0,-0.63,116160422400.0,1161.60,0,0,0,1,0,0,0,0,0,True,False,1,-1
2023-03-09,化纤行业,0,2,0,0.0,-1.56,248597279586.32,2485.97,0,0,0,2,0,0,0,0,0,True,False,6,-1
2023-03-09,化肥行业,0,1,0,0.0,-0.25,129574108627.20001,1295.74,0,0,0,1,0,0,0,0,0,True,False,1,-1
2023-03-09,医疗器械,1,2,0,33.33333333333333,-0.29333333333333333,613781839902.53,6137.82,0,0,0,2,0,1,0,0,0,True,False,1,-1
2023-03-09,医疗服务,1,1,0,50.0,0.15500000000000003,455760051517.95,4557.60,0,0,0,1,0,1,0,0,0,False,True,-1,1
2023-03-09,半导体,2,1,0,66.66666666666666,1.4100000000000001,601910952785.9401,6019.11,0,0,0,1,0,1,1,0,0,False,True,-1,2
2023-03-09,家电行业,2,1,0,66.66666666666666,-0.20333333333333328,803083305560.57,8030.83,0,0,0,1,0,2,0,0,0,True,False,6,-1
2023-03-09,小金属,1,0,0,100.0,0.34,129379451092.17,1293.79,0,0,0,0,0,1,0,0,0,False,True,-1,2
2023-03-09,工程建设,0,6,0,0.0,-1.0933333333333335,933206899335.98,9332.07,0,0,0,6,0,0,0,0,0,True,False,1,-1
2023-03-09,工程机械,0,1,0,0.0,-1.81,152334507461.65,1523.35,0,0,0,1,0,0,0,0,0,True,False,1,-1
2023-03-09,房地产开发,2,1,0,66.66666666666666,0.06666666666666665,477625336212.9,4776.25,0,0,0,1,0,2,0,0,0,False,True,-1,2
2023-03-09,旅游酒店,0,1,0,0.0,-1.68,381683805027.56,3816.84,0,0,0,1,0,0,0,0,0,True,False,6,-1
2023-03-09,水泥建材,0,1,0,0.0,-1.69,157336293570.51,1573.36,0,0,0,1,0,0,0,0,0,True,False,6,-1
2023-03-09,汽车整车,1,4,0,20.0,-0.54,1455414297715.28,14554.14,0,0,0,4,0,1,0,0,0,True,False,6,-1
2023-03-09,汽车零部件,0,1,0,0.0,-0.58,103846026169.90001,1038.46,0,0,0,1,0,0,0,0,0,True,False,7,-1
2023-03-09,消费电子,2,0,0,100.0,3.0,429989638028.47003,4299.90,0,0,0,0,0,1,0,1,0,False,True,-1,1
2023-03-09,煤炭行业,2,2,0,50.0,-0.15500000000000003,1038086594865.25,10380.87,0,0,0,2,0,2,0,0,0,True,False,2,-1
2023-03-09,物流行业,1,2,0,33.33333333333333,-0.31333333333333335,616312296606.74,6163.12,0,0,0,2,0,1,0,0,0,True,False,1,-1
2023-03-09,生物制品,2,0,0,100.0,2.26,333739912760.4,3337.40,0,0,0,0,0,1,1,0,0,False,True,-1,1
2023-03-09,电力行业,3,4,0,42.857142857142854,-0.10857142857142857,1337873528653.83,13378.74,0,0,0,4,0,3,0,0,0,True,False,3,-1
2023-03-09,电子元件,1,0,0,100.0,0.54,193431068173.96002,1934.31,0,0,0,0,0,1,0,0,0,False,True,-1,2
2023-03-09,电池,1,2,0,33.33333333333333,-0.46666666666666673,1212694693201.09,12126.95,0,0,0,2,0,1,0,0,0,True,False,3,-1
2023-03-09,电网设备,0,1,0,0.0,-1.21,174994308237.02,1749.94,0,0,0,1,0,0,0,0,0,True,False,3,-1
2023-03-09,石油行业,1,0,2,33.33333333333333,0.14666666666666667,2521791875555.32,25217.92,0,0,0,0,2,1,0,0,0,False,True,-1,1
2023-03-09,美容护理,0,1,0,0.0,-2.77,118844384399.99998,1188.44,0,0,0,1,0,0,0,0,0,True,False,1,-1
2023-03-09,能源金属,2,0,0,100.0,0.745,274047139150.65002,2740.47,0,0,0,0,0,2,0,0,0,False,True,-1,1
2023-03-09,航天航空,0,2,0,0.0,-2.0,234607237244.42,2346.07,0,0,1,1,0,0,0,0,0,True,False,1,-1
2023-03-09,航空机场,0,4,0,0.0,-0.9175,587328715642.74,5873.29,0,0,0,4,0,0,0,0,0,True,False,1,-1
2023-03-09,航运港口,1,1,0,50.0,-0.09500000000000003,305608073940.44,3056.08,0,0,0,1,0,1,0,0,0,True,False,6,-1
2023-03-09,船舶制造,0,1,0,0.0,-0.84,116730390583.8,1167.30,0,0,0,1,0,0,0,0,0,True,False,1,-1
2023-03-09,计算机设备,0,1,0,0.0,-1.74,358825904474.48,3588.26,0,0,0,1,0,0,0,0,0,True,False,1,-1
2023-03-09,证券,0,9,0,0.0,-0.6566666666666667,1401970956383.71,14019.71,0,0,0,8,1,0,0,0,0,True,False,6,-1
2023-03-09,贵金属,0,1,0,0.0,-0.86,304353671094.4,3043.54,0,0,0,1,0,0,0,0,0,True,False,2,-1
2023-03-09,软件开发,1,1,0,50.0,0.17000000000000004,255150658497.24,2551.51,0,0,0,1,0,1,0,0,0,False,True,-1,2
2023-03-09,通信服务,2,1,0,66.66666666666666,2.203333333333333,2749169013786.6396,27491.69,0,0,0,1,0,1,0,1,0,False,True,-1,2
2023-03-09,通信设备,1,0,0,100.0,3.79,154349906635.72,1543.50,0,0,0,0,0,0,1,0,0,False,True,-1,2
2023-03-09,酿酒行业,1,6,0,14.285714285714285,-0.3028571428571429,4218542803780.4004,42185.43,0,0,0,5,1,1,0,0,0,True,False,8,-1
2023-03-09,钢铁行业,0,1,0,0.0,-1.05,147375765549.08002,1473.76,0,0,0,1,0,0,0,0,0,True,False,6,-1
2023-03-09,银行,3,12,0,20.0,-0.49933333333333335,8472633070973.44,84726.33,0,0,0,12,0,3,0,0,0,True,False,2,-1
2023-03-09,非金属材料,0,1,0,0.0,-2.04,107119770924.01,1071.20,0,0,0,1,0,0,0,0,0,True,False,3,-1
2023-03-09,食品饮料,0,3,0,0.0,-1.74,779285360334.56,7792.85,0,0,0,3,0,0,0,0,0,True,False,8,-1
2023-03-10,中药,1,0,0,100.0,0.29,181514015800.6,1815.14,0,0,0,0,0,1,0,0,0,False,True,-1,1
2023-03-10,互联网服务,0,2,0,0.0,-0.6799999999999999,367931016904.08,3679.31,0,0,0,2,0,0,0,0,0,True,False,1,-1
2023-03-10,交运设备,0,1,0,0.0,-2.09,175063070936.8,1750.63,0,0,0,1,0,0,0,0,0,True,False,1,-1
2023-03-10,保险,0,4,0,0.0,-1.5775000000000001,2301149515379.23,23011.50,0,0,0,4,0,0,0,0,0,True,False,7,-1
2023-03-10,光伏设备,2,6,0,25.0,-0.68875,1343867896512.57,13438.68,0,0,0,6,0,2,0,0,0,True,False,4,-1
2023-03-10,光学光电子,0,1,0,0.0,-1.45,155459199123.47,1554.59,0,0,0,1,0,0,0,0,0,True,False,1,-1
2023-03-10,农牧饲渔,1,2,0,33.33333333333333,-1.04,478015203002.4,4780.15,0,0,0,2,0,1,0,0,0,True,False,7,-1
2023-03-10,化学制品,0,1,0,0.0,-0.86,308448708538.24,3084.49,0,0,0,1,0,0,0,0,0,True,False,8,-1
2023-03-10,化学制药,1,0,0,100.0,0.31,267025035189.63998,2670.25,0,0,0,0,0,1,0,0,0,False,True,-1,1
2023-03-10,化学原料,0,1,0,0.0,-2.71,113007077600.0,1130.07,0,0,0,1,0,0,0,0,0,True,False,2,-1
2023-03-10,化纤行业,0,2,0,0.0,-2.58,242167314924.06,2421.67,0,0,0,2,0,0,0,0,0,True,False,7,-1
2023-03-10,化肥行业,0,1,0,0.0,-1.93,127074985358.08,1270.75,0,0,0,1,0,0,0,0,0,True,False,2,-1
2023-03-10,医疗器械,3,0,0,100.0,2.1066666666666665,626094124635.44,6260.94,0,0,0,0,1,1,1,0,0,False,True,-1,1
2023-03-10,医疗服务,1,1,0,50.0,0.26999999999999996,456770973425.34,4567.71,0,0,0,1,0,1,0,0,0,False,True,-1,2
2023-03-10,半导体,1,2,0,33.33333333333333,-0.1733333333333333,600042057135.87,6000.42,0,0,0,2,0,1,0,0,0,True,False,1,-1
2023-03-10,家电行业,0,3,0,0.0,-2.796666666666667,780410418102.9099,7804.10,0,0,0,3,0,0,0,0,0,True,False,7,-1
2023-03-10,小金属,0,1,0,0.0,-2.0,126787542222.21,1267.88,0,0,0,1,0,0,0,0,0,True,False,1,-1
2023-03-10,工程建设,0,5,0,0.0,-1.556,819448246260.24,8194.48,0,0,0,4,1,0,0,0,0,True,False,2,-1
2023-03-10,工程机械,0,1,0,0.0,-0.95,150891785106.86002,1508.92,0,0,0,1,0,0,0,0,0,True,False,2,-1
2023-03-10,房地产开发,0,3,0,0.0,-1.7733333333333334,469583788608.08997,4695.84,0,0,0,3,0,0,0,0,0,True,False,1,-1
2023-03-10,旅游酒店,0,1,0,0.0,-1.5,375973754066.12,3759.74,0,0,0,1,0,0,0,0,0,True,False,7,-1
2023-03-10,水泥建材,0,1,0,0.0,-1.68,154686642281.01,1546.87,0,0,0,1,0,0,0,0,0,True,False,7,-1
2023-03-10,汽车整车,0,5,0,0.0,-5.862,1369150142325.73,13691.50,1,2,2,0,0,0,0,0,0,True,False,7,-1
2023-03-10,汽车零部件,0,1,0,0.0,-2.52,101228059123.59999,1012.28,0,0,0,1,0,0,0,0,0,True,False,8,-1
2023-03-10,消费电子,0,2,0,0.0,-2.165,420612822828.25,4206.13,0,0,0,2,0,0,0,0,0,True,False,1,-1
2023-03-10,煤炭行业,0,4,0,0.0,-1.9725000000000001,1019670226823.0,10196.70,0,0,0,4,0,0,0,0,0,True,False,3,-1
2023-03-10,物流行业,0,3,0,0.0,-1.6133333333333333,607651742577.9401,6076.52,0,0,0,3,0,0,0,0,0,True,False,2,-1
2023-03-10,生物制品,1,1,0,50.0,-0.6900000000000001,330601865322.30005,3306.02,0,0,0,1,0,1,0,0,0,True,False,1,-1
2023-03-10,电力行业,0,7,0,0.0,-1.0714285714285714,1326219163156.59,13262.19,0,0,0,7,0,0,0,0,0,True,False,4,-1
2023-03-10,电子元件,0,1,0,0.0,-0.56,192341091016.84998,1923.41,0,0,0,1,0,0,0,0,0,True,False,1,-1
2023-03-10,电池,1,1,0,50.0,0.88,1131770864397.74,11317.71,0,0,0,1,0,1,0,0,0,False,True,-1,1
2023-03-10,电网设备,0,1,0,0.0,-0.31,174458747997.58,1744.59,0,0,0,1,0,0,0,0,0,True,False,4,-1
2023-03-10,石油行业,0,3,0,0.0,-2.5933333333333333,2455091111084.7803,24550.91,0,0,1,2,0,0,0,0,0,True,False,1,-1
2023-03-10,美容护理,0,1,0,0.0,-2.21,116219937600.0,1162.20,0,0,0,1,0,0,0,0,0,True,False,2,-1
2023-03-10,能源金属,0,2,0,0.0,-2.215,267979083212.07,2679.79,0,0,0,2,0,0,0,0,0,True,False,1,-1
2023-03-10,航天航空,0,2,0,0.0,-1.125,231914806683.24,2319.15,0,0,0,2,0,0,0,0,0,True,False,2,-1
2023-03-10,航空机场,0,4,0,0.0,-1.6,577911340065.3999,5779.11,0,0,0,4,0,0,0,0,0,True,False,2,-1
2023-03-10,航运港口,0,2,0,0.0,-1.2550000000000001,301279516327.19995,3012.80,0,0,0,2,0,0,0,0,0,True,False,7,-1
2023-03-10,船舶制造,0,1,0,0.0,-2.72,113554966165.62,1135.55,0,0,0,1,0,0,0,0,0,True,False,2,-1
2023-03-10,计算机设备,0,1,0,0.0,-1.33,354050298752.09,3540.50,0,0,0,1,0,0,0,0,0,True,False,2,-1
2023-03-10,证券,0,9,0,0.0,-1.3577777777777778,1383921592307.5298,13839.22,0,0,0,9,0,0,0,0,0,True,False,7,-1
2023-03-10,贵金属,0,1,0,0.0,-1.04,301194290425.6,3011.94,0,0,0,1,0,0,0,0,0,True,False,3,-1
2023-03-10,软件开发,0,2,0,0.0,-1.825,250356446951.99002,2503.56,0,0,0,2,0,0,0,0,0,True,False,1,-1
2023-03-10,通信服务,0,3,0,0.0,-2.723333333333333,2699489176392.35,26994.89,0,0,1,2,0,0,0,0,0,True,False,1,-1
2023-03-10,通信设备,0,1,0,0.0,-0.92,152929072883.32,1529.29,0,0,0,1,0,0,0,0,0,True,False,1,-1
2023-03-10,酿酒行业,0,7,0,0.0,-1.1400000000000001,4168010542010.92,41680.11,0,0,0,7,0,0,0,0,0,True,False,9,-1
2023-03-10,钢铁行业,0,1,0,0.0,-2.72,143368569506.96002,1433.69,0,0,0,1,0,0,0,0,0,True,False,7,-1
2023-03-10,银行,0,15,0,0.0,-1.3679999999999999,8363801211473.08,83638.01,0,0,0,15,0,0,0,0,0,True,False,3,-1
2023-03-10,非金属材料,0,1,0,0.0,-2.42,104530737723.22,1045.31,0,0,0,1,0,0,0,0,0,True,False,4,-1
2023-03-10,食品饮料,1,2,0,33.33333333333333,-0.7666666666666667,774548646328.5701,7745.49,0,0,0,2,1,0,0,0,0,True,False,9,-1
2023-03-13,中药,1,0,0,100.0,1.68,184560767711.1,1845.61,0,0,0,0,0,1,0,0,0,False,True,-1,4
2023-03-13,互联网服务,2,0,0,100.0,2.7800000000000002,375523184211.30005,3755.23,0,0,0,0,0,1,1,0,0,False,True,-1,3
2023-03-13,交运设备,1,0,0,100.0,1.97,178506934627.36,1785.07,0,0,0,0,0,1,0,0,0,False,True,-1,3
2023-03-13,保险,4,0,0,100.0,1.7975,2338208206143.78,23382.08,0,0,0,0,0,3,1,0,0,False,True,-1,3
2023-03-13,光伏设备,3,5,0,37.5,-0.43,1337527150308.37,13375.27,0,0,0,4,1,3,0,0,0,True,False,7,-1
2023-03-13,光学光电子,1,0,0,100.0,0.74,156605090026.09998,1566.05,0,0,0,0,0,1,0,0,0,False,True,-1,3
2023-03-13,农牧饲渔,2,0,1,66.66666666666666,1.2166666666666668,485169299718.81006,4851.69,0,0,0,0,1,2,0,0,0,False,True,-1,3
2023-03-13,化学制品,1,0,0,100.0,0.77,310834915974.0,3108.35,0,0,0,0,0,1,0,0,0,False,True,-1,3
2023-03-13,化学制药,0,1,0,0.0,-1.05,264218274189.08002,2642.18,0,0,0,1,0,0,0,0,0,True,False,3,-1
2023-03-13,化学原料,1,0,0,100.0,2.21,115500420000.0,1155.00,0,0,0,0,0,1,0,0,0,False,True,-1,3
2023-03-13,化纤行业,2,0,0,100.0,0.7000000000000001,243817172126.97998,2438.17,0,0,0,0,1,1,0,0,0,False,True,-1,3
2023-03-13,化肥行业,0,1,0,0.0,-0.43,126531697690.87999,1265.32,0,0,0,1,0,0,0,0,0,True,False,5,-1
2023-03-13,医疗器械,1,2,0,33.33333333333333,-1.0966666666666667,621748982242.8201,6217.49,0,0,1,1,0,1,0,0,0,True,False,3,-1
2023-03-13,医疗服务,1,1,0,50.0,-0.35500000000000004,454927843566.19,4549.28,0,0,0,1,0,1,0,0,0,True,False,3,-1
2023-03-13,半导体,3,0,0,100.0,1.4433333333333334,608462209864.8899,6084.62,0,0,0,0,0,3,0,0,0,False,True,-1,3
2023-03-13,家电行业,4,0,0,100.0,4.125,903921482348.0,9039.21,0,0,0,0,0,2,1,1,0,False,True,-1,3
2023-03-13,小金属,1,0,0,100.0,0.85,127867504251.36,1278.68,0,0,0,0,0,1,0,0,0,False,True,-1,3
2023-03-13,工程建设,6,0,0,100.0,4.39,961187955098.8501,9611.88,0,0,0,0,0,2,2,2,0,False,True,-1,3
2023-03-13,工程机械,1,0,0,100.0,0.84,152164775419.91,1521.65,0,0,0,0,0,1,0,0,0,False,True,-1,3
2023-03-13,房地产开发,1,2,0,33.33333333333333,-0.7766666666666667,466352473630.8,4663.52,0,0,0,2,1,0,0,0,0,True,False,4,-1
2023-03-13,旅游酒店,1,0,0,100.0,2.8,386483558009.64,3864.84,0,0,0,0,0,1,0,0,0,False,True,-1,3
2023-03-13,水泥建材,1,0,0,100.0,0.17,154951607409.96,1549.52,0,0,0,0,0,1,0,0,0,False,True,-1,3
2023-03-13,汽车整车,0,5,0,0.0,-2.808,1337525198939.1301,13375.25,0,1,1,3,0,0,0,0,0,True,False,10,-1
2023-03-13,汽车零部件,1,0,0,100.0,0.34,101577121396.44,1015.77,0,0,0,0,0,1,0,0,0,False,True,-1,3
2023-03-13,消费电子,1,0,1,50.0,3.5,435706113426.93,4357.06,0,0,0,0,1,0,0,1,0,False,True,-1,3
2023-03-13,煤炭行业,4,0,0,100.0,2.12,1045315073334.1,10453.15,0,0,0,0,0,3,1,0,0,False,True,-1,3
2023-03-13,物流行业,3,0,0,100.0,2.94,626550455052.22,6265.50,0,0,0,0,0,2,1,0,0,False,True,-1,3
2023-03-13,生物制品,0,2,0,0.0,-1.475,325888040529.86,3258.88,0,0,0,2,0,0,0,0,0,True,False,4,-1
2023-03-13,电力行业,6,1,0,85.71428571428571,0.7757142857142857,1336428428432.6602,13364.28,0,0,0,1,0,6,0,0,0,False,True,-1,3
2023-03-13,电子元件,1,0,0,100.0,0.69,193670331452.34998,1936.70,0,0,0,0,0,1,0,0,0,False,True,-1,3
2023-03-13,电池,0,2,0,0.0,-2.76,1095101835726.16,10951.02,0,0,1,1,0,0,0,0,0,True,False,3,-1
2023-03-13,电网设备,1,0,0,100.0,2.46,178743229913.1,1787.43,0,0,0,0,0,1,0,0,0,False,True,-1,3
2023-03-13,石油行业,3,0,0,100.0,5.1499999999999995,2578290413234.06,25782.90,0,0,0,0,0,0,2,1,0,False,True,-1,3
2023-03-13,美容护理,1,0,0,100.0,0.71,117050760000.0,1170.51,0,0,0,0,0,1,0,0,0,False,True,-1,3
2023-03-13,能源金属,0,2,0,0.0,-2.15,262157954497.36,2621.58,0,0,0,2,0,0,0,0,0,True,False,4,-1
2023-03-13,航天航空,2,0,0,100.0,1.235,234865882410.72,2348.66,0,0,0,0,0,2,0,0,0,False,True,-1,3
2023-03-13,航空机场,4,0,0,100.0,2.245,591153203802.1,5911.53,0,0,0,0,0,3,1,0,0,False,True,-1,3
2023-03-13,航运港口,2,0,0,100.0,1.02,304107966586.76,3041.08,0,0,0,0,0,2,0,0,0,False,True,-1,3
2023-03-13,船舶制造,1,0,0,100.0,1.58,115343937668.81999,1153.44,0,0,0,0,0,1,0,0,0,False,True,-1,3
2023-03-13,计算机设备,1,0,0,100.0,3.7,367159804656.69,3671.60,0,0,0,0,0,0,1,0,0,False,True,-1,3
2023-03-13,证券,9,0,0,100.0,0.6655555555555556,1393577867365.1199,13935.78,0,0,0,0,0,9,0,0,0,False,True,-1,3
2023-03-13,贵金属,1,0,0,100.0,6.29,320150574438.4,3201.51,0,0,0,0,0,0,0,1,0,False,True,-1,3
2023-03-13,软件开发,2,0,0,100.0,5.135,263740993293.7,2637.41,0,0,0,0,0,0,1,1,0,False,True,-1,3
2023-03-13,通信服务,3,0,0,100.0,8.299999999999999,2958021987287.95,29580.22,0,0,0,0,0,0,0,2,1,False,True,-1,3
2023-03-13,通信设备,1,0,0,100.0,5.33,161075186397.08,1610.75,0,0,0,0,0,0,0,1,0,False,True,-1,3
2023-03-13,酿酒行业,7,0,0,100.0,2.4199999999999995,4231569701516.47,42315.70,0,0,0,0,0,5,2,0,0,False,True,-1,3
2023-03-13,钢铁行业,1,0,0,100.0,2.02,146262655537.38,1462.63,0,0,0,0,0,1,0,0,0,False,True,-1,3
2023-03-13,银行,10,3,2,66.66666666666666,0.5319999999999999,8433053521567.44,84330.54,0,0,0,3,3,9,0,0,0,False,True,-1,3
2023-03-13,非金属材料,1,0,0,100.0,0.68,105240061887.81999,1052.40,0,0,0,0,0,1,0,0,0,False,True,-1,3
2023-03-13,食品饮料,3,0,0,100.0,1.2566666666666668,784958224252.1599,7849.58,0,0,0,0,0,3,0,0,0,False,True,-1,3
2023-03-14,中药,0,1,0,0.0,-0.95,182805114630.0,1828.05,0,0,0,1,0,0,0,0,0,True,False,1,-1
2023-03-14,互联网服务,0,2,0,0.0,-1.225,371823205887.39,3718.23,0,0,0,2,0,0,0,0,0,True,False,1,-1
2023-03-14,交运设备,0,1,0,0.0,-1.77,175350059577.68002,1753.50,0,0,0,1,0,0,0,0,0,True,False,1,-1
2023-03-14,保险,0,4,0,0.0,-2.4475000000000002,2271426504071.53,22714.27,0,0,1,3,0,0,0,0,0,True,False,1,-1
2023-03-14,光伏设备,1,7,0,12.5,-1.7175,1315507228507.3801,13155.07,0,1,0,6,0,1,0,0,0,True,False,8,-1
2023-03-14,光学光电子,0,1,0,0.0,-0.98,155077235489.25998,1550.77,0,0,0,1,0,0,0,0,0,True,False,1,-1
2023-03-14,农牧饲渔,3,0,0,100.0,4.076666666666667,507087278194.74,5070.87,0,0,0,0,0,1,0,2,0,False,True,-1,4
2023-03-14,化学制品,0,1,0,0.0,-0.8,308354516139.45996,3083.55,0,0,0,1,0,0,0,0,0,True,False,1,-1
2023-03-14,化学制药,1,0,0,100.0,0.14,264601014325.52,2646.01,0,0,0,0,0,1,0,0,0,False,True,-1,1
2023-03-14,化学原料,0,1,0,0.0,-2.79,112273741600.0,1122.74,0,0,0,1,0,0,0,0,0,True,False,1,-1
2023-03-14,化纤行业,0,2,0,0.0,-2.4,237963874712.58002,2379.64,0,0,0,2,0,0,0,0,0,True,False,1,-1
2023-03-14,化肥行业,0,1,0,0.0,-0.56,125825423723.52,1258.25,0,0,0,1,0,0,0,0,0,True,False,6,-1
2023-03-14,医疗器械,1,2,0,33.33333333333333,0.09333333333333334,622220586717.6699,6222.21,0,0,0,1,1,1,0,0,0,False,True,-1,1
2023-03-14,医疗服务,2,0,0,100.0,0.275,456152683424.29,4561.53,0,0,0,0,1,1,0,0,0,False,True,-1,1
2023-03-14,半导体,3,0,0,100.0,6.196666666666666,654745682685.23,6547.46,0,0,0,0,0,1,0,1,1,False,True,-1,4
2023-03-14,家电行业,0,3,0,0.0,-1.47,788655915617.8799,7886.56,0,0,0,3,0,0,0,0,0,True,False,1,-1
2023-03-14,小金属,0,1,0,0.0,-1.52,125923572598.89,1259.24,0,0,0,1,0,0,0,0,0,True,False,1,-1
2023-03-14,工程建设,1,5,0,16.666666666666664,-0.3666666666666667,956637927085.02,9566.38,0,0,0,5,0,1,0,0,0,True,False,1,-1
2023-03-14,工程机械,0,1,0,0.0,-2.79,147921474376.41,1479.21,0,0,0,1,0,0,0,0,0,True,False,1,-1
2023-03-14,房地产开发,1,2,0,33.33333333333333,-0.5233333333333333,464322176390.01,4643.22,0,0,0,2,0,1,0,0,0,True,False,5,-1
2023-03-14,旅游酒店,0,1,0,0.0,-0.25,385531882849.39996,3855.32,0,0,0,1,0,0,0,0,0,True,False,1,-1
2023-03-14,水泥建材,0,1,0,0.0,-0.62,153997732945.74,1539.98,0,0,0,1,0,0,0,0,0,True,False,1,-1
2023-03-14,汽车整车,0,5,0,0.0,-1.374,1322698281693.59,13226.98,0,0,1,3,1,0,0,0,0,True,False,11,-1
2023-03-14,汽车零部件,1,0,0,100.0,0.17,101751652532.86,1017.52,0,0,0,0,0,1,0,0,0,False,True,-1,4
2023-03-14,消费电子,1,1,0,50.0,-0.16999999999999993,435337342889.65,4353.37,0,0,0,1,0,1,0,0,0,True,False,1,-1
2023-03-14,煤炭行业,1,3,0,25.0,-0.4775,1036849944673.9501,10368.50,0,0,0,3,0,1,0,0,0,True,False,1,-1
2023-03-14,物流行业,0,3,0,0.0,-0.6466666666666666,622282830827.38,6222.83,0,0,0,3,0,0,0,0,0,True,False,1,-1
2023-03-14,生物制品,2,0,0,100.0,5.54,345451795379.06,3454.52,0,0,0,0,0,1,0,1,0,False,True,-1,1
2023-03-14,电力行业,4,2,1,57.14285714285714,0.45000000000000007,1342821741003.52,13428.22,0,0,0,2,1,4,0,0,0,False,True,-1,4
2023-03-14,电子元件,0,1,0,0.0,-1.85,190081382276.5,1900.81,0,0,0,1,0,0,0,0,0,True,False,1,-1
2023-03-14,电池,0,2,0,0.0,-1.71,1080423373631.12,10804.23,0,0,0,2,0,0,0,0,0,True,False,4,-1
2023-03-14,电网设备,0,1,0,0.0,-1.69,175730703566.25,1757.31,0,0,0,1,0,0,0,0,0,True,False,1,-1
2023-03-14,石油行业,0,3,0,0.0,-1.7300000000000002,2529515340049.26,25295.15,0,0,0,3,0,0,0,0,0,True,False,1,-1
2023-03-14,美容护理,1,0,0,100.0,0.45,117583005600.00002,1175.83,0,0,0,0,0,1,0,0,0,False,True,-1,4
2023-03-14,能源金属,1,1,0,50.0,0.21500000000000002,262750432162.78998,2627.50,0,0,0,0,1,1,0,0,0,False,True,-1,1
2023-03-14,航天航空,0,2,0,0.0,-1.425,231617093045.91,2316.17,0,0,0,2,0,0,0,0,0,True,False,1,-1
2023-03-14,航空机场,1,3,0,25.0,-0.695,586681866059.52,5866.82,0,0,0,3,0,1,0,0,0,True,False,1,-1
2023-03-14,航运港口,0,2,0,0.0,-1.365,299635632305.04,2996.36,0,0,0,2,0,0,0,0,0,True,False,1,-1
2023-03-14,船舶制造,1,0,0,100.0,0.39,115791180544.62,1157.91,0,0,0,0,0,1,0,0,0,False,True,-1,4
2023-03-14,计算机设备,0,1,0,0.0,-0.79,364256985492.1,3642.57,0,0,0,1,0,0,0,0,0,True,False,1,-1
2023-03-14,证券,0,9,0,0.0,-1.2744444444444445,1374895039584.67,13748.95,0,0,0,9,0,0,0,0,0,True,False,1,-1
2023-03-14,贵金属,0,1,0,0.0,-1.07,316727912047.2,3167.28,0,0,0,1,0,0,0,0,0,True,False,1,-1
2023-03-14,软件开发,0,2,0,0.0,-1.375,260374612114.15002,2603.75,0,0,0,2,0,0,0,0,0,True,False,1,-1
2023-03-14,通信服务,2,1,0,66.66666666666666,0.7533333333333333,2960354260519.06,29603.54,0,0,0,1,0,2,0,0,0,False,True,-1,4
2023-03-14,通信设备,0,1,0,0.0,-0.82,159749074894.84,1597.49,0,0,0,1,0,0,0,0,0,True,False,1,-1
2023-03-14,酿酒行业,3,4,0,42.857142857142854,-0.8457142857142858,4212694429364.7,42126.94,0,0,0,4,1,2,0,0,0,True,False,1,-1
2023-03-14,钢铁行业,0,1,0,0.0,-0.76,145149545525.68,1451.50,0,0,0,1,0,0,0,0,0,True,False,1,-1
2023-03-14,银行,3,10,2,20.0,-0.522,8409528588275.75,84095.29,0,0,0,10,2,3,0,0,0,True,False,1,-1
2023-03-14,非金属材料,0,1,0,0.0,-3.41,101646152787.18001,1016.46,0,0,1,0,0,0,0,0,0,True,False,1,-1
2023-03-14,食品饮料,1,2,0,33.33333333333333,-1.42,773349830567.38,7733.50,0,0,1,1,0,1,0,0,0,True,False,1,-1
2023-03-15,中药,0,1,0,0.0,-1.95,179245543091.0,1792.46,0,0,0,1,0,0,0,0,0,True,False,2,-1
2023-03-15,互联网服务,1,1,0,50.0,-1.02,369929160264.14,3699.29,0,0,0,1,0,1,0,0,0,True,False,2,-1
2023-03-15,交运设备,1,0,0,100.0,1.64,178219945986.48,1782.20,0,0,0,0,0,1,0,0,0,False,True,-1,1
2023-03-15,保险,4,0,0,100.0,1.265,2297630470467.56,22976.30,0,0,0,0,0,4,0,0,0,False,True,-1,1
2023-03-15,光伏设备,6,2,0,75.0,0.2625,1318682761579.88,13186.83,0,0,0,2,1,5,0,0,0,False,True,-1,1
2023-03-15,光学光电子,1,0,0,100.0,1.97,158132944562.94,1581.33,0,0,0,0,0,1,0,0,0,False,True,-1,1
2023-03-15,农牧饲渔,1,1,1,33.33333333333333,0.24333333333333332,508145312114.71,5081.45,0,0,0,1,1,1,0,0,0,False,True,-1,5
2023-03-15,化学制品,0,1,0,0.0,-0.5,306816040292.72,3068.16,0,0,0,1,0,0,0,0,0,True,False,2,-1
2023-03-15,化学制药,0,1,0,0.0,-0.24,263963114098.12003,2639.63,0,0,0,1,0,0,0,0,0,True,False,1,-1
2023-03-15,化学原料,1,0,0,100.0,1.18,113593746400.0,1135.94,0,0,0,0,0,1,0,0,0,False,True,-1,1
2023-03-15,化纤行业,0,1,1,0.0,-0.04,237862619462.58002,2378.63,0,0,0,0,2,0,0,0,0,True,False,2,-1
2023-03-15,化肥行业,1,0,0,100.0,0.13,125988410023.68001,1259.88,0,0,0,0,0,1,0,0,0,False,True,-1,1
2023-03-15,医疗器械,0,3,0,0.0,-0.6466666666666666,619508376701.85,6195.08,0,0,0,3,0,0,0,0,0,True,False,1,-1
2023-03-15,医疗服务,0,2,0,0.0,-2.3649999999999998,445547984295.95,4455.48,0,0,1,1,0,0,0,0,0,True,False,1,-1
2023-03-15,半导体,1,2,0,33.33333333333333,-0.9466666666666668,655273304080.57,6552.73,0,0,0,2,0,1,0,0,0,True,False,1,-1
2023-03-15,家电行业,2,1,0,66.66666666666666,0.17999999999999994,787833804196.7101,7878.34,0,0,0,1,0,2,0,0,0,False,True,-1,1
2023-03-15,小金属,1,0,0,100.0,0.17,126139565004.72,1261.40,0,0,0,0,0,1,0,0,0,False,True,-1,1
2023-03-15,工程建设,6,0,0,100.0,4.533333333333334,999839604235.05,9998.40,0,0,0,0,0,2,1,3,0,False,True,-1,1
2023-03-15,工程机械,1,0,0,100.0,0.69,148939866626.85,1489.40,0,0,0,0,0,1,0,0,0,False,True,-1,1
2023-03-15,房地产开发,3,0,0,100.0,0.7033333333333335,467986329663.06,4679.86,0,0,0,0,1,2,0,0,0,False,True,-1,1
2023-03-15,旅游酒店,0,1,0,0.0,-1.82,378497762099.8,3784.98,0,0,0,1,0,0,0,0,0,True,False,2,-1
2023-03-15,水泥建材,1,0,0,100.0,1.96,157018335415.77,1570.18,0,0,0,0,0,1,0,0,0,False,True,-1,1
2023-03-15,汽车整车,2,3,0,40.0,-0.364,1315920069685.49,13159.20,0,0,0,3,0,2,0,0,0,True,False,12,-1
2023-03-15,汽车零部件,1,0,0,100.0,1.63,103409698328.84999,1034.10,0,0,0,0,0,1,0,0,0,False,True,-1,5
2023-03-15,消费电子,2,0,0,100.0,2.045,444414158991.17004,4444.14,0,0,0,0,0,2,0,0,0,False,True,-1,1
2023-03-15,煤炭行业,3,1,0,75.0,-0.12,1037673337047.0,10376.73,0,0,0,1,0,3,0,0,0,True,False,2,-1
2023-03-15,物流行业,2,1,0,66.66666666666666,0.3633333333333333,623817402325.53,6238.17,0,0,0,1,0,2,0,0,0,False,True,-1,1
2023-03-15,生物制品,2,0,0,100.0,0.29000000000000004,346579137484.42004,3465.79,0,0,0,0,1,1,0,0,0,False,True,-1,2
2023-03-15,电力行业,6,1,0,85.71428571428571,1.4642857142857142,1355892780215.75,13558.93,0,0,0,1,0,5,1,0,0,False,True,-1,5
2023-03-15,电子元件,0,1,0,0.0,-1.52,187183638127.11,1871.84,0,0,0,1,0,0,0,0,0,True,False,2,-1
2023-03-15,电池,1,1,0,50.0,-0.044999999999999984,1081915422730.17,10819.15,0,0,0,1,0,1,0,0,0,True,False,5,-1
2023-03-15,电网设备,1,0,0,100.0,1.37,178140724643.73,1781.41,0,0,0,0,0,1,0,0,0,False,True,-1,1
2023-03-15,石油行业,2,1,0,66.66666666666666,0.5866666666666667,2547113731348.16,25471.14,0,0,0,1,0,2,0,0,0,False,True,-1,1
2023-03-15,美容护理,0,1,0,0.0,-3.56,113392112400.0,1133.92,0,0,1,0,0,0,0,0,0,True,False,1,-1
2023-03-15,能源金属,0,2,0,0.0,-0.975,260204267862.41998,2602.04,0,0,0,2,0,0,0,0,0,True,False,1,-1
2023-03-15,航天航空,0,2,0,0.0,-0.8500000000000001,229657610709.77997,2296.58,0,0,0,2,0,0,0,0,0,True,False,2,-1
2023-03-15,航空机场,0,4,0,0.0,-0.87,581424094745.78,5814.24,0,0,0,4,0,0,0,0,0,True,False,2,-1
2023-03-15,航运港口,2,0,0,100.0,3.66,311104021346.30005,3111.04,0,0,0,0,0,1,1,0,0,False,True,-1,1
2023-03-15,船舶制造,1,0,0,100.0,0.35,116193699132.84,1161.94,0,0,0,0,0,1,0,0,0,False,True,-1,5
2023-03-15,计算机设备,1,0,0,100.0,0.46,365942493394.12,3659.42,0,0,0,0,0,1,0,0,0,False,True,-1,1
2023-03-15,证券,8,1,0,88.88888888888889,0.61,1383305640149.9302,13833.06,0,0,0,1,0,8,0,0,0,False,True,-1,1
2023-03-15,贵金属,0,1,0,0.0,-1.75,311198995876.8,3111.99,0,0,0,1,0,0,0,0,0,True,False,2,-1
2023-03-15,软件开发,1,1,0,50.0,-2.0900000000000003,254148037530.63998,2541.48,0,0,1,0,1,0,0,0,0,True,False,2,-1
2023-03-15,通信服务,2,2,0,50.0,0.6875,3067697519402.41,30676.98,0,0,0,2,0,1,0,1,0,False,True,-1,5
2023-03-15,通信设备,0,1,0,0.0,-2.13,156339073889.08,1563.39,0,0,0,1,0,0,0,0,0,True,False,2,-1
2023-03-15,酿酒行业,0,7,0,0.0,-1.23,4166642143028.32,41666.42,0,0,0,7,0,0,0,0,0,True,False,2,-1
2023-03-15,钢铁行业,1,0,0,100.0,3.22,149824607574.82,1498.25,0,0,0,0,0,0,1,0,0,False,True,-1,1
2023-03-15,银行,15,0,0,100.0,1.12,8519839504560.439,85198.40,0,0,0,0,0,15,0,0,0,False,True,-1,1
2023-03-15,非金属材料,0,1,0,0.0,-1.1,100523056193.23,1005.23,0,0,0,1,0,0,0,0,0,True,False,2,-1
2023-03-15,食品饮料,1,2,0,33.33333333333333,-0.6966666666666667,767805358999.3999,7678.05,0,0,0,2,1,0,0,0,0,True,False,2,-1
2023-03-16,中药,0,1,0,0.0,-2.78,174268176108.5,1742.68,0,0,0,1,0,0,0,0,0,True,False,3,-1
2023-03-16,互联网服务,1,1,0,50.0,-0.6799999999999999,366197161065.43,3661.97,0,0,0,1,1,0,0,0,0,True,False,3,-1
2023-03-16,交运设备,0,1,0,0.0,-1.61,175350059577.68002,1753.50,0,0,0,1,0,0,0,0,0,True,False,1,-1
2023-03-16,保险,0,4,0,0.0,-1.5775000000000001,2260188686270.5,22601.89,0,0,0,4,0,0,0,0,0,True,False,1,-1
2023-03-16,光伏设备,0,8,0,0.0,-5.3875,1246516206402.04,12465.16,1,5,1,1,0,0,0,0,0,True,False,1,-1
2023-03-16,光学光电子,0,1,0,0.0,-1.21,156223126391.88998,1562.23,0,0,0,1,0,0,0,0,0,True,False,1,-1
2023-03-16,农牧饲渔,0,3,0,0.0,-3.3266666666666667,490113028048.07,4901.13,0,1,1,1,0,0,0,0,0,True,False,1,-1
2023-03-16,化学制品,0,1,0,0.0,-0.99,303770486065.5,3037.70,0,0,0,1,0,0,0,0,0,True,False,3,-1
2023-03-16,化学制药,0,1,0,0.0,-0.46,262751103666.06,2627.51,0,0,0,1,0,0,0,0,0,True,False,2,-1
2023-03-16,化学原料,0,1,0,0.0,-3.23,109927066400.0,1099.27,0,0,1,0,0,0,0,0,0,True,False,1,-1
2023-03-16,化纤行业,0,2,0,0.0,-2.3449999999999998,232246482522.5,2322.46,0,0,1,1,0,0,0,0,0,True,False,3,-1
2023-03-16,化肥行业,0,1,0,0.0,-1.98,123489286754.56,1234.89,0,0,0,1,0,0,0,0,0,True,False,1,-1
2023-03-16,医疗器械,1,2,0,33.33333333333333,-1.5066666666666666,618744863429.77,6187.45,0,0,1,1,0,1,0,0,0,True,False,2,-1
2023-03-16,医疗服务,1,1,0,50.0,0.07000000000000006,445337510868.58997,4453.38,0,0,0,1,0,1,0,0,0,False,True,-1,1
2023-03-16,半导体,1,2,0,33.33333333333333,-0.6933333333333334,654637607849.86,6546.38,0,0,0,2,0,1,0,0,0,True,False,2,-1
2023-03-16,家电行业,1,2,0,33.33333333333333,-0.39666666666666667,784144947044.1699,7841.45,0,0,0,2,1,0,0,0,0,True,False,1,-1
2023-03-16,小金属,0,1,0,0.0,-7.88,116203914336.54,1162.04,0,1,0,0,0,0,0,0,0,True,False,1,-1
2023-03-16,工程建设,2,4,0,33.33333333333333,-0.7983333333333333,990774088283.73,9907.74,0,0,0,4,0,2,0,0,0,True,False,1,-1
2023-03-16,工程机械,0,1,0,0.0,-1.03,147412278251.19,1474.12,0,0,0,1,0,0,0,0,0,True,False,1,-1
2023-03-16,房地产开发,0,3,0,0.0,-0.8533333333333334,464577159189.21,4645.77,0,0,0,3,0,0,0,0,0,True,False,1,-1
2023-03-16,旅游酒店,1,0,0,100.0,0.72,381207967447.44,3812.08,0,0,0,0,0,1,0,0,0,False,True,-1,1
2023-03-16,水泥建材,0,1,0,0.0,-0.74,155852488848.39,1558.52,0,0,0,1,0,0,0,0,0,True,False,1,-1
2023-03-16,汽车整车,1,4,0,20.0,-0.9780000000000001,1300777035247.89,13007.77,0,0,0,4,0,1,0,0,0,True,False,13,-1
2023-03-16,汽车零部件,0,1,0,0.0,-1.77,101577121396.44,1015.77,0,0,0,1,0,0,0,0,0,True,False,1,-1
2023-03-16,消费电子,1,1,0,50.0,-0.615,442709603170.02997,4427.10,0,0,1,0,0,1,0,0,0,True,False,1,-1
2023-03-16,煤炭行业,0,4,0,0.0,-3.4075,1004982757733.3999,10049.83,0,0,3,1,0,0,0,0,0,True,False,3,-1
2023-03-16,物流行业,1,2,0,33.33333333333333,-0.69,618084374672.02,6180.84,0,0,0,2,0,1,0,0,0,True,False,1,-1
2023-03-16,生物制品,0,2,0,0.0,-3.6849999999999996,332478289491.6,3324.78,0,1,0,1,0,0,0,0,0,True,False,1,-1
2023-03-16,电力行业,2,4,1,28.57142857142857,-0.5257142857142857,1353714371887.83,13537.14,0,0,0,4,1,2,0,0,0,True,False,1,-1
2023-03-16,电子元件,0,1,0,0.0,-0.74,185801228074.19,1858.01,0,0,0,1,0,0,0,0,0,True,False,3,-1
2023-03-16,电池,0,2,0,0.0,-1.8250000000000002,1070949227696.54,10709.49,0,0,0,2,0,0,0,0,0,True,False,6,-1
2023-03-16,电网设备,0,1,0,0.0,-2.63,173454572548.63,1734.55,0,0,0,1,0,0,0,0,0,True,False,1,-1
2023-03-16,石油行业,0,3,0,0.0,-3.2399999999999998,2461695694362.46,24616.96,0,1,1,1,0,0,0,0,0,True,False,1,-1
2023-03-16,美容护理,1,0,0,100.0,3.62,117500788800.00002,1175.01,0,0,0,0,0,0,1,0,0,False,True,-1,1
2023-03-16,能源金属,0,2,0,0.0,-3.0,252381592802.87,2523.82,0,0,1,1,0,0,0,0,0,True,False,2,-1
2023-03-16,航天航空,0,2,0,0.0,-2.4450000000000003,224093531105.86,2240.94,0,0,0,2,0,0,0,0,0,True,False,3,-1
2023-03-16,航空机场,0,4,0,0.0,-1.9425,569936180540.44,5699.36,0,0,0,4,0,0,0,0,0,True,False,3,-1
2023-03-16,航运港口,1,1,0,50.0,-0.8400000000000001,307956847415.33997,3079.57,0,0,0,1,0,1,0,0,0,True,False,1,-1
2023-03-16,船舶制造,0,1,0,0.0,-4.23,111274027499.04,1112.74,0,0,1,0,0,0,0,0,0,True,False,1,-1
2023-03-16,计算机设备,0,1,0,0.0,-2.74,355923085309.88995,3559.23,0,0,0,1,0,0,0,0,0,True,False,1,-1
2023-03-16,证券,0,9,0,0.0,-0.9300000000000002,1369713702056.87,13697.14,0,0,0,9,0,0,0,0,0,True,False,1,-1
2023-03-16,贵金属,0,1,0,0.0,-3.64,299877881813.60004,2998.78,0,0,1,0,0,0,0,0,0,True,False,3,-1
2023-03-16,软件开发,2,0,0,100.0,0.9299999999999999,256364448157.11002,2563.64,0,0,0,0,0,2,0,0,0,False,True,-1,1
2023-03-16,通信服务,2,2,0,50.0,0.2124999999999999,3074884920009.94,30748.85,0,0,0,2,0,1,1,0,0,False,True,-1,6
2023-03-16,通信设备,0,1,0,0.0,-1.79,153544767509.36002,1535.45,0,0,0,1,0,0,0,0,0,True,False,3,-1
2023-03-16,酿酒行业,4,3,0,57.14285714285714,0.16428571428571423,4169167051545.24,41691.67,0,0,0,3,2,2,0,0,0,False,True,-1,1
2023-03-16,钢铁行业,0,1,0,0.0,-3.42,144704301521.0,1447.04,0,0,1,0,0,0,0,0,0,True,False,1,-1
2023-03-16,银行,10,4,1,66.66666666666666,0.5413333333333334,8595766242823.26,85957.66,0,0,0,4,1,10,0,0,0,False,True,-1,2
2023-03-16,食品饮料,1,2,0,33.33333333333333,-0.2333333333333333,766853186849.3999,7668.53,0,0,0,2,0,1,0,0,0,True,False,3,-1
2023-03-17,中药,0,1,0,0.0,-1.51,171643746245.0,1716.44,0,0,0,1,0,0,0,0,0,True,False,4,-1
2023-03-17,互联网服务,2,0,0,100.0,2.6900000000000004,376516237030.44995,3765.16,0,0,0,0,0,2,0,0,0,False,True,-1,1
2023-03-17,交运设备,1,0,0,100.0,2.13,179080911909.12,1790.81,0,0,0,0,0,1,0,0,0,False,True,-1,1
2023-03-17,保险,4,0,0,100.0,2.4325,2310694801079.6,23106.95,0,0,0,0,0,4,0,0,0,False,True,-1,1
2023-03-17,光伏设备,3,5,0,37.5,-1.19625,1230448594416.06,12304.49,0,1,0,4,1,2,0,0,0,True,False,2,-1
2023-03-17,光学光电子,1,0,0,100.0,1.96,159278835465.57,1592.79,0,0,0,0,0,1,0,0,0,False,True,-1,1
2023-03-17,农牧饲渔,1,2,0,33.33333333333333,-0.5633333333333332,486784850635.77,4867.85,0,0,0,2,0,1,0,0,0,True,False,2,-1
2023-03-17,化学制品,1,0,0,100.0,0.69,305874116304.92,3058.74,0,0,0,0,0,1,0,0,0,False,True,-1,1
2023-03-17,化学制药,0,1,0,0.0,-0.9,260390872824.68,2603.91,0,0,0,1,0,0,0,0,0,True,False,3,-1
2023-03-17,化学原料,0,1,0,0.0,-1.13,108680395200.0,1086.80,0,0,0,1,0,0,0,0,0,True,False,2,-1
2023-03-17,化纤行业,1,1,0,50.0,-0.44499999999999995,231180864011.8,2311.81,0,0,0,1,0,1,0,0,0,True,False,4,-1
2023-03-17,化肥行业,1,0,0,100.0,1.28,125064820989.44,1250.65,0,0,0,0,0,1,0,0,0,False,True,-1,1
2023-03-17,医疗器械,0,3,0,0.0,-3.0666666666666664,595199301975.4099,5951.99,0,0,1,2,0,0,0,0,0,True,False,3,-1
2023-03-17,医疗服务,1,1,0,50.0,-1.145,440123480816.0,4401.23,0,0,0,1,0,1,0,0,0,True,False,1,-1
2023-03-17,半导体,3,0,0,100.0,5.386666666666667,692410730817.61,6924.11,0,0,0,0,0,1,0,2,0,False,True,-1,1
2023-03-17,家电行业,2,1,0,66.66666666666666,-0.08333333333333333,784239206556.9299,7842.39,0,0,0,1,0,2,0,0,0,True,False,2,-1
2023-03-17,小金属,0,1,0,0.0,-0.19,115987921930.71,1159.88,0,0,0,1,0,0,0,0,0,True,False,2,-1
2023-03-17,工程建设,6,0,0,100.0,2.2966666666666664,1014916895549.6,10149.17,0,0,0,0,0,5,1,0,0,False,True,-1,1
2023-03-17,工程机械,1,0,0,100.0,0.58,148260938459.88998,1482.61,0,0,0,0,0,1,0,0,0,False,True,-1,1
2023-03-17,房地产开发,3,0,0,100.0,1.14,469378880062.98,4693.79,0,0,0,0,0,3,0,0,0,False,True,-1,1
2023-03-17,旅游酒店,1,0,0,100.0,0.56,383359580853.2,3833.60,0,0,0,0,0,1,0,0,0,False,True,-1,2
2023-03-17,水泥建材,0,1,0,0.0,-0.07,155746502796.81,1557.47,0,0,0,0,1,0,0,0,0,True,False,2,-1
2023-03-17,汽车整车,4,1,0,80.0,0.44000000000000006,1309699980310.31,13097.00,0,0,0,1,0,4,0,0,0,False,True,-1,1
2023-03-17,汽车零部件,1,0,0,100.0,0.17,101751652532.86,1017.52,0,0,0,0,0,1,0,0,0,False,True,-1,1
2023-03-17,消费电子,1,1,0,50.0,4.784999999999999,466409536163.18,4664.10,0,0,0,1,0,0,0,0,1,False,True,-1,1
2023-03-17,煤炭行业,4,0,0,100.0,1.525,1021606636553.5499,10216.07,0,0,0,0,0,4,0,0,0,False,True,-1,1
2023-03-17,物流行业,3,0,0,100.0,0.48333333333333334,620790436743.0,6207.90,0,0,0,0,0,3,0,0,0,False,True,-1,1
2023-03-17,生物制品,1,1,0,50.0,-0.605,329018714352.46,3290.19,0,0,1,0,0,1,0,0,0,True,False,2,-1
2023-03-17,电力行业,3,3,1,42.857142857142854,0.4442857142857143,1358077190603.1099,13580.77,0,0,0,2,2,3,0,0,0,False,True,-1,1
2023-03-17,电子元件,0,1,0,0.0,-2.7,180776699228.0,1807.77,0,0,0,1,0,0,0,0,0,True,False,4,-1
2023-03-17,电池,0,2,0,0.0,-2.52,1045171343547.52,10451.71,0,0,0,2,0,0,0,0,0,True,False,7,-1
2023-03-17,电网设备,1,0,0,100.0,5.6,183161601888.48,1831.62,0,0,0,0,0,0,0,1,0,False,True,-1,1
2023-03-17,石油行业,3,0,0,100.0,4.6,2579015262908.7,25790.15,0,0,0,0,0,0,2,1,0,False,True,-1,1
2023-03-17,美容护理,0,1,0,0.0,-3.77,113076226800.0,1130.76,0,0,1,0,0,0,0,0,0,True,False,1,-1
2023-03-17,能源金属,2,0,0,100.0,1.21,255453208967.76,2554.53,0,0,0,0,0,2,0,0,0,False,True,-1,1
2023-03-17,航天航空,2,0,0,100.0,0.44999999999999996,225119875077.89,2251.20,0,0,0,0,0,2,0,0,0,False,True,-1,1
2023-03-17,航空机场,3,1,0,75.0,1.1524999999999999,577134697514.96,5771.35,0,0,0,1,0,3,0,0,0,False,True,-1,1
2023-03-17,航运港口,2,0,0,100.0,0.36,308977277984.36,3089.77,0,0,0,0,0,2,0,0,0,False,True,-1,1
2023-03-17,船舶制造,1,0,0,100.0,0.88,112257961825.8,1122.58,0,0,0,0,0,1,0,0,0,False,True,-1,1
2023-03-17,计算机设备,1,0,0,100.0,6.16,377834688036.15,3778.35,0,0,0,0,0,0,0,1,0,False,True,-1,1
2023-03-17,证券,10,0,0,100.0,2.13,1495722159003.92,14957.22,0,0,0,0,0,8,1,1,0,False,True,-1,1
2023-03-17,贵金属,1,0,0,100.0,0.61,301720853870.4,3017.21,0,0,0,0,0,1,0,0,0,False,True,-1,1
2023-03-17,软件开发,2,0,0,100.0,11.215,286353082854.24,2863.53,0,0,0,0,0,0,0,1,1,False,True,-1,2
2023-03-17,通信服务,3,1,0,75.0,2.0250000000000004,3124617364994.98,31246.17,0,0,0,1,0,2,1,0,0,False,True,-1,7
2023-03-17,通信设备,1,0,0,100.0,6.97,164248381777.44,1642.48,0,0,0,0,0,0,0,1,0,False,True,-1,1
2023-03-17,酿酒行业,0,7,0,0.0,-2.017142857142857,4120063148841.34,41200.63,0,0,1,6,0,0,0,0,0,True,False,1,-1
2023-03-17,钢铁行业,1,0,0,100.0,1.85,147375765549.08002,1473.76,0,0,0,0,0,1,0,0,0,False,True,-1,1
2023-03-17,银行,7,7,1,46.666666666666664,-0.018666666666666668,8600819839184.6,86008.20,0,0,0,7,1,7,0,0,0,True,False,1,-1
2023-03-17,食品饮料,1,2,0,33.33333333333333,-0.3166666666666667,763957460283.13,7639.57,0,0,0,2,0,1,0,0,0,True,False,4,-1
2023-03-20,中药,0,1,0,0.0,-2.11,168023842985.0,1680.24,0,0,0,1,0,0,0,0,0,True,False,7,-1
2023-03-20,互联网服务,0,2,0,0.0,-1.145,371434786229.77,3714.35,0,0,0,2,0,0,0,0,0,True,False,3,-1
2023-03-20,交运设备,0,1,0,0.0,-1.92,175637048218.56,1756.37,0,0,0,1,0,0,0,0,0,True,False,3,-1
2023-03-20,保险,1,3,0,25.0,-0.22250000000000003,2299237957217.21,22992.38,0,0,0,3,0,1,0,0,0,True,False,3,-1
2023-03-20,光伏设备,7,1,0,87.5,2.21125,1253301174441.97,12533.01,0,0,0,1,0,4,3,0,0,False,True,-1,3
2023-03-20,光学光电子,1,0,0,100.0,1.44,161570617270.83002,1615.71,0,0,0,0,0,1,0,0,0,False,True,-1,4
2023-03-20,农牧饲渔,0,2,0,0.0,-1.255,381641525440.56995,3816.42,0,0,0,2,0,0,0,0,0,True,False,5,-1
2023-03-20,化学制品,0,1,0,0.0,-0.35,304806602452.08,3048.07,0,0,0,1,0,0,0,0,0,True,False,3,-1
2023-03-20,化学制药,0,1,0,0.0,-1.03,257711691869.6,2577.12,0,0,0,1,0,0,0,0,0,True,False,6,-1
2023-03-20,化学原料,1,0,0,100.0,1.28,110073733600.0,1100.74,0,0,0,0,0,1,0,0,0,False,True,-1,3
2023-03-20,化纤行业,0,2,0,0.0,-0.695,229574319276.78,2295.74,0,0,0,2,0,0,0,0,0,True,False,7,-1
2023-03-20,化肥行业,0,1,0,0.0,-0.83,124032574421.76,1240.33,0,0,0,1,0,0,0,0,0,True,False,3,-1
2023-03-20,医疗器械,1,2,0,33.33333333333333,-0.6466666666666666,589265938909.1,5892.66,0,0,1,1,0,1,0,0,0,True,False,6,-1
2023-03-20,医疗服务,0,2,0,0.0,-1.145,435085421428.05005,4350.85,0,0,0,2,0,0,0,0,0,True,False,4,-1
2023-03-20,半导体,3,1,0,75.0,2.6225,799976079769.43,7999.76,0,0,0,1,0,1,1,1,0,False,True,-1,4
2023-03-20,家电行业,1,2,0,33.33333333333333,-0.7166666666666668,779865987203.78,7798.66,0,0,0,2,0,1,0,0,0,True,False,5,-1
2023-03-20,小金属,0,1,0,0.0,-0.37,115555937119.04999,1155.56,0,0,0,1,0,0,0,0,0,True,False,5,-1
2023-03-20,工程建设,1,5,0,16.666666666666664,-0.73,1003189891798.85,10031.90,0,0,0,5,0,0,1,0,0,True,False,3,-1
2023-03-20,工程机械,0,1,0,0.0,-1.43,146139287938.13998,1461.39,0,0,0,1,0,0,0,0,0,True,False,3,-1
2023-03-20,房地产开发,0,3,0,0.0,-1.1166666666666665,464493724302.9,4644.94,0,0,0,3,0,0,0,0,0,True,False,3,-1
2023-03-20,旅游酒店,0,1,0,0.0,-1.42,377918481567.48,3779.18,0,0,0,1,0,0,0,0,0,True,False,3,-1
2023-03-20,水泥建材,0,1,0,0.0,-0.85,154421677152.06,1544.22,0,0,0,1,0,0,0,0,0,True,False,5,-1
2023-03-20,汽车整车,0,5,0,0.0,-0.6679999999999999,1298501932567.47,12985.02,0,0,0,5,0,0,0,0,0,True,False,3,-1
2023-03-20,汽车零部件,0,1,0,0.0,-0.86,100878996850.76001,1008.79,0,0,0,1,0,0,0,0,0,True,False,3,-1
2023-03-20,消费电子,2,0,0,100.0,5.305,494236474688.94,4942.36,0,0,0,0,0,1,0,1,0,False,True,-1,4
2023-03-20,煤炭行业,1,3,0,25.0,-0.3575,1023039934456.65,10230.40,0,0,0,3,0,1,0,0,0,True,False,3,-1
2023-03-20,物流行业,1,2,0,33.33333333333333,-0.5299999999999999,616336340141.71,6163.36,0,0,0,2,0,1,0,0,0,True,False,3,-1
2023-03-20,生物制品,1,1,0,50.0,-0.09999999999999998,328983329657.28,3289.83,0,0,0,1,0,1,0,0,0,True,False,5,-1
2023-03-20,电力行业,0,6,1,0.0,-0.9657142857142856,1344279853118.19,13442.80,0,0,0,6,1,0,0,0,0,True,False,3,-1
2023-03-20,电子元件,0,1,0,0.0,-0.43,180005739775.40997,1800.06,0,0,0,1,0,0,0,0,0,True,False,7,-1
2023-03-20,电池,2,0,0,100.0,2.3049999999999997,1059368713501.2,10593.69,0,0,0,0,0,1,1,0,0,False,True,-1,3
2023-03-20,电网设备,1,0,0,100.0,0.37,183831052187.78,1838.31,0,0,0,0,0,1,0,0,0,False,True,-1,4
2023-03-20,石油行业,0,3,0,0.0,-1.4333333333333333,2541377026454.86,25413.77,0,0,0,3,0,0,0,0,0,True,False,3,-1
2023-03-20,美容护理,0,1,0,0.0,-3.54,109077894000.0,1090.78,0,0,1,0,0,0,0,0,0,True,False,4,-1
2023-03-20,能源金属,2,0,0,100.0,1.085,258286792485.49,2582.87,0,0,0,0,0,2,0,0,0,False,True,-1,4
2023-03-20,航天航空,1,1,0,50.0,-0.20500000000000002,224563374219.39,2245.63,0,0,0,1,0,1,0,0,0,True,False,3,-1
2023-03-20,航空机场,0,4,0,0.0,-2.06,564682845677.66,5646.83,0,0,1,3,0,0,0,0,0,True,False,3,-1
2023-03-20,航运港口,0,2,0,0.0,-0.27,308189688862.83997,3081.90,0,0,0,2,0,0,0,0,0,True,False,3,-1
2023-03-20,船舶制造,0,1,0,0.0,-1.67,110379541747.44,1103.80,0,0,0,1,0,0,0,0,0,True,False,3,-1
2023-03-20,计算机设备,1,0,0,100.0,2.26,386355866874.13995,3863.56,0,0,0,0,0,1,0,0,0,False,True,-1,4
2023-03-20,证券,1,8,1,10.0,-0.808,1483114941381.77,14831.15,0,0,1,7,1,1,0,0,0,True,False,3,-1
2023-03-20,贵金属,1,0,0,100.0,2.97,310672432432.0,3106.72,0,0,0,0,0,1,0,0,0,False,True,-1,4
2023-03-20,软件开发,0,2,0,0.0,-3.04,277329078989.84,2773.29,0,0,1,1,0,0,0,0,0,True,False,3,-1
2023-03-20,通信服务,0,3,0,0.0,-9.52,2739314031114.03,27393.14,0,3,0,0,0,0,0,0,0,True,False,3,-1
2023-03-20,通信设备,0,1,0,0.0,-2.83,159606991519.6,1596.07,0,0,0,1,0,0,0,0,0,True,False,3,-1
2023-03-20,酿酒行业,1,6,0,14.285714285714285,-0.8414285714285714,4083728318527.56,40837.28,0,0,0,6,0,1,0,0,0,True,False,4,-1
2023-03-20,钢铁行业,0,1,0,0.0,-1.81,144704301521.0,1447.04,0,0,0,1,0,0,0,0,0,True,False,3,-1
2023-03-20,银行,7,7,1,46.666666666666664,0.16533333333333333,8608625419248.58,86086.25,0,0,0,7,1,6,1,0,0,False,True,-1,3
2023-03-20,食品饮料,0,2,1,0.0,-0.49,760687358659.44,7606.87,0,0,0,2,1,0,0,0,0,True,False,7,-1
2023-03-21,中药,1,0,0,100.0,1.04,169773462894.0,1697.73,0,0,0,0,0,1,0,0,0,False,True,-1,1
2023-03-21,互联网服务,1,1,0,50.0,-0.43000000000000005,372075459957.56995,3720.75,0,0,0,1,0,1,0,0,0,True,False,4,-1
2023-03-21,交运设备,1,0,0,100.0,0.65,176785002782.08002,1767.85,0,0,0,0,0,1,0,0,0,False,True,-1,1
2023-03-21,保险,2,2,0,50.0,-0.28,2299203065514.63,22992.03,0,0,1,1,0,2,0,0,0,True,False,4,-1
2023-03-21,光伏设备,4,3,1,50.0,0.765,1263406969748.81,12634.07,0,0,0,3,1,3,1,0,0,False,True,-1,4
2023-03-21,光学光电子,0,1,0,0.0,-0.24,161188653636.62,1611.89,0,0,0,1,0,0,0,0,0,True,False,1,-1
2023-03-21,农牧饲渔,2,0,0,100.0,0.5449999999999999,383818361453.22,3838.18,0,0,0,0,0,2,0,0,0,False,True,-1,1
2023-03-21,化学制品,1,0,0,100.0,0.97,307757964280.51996,3077.58,0,0,0,0,0,1,0,0,0,False,True,-1,1
2023-03-21,化学制药,1,0,0,100.0,2.97,265366494598.4,2653.66,0,0,0,0,0,1,0,0,0,False,True,-1,1
2023-03-21,化学原料,1,0,0,100.0,1.53,111760406400.0,1117.60,0,0,0,0,0,1,0,0,0,False,True,-1,4
2023-03-21,化纤行业,1,0,1,50.0,0.88,231599424276.78,2315.99,0,0,0,0,1,1,0,0,0,False,True,-1,1
2023-03-21,化肥行业,1,0,0,100.0,1.18,125499451123.20001,1254.99,0,0,0,0,0,1,0,0,0,False,True,-1,1
2023-03-21,医疗器械,3,0,0,100.0,5.493333333333333,617125539046.84,6171.26,0,0,0,0,0,0,2,1,0,False,True,-1,1
2023-03-21,医疗服务,2,0,0,100.0,5.545,459329680885.52,4593.30,0,0,0,0,0,1,0,1,0,False,True,-1,1
2023-03-21,半导体,2,2,0,50.0,0.27999999999999997,803088269821.6699,8030.88,0,0,0,2,0,2,0,0,0,False,True,-1,5
2023-03-21,家电行业,3,0,0,100.0,2.6466666666666665,801493782246.21,8014.94,0,0,0,0,0,1,2,0,0,False,True,-1,1
2023-03-21,小金属,1,0,0,100.0,6.54,123115671323.1,1231.16,0,0,0,0,0,0,0,1,0,False,True,-1,1
2023-03-21,工程建设,0,6,0,0.0,-1.6516666666666666,986443162334.48,9864.43,0,0,0,6,0,0,0,0,0,True,False,4,-1
2023-03-21,工程机械,1,0,0,100.0,0.46,146818216105.1,1468.18,0,0,0,0,0,1,0,0,0,False,True,-1,1
2023-03-21,房地产开发,1,2,0,33.33333333333333,-0.6466666666666666,461810984781.78,4618.11,0,0,0,2,0,1,0,0,0,True,False,4,-1
2023-03-21,旅游酒店,1,0,0,100.0,2.92,388945500272.0,3889.46,0,0,0,0,0,1,0,0,0,False,True,-1,1
2023-03-21,水泥建材,1,0,0,100.0,0.14,154633649255.22,1546.34,0,0,0,0,0,1,0,0,0,False,True,-1,1
2023-03-21,汽车整车,5,0,0,100.0,1.7200000000000002,1321294142810.1199,13212.94,0,0,0,0,0,4,1,0,0,False,True,-1,1
2023-03-21,汽车零部件,1,0,0,100.0,0.43,101315324691.81,1013.15,0,0,0,0,0,1,0,0,0,False,True,-1,1
2023-03-21,消费电子,1,1,0,50.0,-0.32999999999999996,491097535955.95996,4910.98,0,0,0,1,0,1,0,0,0,True,False,1,-1
2023-03-21,煤炭行业,0,4,0,0.0,-0.8525,1013655930656.95,10136.56,0,0,0,4,0,0,0,0,0,True,False,4,-1
2023-03-21,物流行业,1,2,0,33.33333333333333,0.31666666666666665,620867386473.1101,6208.67,0,0,0,2,0,1,0,0,0,False,True,-1,1
2023-03-21,生物制品,2,0,0,100.0,2.355,337405567885.12,3374.06,0,0,0,0,0,1,1,0,0,False,True,-1,1
2023-03-21,电力行业,2,5,0,28.57142857142857,-0.45142857142857146,1339926605088.3,13399.27,0,0,0,4,1,2,0,0,0,True,False,4,-1
2023-03-21,电子元件,1,0,0,100.0,1.54,182770559881.25,1827.71,0,0,0,0,0,1,0,0,0,False,True,-1,1
2023-03-21,电池,2,0,0,100.0,3.6950000000000003,1098078878175.89,10980.79,0,0,0,0,0,0,2,0,0,False,True,-1,4
2023-03-21,电网设备,0,1,0,0.0,-0.55,182826876738.83,1828.27,0,0,0,1,0,0,0,0,0,True,False,1,-1
2023-03-21,石油行业,0,3,0,0.0,-1.2066666666666668,2510309120644.38,25103.09,0,0,0,3,0,0,0,0,0,True,False,4,-1
2023-03-21,美容护理,1,0,0,100.0,2.35,111641760000.0,1116.42,0,0,0,0,0,1,0,0,0,False,True,-1,1
2023-03-21,能源金属,2,0,0,100.0,2.3099999999999996,264226676565.82,2642.27,0,0,0,0,0,2,0,0,0,False,True,-1,5
2023-03-21,航天航空,2,0,0,100.0,3.62,232770349247.68,2327.70,0,0,0,0,0,0,2,0,0,False,True,-1,1
2023-03-21,航空机场,3,1,0,75.0,1.08,570633338276.04,5706.33,0,0,0,1,0,2,1,0,0,False,True,-1,1
2023-03-21,航运港口,0,2,0,0.0,-0.315,307241146628.06,3072.41,0,0,0,2,0,0,0,0,0,True,False,4,-1
2023-03-21,船舶制造,1,0,0,100.0,1.78,112347410400.96,1123.47,0,0,0,0,0,1,0,0,0,False,True,-1,1
2023-03-21,计算机设备,0,1,0,0.0,-0.63,383921244349.0,3839.21,0,0,0,1,0,0,0,0,0,True,False,1,-1
2023-03-21,证券,9,0,1,90.0,0.466,1490317247240.9402,14903.17,0,0,0,0,1,9,0,0,0,False,True,-1,1
2023-03-21,贵金属,1,0,0,100.0,0.17,311198995876.8,3111.99,0,0,0,0,0,1,0,0,0,False,True,-1,5
2023-03-21,软件开发,1,2,0,33.33333333333333,-0.020000000000000018,375101617091.85,3751.02,0,0,0,2,0,1,0,0,0,True,False,4,-1
2023-03-21,通信服务,2,1,0,66.66666666666666,0.44999999999999996,2740493523196.2397,27404.94,0,0,0,1,0,2,0,0,0,False,True,-1,1
2023-03-21,通信设备,1,0,0,100.0,0.59,160554214021.19998,1605.54,0,0,0,0,0,1,0,0,0,False,True,-1,1
2023-03-21,酿酒行业,7,0,0,100.0,2.597142857142857,4197168252465.0503,41971.68,0,0,0,0,0,5,2,0,0,False,True,-1,1
2023-03-21,钢铁行业,0,1,0,0.0,-2.15,141587593488.24002,1415.88,0,0,0,1,0,0,0,0,0,True,False,4,-1
2023-03-21,银行,2,9,4,13.333333333333334,-0.5653333333333334,8520482680146.46,85204.83,0,0,0,9,4,2,0,0,0,True,False,1,-1
2023-03-21,食品饮料,3,0,0,100.0,0.9666666666666667,767077424800.84,7670.77,0,0,0,0,0,3,0,0,0,False,True,-1,1
2023-03-22,中药,1,0,0,100.0,0.72,170992163658.2,1709.92,0,0,0,0,0,1,0,0,0,False,True,-1,2
2023-03-22,互联网服务,1,1,0,50.0,-1.6899999999999997,359085554570.95,3590.86,0,1,0,0,0,1,0,0,0,True,False,5,-1
2023-03-22,交运设备,0,1,0,0.0,-1.14,174776082295.91998,1747.76,0,0,0,1,0,0,0,0,0,True,False,1,-1
2023-03-22,保险,2,2,0,50.0,0.044999999999999984,2298606331347.66,22986.06,0,0,0,2,0,2,0,0,0,False,True,-1,1
2023-03-22,光伏设备,3,5,0,37.5,-0.06875,1263092320056.8901,12630.92,0,0,0,5,1,2,0,0,0,True,False,1,-1
2023-03-22,光学光电子,1,0,0,100.0,3.32,166536144515.56,1665.36,0,0,0,0,0,0,1,0,0,False,True,-1,1
2023-03-22,农牧饲渔,1,1,0,50.0,0.6749999999999999,385369088040.89,3853.69,0,0,0,0,1,1,0,0,0,False,True,-1,2
2023-03-22,化学制品,0,1,0,0.0,-0.17,307224207354.1,3072.24,0,0,0,1,0,0,0,0,0,True,False,1,-1
2023-03-22,化学制药,1,0,0,100.0,2.48,271936866940.62003,2719.37,0,0,0,0,0,1,0,0,0,False,True,-1,2
2023-03-22,化学原料,0,1,0,0.0,-1.31,110293734400.0,1102.94,0,0,0,1,0,0,0,0,0,True,False,1,-1
2023-03-22,化纤行业,1,1,0,50.0,-0.32,230878189311.02002,2308.78,0,0,0,1,0,1,0,0,0,True,False,1,-1
2023-03-22,化肥行业,0,1,0,0.0,-0.65,124684519622.4,1246.85,0,0,0,1,0,0,0,0,0,True,False,1,-1
2023-03-22,医疗器械,1,2,0,33.33333333333333,-0.3866666666666667,617934491206.55,6179.34,0,0,0,1,1,1,0,0,0,True,False,1,-1
2023-03-22,医疗服务,1,1,0,50.0,-0.09499999999999997,459114389234.7,4591.14,0,0,0,1,0,1,0,0,0,True,False,1,-1
2023-03-22,半导体,3,1,0,75.0,1.4075000000000002,811885264622.13,8118.85,0,0,0,1,0,2,0,1,0,False,True,-1,6
2023-03-22,家电行业,0,3,0,0.0,-1.11,793079918061.4501,7930.80,0,0,0,3,0,0,0,0,0,True,False,1,-1
2023-03-22,小金属,1,0,0,100.0,2.11,125707580193.06001,1257.08,0,0,0,0,0,1,0,0,0,False,True,-1,2
2023-03-22,工程建设,1,5,0,16.666666666666664,-0.49833333333333335,983296661498.23,9832.97,0,0,0,5,0,1,0,0,0,True,False,5,-1
2023-03-22,工程机械,1,0,0,100.0,0.81,148006340397.28,1480.06,0,0,0,0,0,1,0,0,0,False,True,-1,2
2023-03-22,房地产开发,3,0,0,100.0,2.1566666666666667,470878252409.16003,4708.78,0,0,0,0,0,2,1,0,0,False,True,-1,1
2023-03-22,旅游酒店,0,1,0,0.0,-1.76,382097576836.36,3820.98,0,0,0,1,0,0,0,0,0,True,False,1,-1
2023-03-22,水泥建材,1,0,0,100.0,0.07,154739635306.8,1547.40,0,0,0,0,1,0,0,0,0,False,True,-1,2
2023-03-22,汽车整车,4,0,1,80.0,0.696,1335134486033.22,13351.34,0,0,0,0,1,4,0,0,0,False,True,-1,2
2023-03-22,汽车零部件,1,0,0,100.0,2.07,103409698328.84999,1034.10,0,0,0,0,0,1,0,0,0,False,True,-1,2
2023-03-22,消费电子,2,0,0,100.0,6.1,524508668967.31995,5245.09,0,0,0,0,0,1,0,0,1,False,True,-1,1
2023-03-22,煤炭行业,4,0,0,100.0,1.725,1029412972578.45,10294.13,0,0,0,0,0,4,0,0,0,False,True,-1,1
2023-03-22,物流行业,2,0,1,66.66666666666666,0.2233333333333333,621998723182.54,6219.99,0,0,0,0,1,2,0,0,0,False,True,-1,2
2023-03-22,生物制品,0,2,0,0.0,-2.745,328398777718.52,3283.99,0,0,1,1,0,0,0,0,0,True,False,1,-1
2023-03-22,电力行业,5,2,0,71.42857142857143,0.3457142857142857,1343971868213.89,13439.72,0,0,0,2,0,5,0,0,0,False,True,-1,1
2023-03-22,电子元件,0,1,0,0.0,-0.48,181893261193.82,1818.93,0,0,0,1,0,0,0,0,0,True,False,1,-1
2023-03-22,电池,2,0,0,100.0,1.545,1113649429402.5498,11136.49,0,0,0,0,0,2,0,0,0,False,True,-1,5
2023-03-22,电网设备,0,1,0,0.0,-0.7,181554921170.16,1815.55,0,0,0,1,0,0,0,0,0,True,False,2,-1
2023-03-22,石油行业,2,1,0,66.66666666666666,0.4366666666666667,2519983950536.76,25199.84,0,0,0,1,0,2,0,0,0,False,True,-1,1
2023-03-22,美容护理,1,0,0,100.0,1.24,113028627600.0,1130.29,0,0,0,0,0,1,0,0,0,False,True,-1,2
2023-03-22,能源金属,0,1,1,0.0,-0.235,263581203433.34,2635.81,0,0,0,1,1,0,0,0,0,True,False,1,-1
2023-03-22,航天航空,0,2,0,0.0,-2.18,227566575817.89,2275.67,0,0,1,1,0,0,0,0,0,True,False,1,-1
2023-03-22,航空机场,0,4,0,0.0,-0.4525,567926111680.14,5679.26,0,0,0,4,0,0,0,0,0,True,False,1,-1
2023-03-22,航运港口,2,0,0,100.0,0.27,308117800528.6,3081.18,0,0,0,0,0,2,0,0,0,False,True,-1,1
2023-03-22,船舶制造,0,1,0,0.0,-0.8,111452924649.36,1114.53,0,0,0,1,0,0,0,0,0,True,False,1,-1
2023-03-22,计算机设备,1,0,0,100.0,4.39,400776323369.19995,4007.76,0,0,0,0,0,0,1,0,0,False,True,-1,1
2023-03-22,证券,7,3,0,70.0,0.174,1492628346252.68,14926.28,0,0,0,3,0,7,0,0,0,False,True,-1,2
2023-03-22,贵金属,0,1,0,0.0,-0.68,309092742097.6,3090.93,0,0,0,1,0,0,0,0,0,True,False,1,-1
2023-03-22,软件开发,2,1,0,66.66666666666666,1.37,377270930861.95,3772.71,0,0,1,0,0,1,0,1,0,False,True,-1,1
2023-03-22,通信服务,3,0,0,100.0,1.1066666666666667,2760505465769.33,27605.05,0,0,0,0,0,3,0,0,0,False,True,-1,2
2023-03-22,通信设备,1,0,0,100.0,5.37,169173938785.76,1691.74,0,0,0,0,0,0,0,1,0,False,True,-1,2
2023-03-22,酿酒行业,3,4,0,42.857142857142854,-0.23999999999999996,4190439339726.4604,41904.39,0,0,0,3,1,3,0,0,0,True,False,1,-1
2023-03-22,钢铁行业,1,0,0,100.0,0.63,142478081497.6,1424.78,0,0,0,0,0,1,0,0,0,False,True,-1,1
2023-03-22,银行,13,1,1,86.66666666666667,0.868,8609404473493.03,86094.04,0,0,0,1,1,13,0,0,0,False,True,-1,1
2023-03-22,食品饮料,1,2,0,33.33333333333333,-0.02999999999999999,767502387572.98,7675.02,0,0,0,2,0,1,0,0,0,True,False,1,-1
2023-03-23,中药,0,1,0,0.0,-0.04,170919765593.0,1709.20,0,0,0,0,1,0,0,0,0,True,False,1,-1
2023-03-23,互联网服务,2,0,0,100.0,2.365,368335481163.34,3683.35,0,0,0,0,0,2,0,0,0,False,True,-1,1
2023-03-23,交运设备,1,0,0,100.0,0.33,175350059577.68002,1753.50,0,0,0,0,0,1,0,0,0,False,True,-1,1
2023-03-23,保险,4,0,0,100.0,1.5350000000000001,2330782901229.5,23307.83,0,0,0,0,0,3,1,0,0,False,True,-1,2
2023-03-23,光伏设备,2,6,0,25.0,-0.8562500000000001,1254243936839.43,12542.44,0,0,0,6,0,2,0,0,0,True,False,2,-1
2023-03-23,光学光电子,2,0,0,100.0,2.495,271084068955.79,2710.84,0,0,0,0,0,2,0,0,0,False,True,-1,2
2023-03-23,农牧饲渔,1,1,0,50.0,0.51,386526566166.33997,3865.27,0,0,0,0,1,1,0,0,0,False,True,-1,3
2023-03-23,化学制品,0,1,0,0.0,-0.76,304900794850.86,3049.01,0,0,0,1,0,0,0,0,0,True,False,2,-1
2023-03-23,化学制药,1,0,0,100.0,0.09,272192027031.58002,2721.92,0,0,0,0,1,0,0,0,0,False,True,-1,3
2023-03-23,化学原料,0,1,0,0.0,-0.53,109707065600.0,1097.07,0,0,0,1,0,0,0,0,0,True,False,2,-1
2023-03-23,化纤行业,0,1,1,0.0,-0.715,229259196360.24002,2292.59,0,0,0,1,1,0,0,0,0,True,False,2,-1
2023-03-23,化肥行业,0,1,0,0.0,-0.31,124304218255.36,1243.04,0,0,0,1,0,0,0,0,0,True,False,2,-1
2023-03-23,医疗器械,1,2,0,33.33333333333333,-0.7566666666666667,617658327715.4199,6176.58,0,0,0,2,0,1,0,0,0,True,False,2,-1
2023-03-23,医疗服务,1,1,0,50.0,-0.06499999999999995,458527842268.45996,4585.28,0,0,0,1,0,1,0,0,0,True,False,2,-1
2023-03-23,半导体,4,0,0,100.0,1.5325,818660412809.6599,8186.60,0,0,0,0,1,2,0,1,0,False,True,-1,7
2023-03-23,家电行业,1,2,0,33.33333333333333,-0.10000000000000002,792769595287.66,7927.70,0,0,0,2,0,1,0,0,0,True,False,2,-1
2023-03-23,小金属,1,0,0,100.0,0.34,126139565004.72,1261.40,0,0,0,0,0,1,0,0,0,False,True,-1,3
2023-03-23,工程建设,6,0,0,100.0,2.6283333333333334,1010177206576.77,10101.77,0,0,0,0,0,3,3,0,0,False,True,-1,1
2023-03-23,工程机械,0,1,0,0.0,-0.34,147497144272.06,1474.97,0,0,0,1,0,0,0,0,0,True,False,1,-1
2023-03-23,房地产开发,0,3,0,0.0,-0.45999999999999996,468908887607.04,4689.09,0,0,0,3,0,0,0,0,0,True,False,1,-1
2023-03-23,旅游酒店,0,1,0,0.0,-0.07,381828625160.64,3818.29,0,0,0,0,1,0,0,0,0,True,False,2,-1
2023-03-23,水泥建材,1,0,0,100.0,0.1,154898614384.17,1548.99,0,0,0,0,0,1,0,0,0,False,True,-1,3
2023-03-23,汽车整车,5,0,0,100.0,0.488,1343932268573.82,13439.32,0,0,0,0,0,5,0,0,0,False,True,-1,3
2023-03-23,汽车零部件,0,1,0,0.0,-0.42,102973370487.8,1029.73,0,0,0,1,0,0,0,0,0,True,False,1,-1
2023-03-23,消费电子,2,0,0,100.0,3.71,546325799829.0399,5463.26,0,0,0,0,0,1,0,1,0,False,True,-1,2
2023-03-23,煤炭行业,4,0,0,100.0,1.2449999999999999,1044089986965.1,10440.90,0,0,0,0,0,4,0,0,0,False,True,-1,2
2023-03-23,物流行业,3,0,0,100.0,0.8966666666666666,628520692158.44,6285.21,0,0,0,0,0,3,0,0,0,False,True,-1,3
2023-03-23,生物制品,0,2,0,0.0,-1.845,322091722316.44,3220.92,0,0,0,2,0,0,0,0,0,True,False,2,-1
2023-03-23,电力行业,4,3,0,57.14285714285714,0.23714285714285713,1345579503636.6501,13455.80,0,0,0,3,0,4,0,0,0,False,True,-1,2
2023-03-23,电子元件,0,1,0,0.0,-0.61,180776699228.0,1807.77,0,0,0,1,0,0,0,0,0,True,False,2,-1
2023-03-23,电池,0,2,0,0.0,-0.18,1111441995343.17,11114.42,0,0,0,2,0,0,0,0,0,True,False,1,-1
2023-03-23,电网设备,0,1,0,0.0,-0.55,180550745721.21,1805.51,0,0,0,1,0,0,0,0,0,True,False,3,-1
2023-03-23,石油行业,3,0,0,100.0,1.12,2548551220959.9,25485.51,0,0,0,0,0,3,0,0,0,False,True,-1,2
2023-03-23,美容护理,0,1,0,0.0,-1.47,111362655600.00002,1113.63,0,0,0,1,0,0,0,0,0,True,False,1,-1
2023-03-23,能源金属,1,1,0,50.0,-0.195,263092595778.00003,2630.93,0,0,0,1,1,0,0,0,0,True,False,2,-1
2023-03-23,航天航空,2,0,0,100.0,0.9650000000000001,229805855358.61,2298.06,0,0,0,0,0,2,0,0,0,False,True,-1,1
2023-03-23,航空机场,1,3,0,25.0,-0.6,564169670884.1199,5641.70,0,0,0,3,0,1,0,0,0,True,False,2,-1
2023-03-23,航运港口,2,0,0,100.0,2.0700000000000003,314987255064.44,3149.87,0,0,0,0,0,1,1,0,0,False,True,-1,2
2023-03-23,船舶制造,1,0,0,100.0,0.12,111587097512.09999,1115.87,0,0,0,0,0,1,0,0,0,False,True,-1,1
2023-03-23,计算机设备,1,0,0,100.0,4.67,419504188947.19995,4195.04,0,0,0,0,0,0,1,0,0,False,True,-1,2
2023-03-23,证券,10,0,0,100.0,1.7559999999999998,1517170072607.5698,15171.70,0,0,0,0,0,9,0,1,0,False,True,-1,3
2023-03-23,贵金属,1,0,0,100.0,3.41,319624010993.60004,3196.24,0,0,0,0,0,0,1,0,0,False,True,-1,1
2023-03-23,软件开发,3,0,0,100.0,7.463333333333334,407142534970.48,4071.43,0,0,0,0,0,1,0,0,2,False,True,-1,2
2023-03-23,通信服务,4,0,0,100.0,3.9325,2906744580549.0,29067.45,0,0,0,0,0,3,0,0,1,False,True,-1,3
2023-03-23,通信设备,1,0,0,100.0,2.46,173341717792.80002,1733.42,0,0,0,0,0,1,0,0,0,False,True,-1,3
2023-03-23,酿酒行业,7,0,0,100.0,1.1514285714285715,4217295241981.88,42172.95,0,0,0,0,1,6,0,0,0,False,True,-1,1
2023-03-23,钢铁行业,1,0,0,100.0,0.16,142700703499.94,1427.01,0,0,0,0,0,1,0,0,0,False,True,-1,2
2023-03-23,银行,13,1,1,86.66666666666667,0.7746666666666666,8662751689785.279,86627.52,0,0,0,1,1,13,0,0,0,False,True,-1,2
2023-03-23,食品饮料,2,1,0,66.66666666666666,0.12333333333333334,767664658924.88,7676.65,0,0,0,1,0,2,0,0,0,False,True,-1,1
2023-03-24,中药,0,1,0,0.0,-0.73,169664865796.2,1696.65,0,0,0,1,0,0,0,0,0,True,False,2,-1
2023-03-24,互联网服务,2,0,0,100.0,2.55,379175109870.36,3791.75,0,0,0,0,0,1,1,0,0,False,True,-1,2
2023-03-24,交运设备,0,1,0,0.0,-2.29,171332218605.36,1713.32,0,0,0,1,0,0,0,0,0,True,False,1,-1
2023-03-24,保险,0,4,0,0.0,-1.9875,2287236647745.5103,22872.37,0,0,0,4,0,0,0,0,0,True,False,1,-1
2023-03-24,光伏设备,6,2,0,75.0,0.72,1264695817772.71,12646.96,0,0,0,2,0,6,0,0,0,False,True,-1,1
2023-03-24,光学光电子,1,0,0,100.0,0.67,171501671760.29,1715.02,0,0,0,0,0,1,0,0,0,False,True,-1,3
2023-03-24,农牧饲渔,2,0,0,100.0,0.22499999999999998,387160343195.46,3871.60,0,0,0,0,1,1,0,0,0,False,True,-1,4
2023-03-24,化学制品,0,1,0,0.0,-1.55,300159777445.6,3001.60,0,0,0,1,0,0,0,0,0,True,False,3,-1
2023-03-24,化学制药,0,1,0,0.0,-2.27,266004394825.80002,2660.04,0,0,0,1,0,0,0,0,0,True,False,1,-1
2023-03-24,化学原料,0,1,0,0.0,-1.54,108020392800.0,1080.20,0,0,0,1,0,0,0,0,0,True,False,3,-1
2023-03-24,化纤行业,2,0,0,100.0,1.5699999999999998,232943912105.96,2329.44,0,0,0,0,0,1,1,0,0,False,True,-1,1
2023-03-24,化肥行业,0,1,0,0.0,-0.57,123597944288.0,1235.98,0,0,0,1,0,0,0,0,0,True,False,3,-1
2023-03-24,医疗器械,0,3,0,0.0,-1.7999999999999998,604659345252.75,6046.59,0,0,0,3,0,0,0,0,0,True,False,3,-1
2023-03-24,医疗服务,0,2,0,0.0,-0.41000000000000003,456677126239.48,4566.77,0,0,0,2,0,0,0,0,0,True,False,3,-1
2023-03-24,半导体,2,2,0,50.0,-1.0750000000000002,803999387790.01,8039.99,0,0,1,1,1,1,0,0,0,True,False,1,-1
2023-03-24,家电行业,2,1,0,66.66666666666666,0.03666666666666668,793837637451.54,7938.38,0,0,0,1,0,2,0,0,0,False,True,-1,1
2023-03-24,小金属,1,0,0,100.0,0.86,127219527033.87,1272.20,0,0,0,0,0,1,0,0,0,False,True,-1,4
2023-03-24,工程建设,0,6,0,0.0,-3.763333333333333,970172174669.18,9701.72,0,1,3,2,0,0,0,0,0,True,False,1,-1
2023-03-24,工程机械,0,1,0,0.0,-2.53,143763039353.78,1437.63,0,0,0,1,0,0,0,0,0,True,False,2,-1
2023-03-24,房地产开发,0,3,0,0.0,-1.1333333333333333,464603718843.99,4646.04,0,0,0,3,0,0,0,0,0,True,False,2,-1
2023-03-24,旅游酒店,1,0,0,100.0,0.95,385469817078.07996,3854.70,0,0,0,0,0,1,0,0,0,False,True,-1,1
2023-03-24,水泥建材,0,1,0,0.0,-0.96,153414809662.05,1534.15,0,0,0,1,0,0,0,0,0,True,False,1,-1
2023-03-24,汽车整车,2,3,0,40.0,0.06200000000000002,1344917774997.31,13449.18,0,0,0,3,0,2,0,0,0,False,True,-1,4
2023-03-24,汽车零部件,0,1,0,0.0,-2.12,100791731282.55,1007.92,0,0,0,1,0,0,0,0,0,True,False,2,-1
2023-03-24,消费电子,2,0,0,100.0,5.33,573663615702.0801,5736.64,0,0,0,0,0,0,1,1,0,False,True,-1,3
2023-03-24,煤炭行业,0,4,0,0.0,-2.1975,1026821663727.9,10268.22,0,1,0,3,0,0,0,0,0,True,False,1,-1
2023-03-24,物流行业,0,3,0,0.0,-0.8633333333333333,622675790912.5701,6226.76,0,0,0,3,0,0,0,0,0,True,False,1,-1
2023-03-24,生物制品,1,1,0,50.0,-0.32500000000000007,320682608396.57996,3206.83,0,0,0,1,0,1,0,0,0,True,False,3,-1
2023-03-24,电力行业,1,6,0,14.285714285714285,-0.7714285714285715,1336029128943.45,13360.29,0,0,0,6,0,1,0,0,0,True,False,1,-1
2023-03-24,电子元件,1,0,0,100.0,1.62,183701028186.09998,1837.01,0,0,0,0,0,1,0,0,0,False,True,-1,1
2023-03-24,电池,1,1,0,50.0,-0.245,1100699871946.5298,11007.00,0,0,0,1,0,1,0,0,0,True,False,2,-1
2023-03-24,电网设备,1,0,0,100.0,2.26,184634392546.94,1846.34,0,0,0,0,0,1,0,0,0,False,True,-1,1
2023-03-24,石油行业,0,3,0,0.0,-2.41,2488431443632.2397,24884.31,0,0,1,2,0,0,0,0,0,True,False,1,-1
2023-03-24,美容护理,1,0,0,100.0,1.06,112546144799.99998,1125.46,0,0,0,0,0,1,0,0,0,False,True,-1,1
2023-03-24,能源金属,0,2,0,0.0,-0.715,261197784353.68,2611.98,0,0,0,2,0,0,0,0,0,True,False,3,-1
2023-03-24,航天航空,1,1,0,50.0,-0.18000000000000002,229453643822.77997,2294.54,0,0,0,1,0,1,0,0,0,True,False,1,-1
2023-03-24,航空机场,0,4,0,0.0,-1.5525,555338288885.48,5553.38,0,0,0,4,0,0,0,0,0,True,False,3,-1
2023-03-24,航运港口,0,2,0,0.0,-1.02,311908786912.6,3119.09,0,0,0,2,0,0,0,0,0,True,False,1,-1
2023-03-24,船舶制造,0,1,0,0.0,-3.01,108232775943.59999,1082.33,0,0,1,0,0,0,0,0,0,True,False,1,-1
2023-03-24,计算机设备,0,1,0,0.0,-0.45,417631402389.4,4176.31,0,0,0,1,0,0,0,0,0,True,False,1,-1
2023-03-24,证券,3,7,0,30.0,-0.528,1510446998571.98,15104.47,0,0,0,7,0,3,0,0,0,True,False,1,-1
2023-03-24,贵金属,0,1,0,0.0,-1.07,316201348602.4,3162.01,0,0,0,1,0,0,0,0,0,True,False,1,-1
2023-03-24,软件开发,3,0,0,100.0,8.17,440146592192.32,4401.47,0,0,0,0,0,0,0,2,1,False,True,-1,3
2023-03-24,通信服务,0,3,0,0.0,-3.6133333333333333,2723052414815.31,27230.52,0,0,2,1,0,0,0,0,0,True,False,1,-1
2023-03-24,通信设备,0,1,0,0.0,-3.31,167611021658.12,1676.11,0,0,1,0,0,0,0,0,0,True,False,1,-1
2023-03-24,酿酒行业,5,2,0,71.42857142857143,0.5314285714285715,4224502982720.0503,42245.03,0,0,0,2,0,5,0,0,0,False,True,-1,2
2023-03-24,钢铁行业,0,1,0,0.0,-1.09,141142349483.56,1411.42,0,0,0,1,0,0,0,0,0,True,False,1,-1
2023-03-24,银行,1,13,1,6.666666666666667,-1.0766666666666667,8548353829926.09,85483.54,0,0,1,12,1,1,0,0,0,True,False,1,-1
2023-03-24,食品饮料,3,0,0,100.0,0.3833333333333333,770420908630.24,7704.21,0,0,0,0,0,3,0,0,0,False,True,-1,2
