股票代码,板块名称
002642,36
000948,35
300047,35
300166,35
000066,35
002065,35
300730,33
002298,33
002777,33
002579,32
300188,32
300520,32
300212,32
300287,32
002587,32
002717,31
002230,31
002232,31
300002,30
002197,30
301236,30
002340,30
000158,30
600100,30
000009,29
300353,29
002339,29
000997,29
000988,29
000969,28
300339,28
300678,28
300608,28
300248,28
600410,28
603019,28
300229,28
002362,28
000027,28
002236,28
300663,28
002241,27
601360,27
600271,27
601727,27
301248,27
000032,27
002421,27
000727,27
300007,27
603636,26
000851,26
000810,26
002261,26
600522,26
000725,26
600475,26
300075,26
600839,26
000070,26
000063,26
002024,26
002657,25
300352,25
600196,25
002131,25
002415,25
300036,25
002405,25
002401,25
002373,25
300433,25
002152,25
002008,25
300376,25
002354,25
002654,25
603496,25
002268,25
600633,25
300088,24
002635,24
300222,24
001339,24
300079,24
002396,24
600884,24
300168,24
603000,24
002183,24
300290,24
002212,24
300458,23
600736,23
300807,23
002279,23
300459,23
000100,23
600986,23
600487,23
002512,23
002063,23
000925,23
002682,23
002368,23
002602,23
002079,23
002803,23
002439,23
002217,23
002056,23
300024,23
002036,23
002467,22
300365,22
300379,22
300479,22
600797,22
300337,22
000676,22
300456,22
300250,22
300410,22
600089,22
002009,22
300020,22
300199,22
300324,22
600728,22
300115,22
300098,22
600406,22
300096,22
300634,22
600588,22
600718,22
300645,22
002151,22
002429,22
600208,22
002038,21
002681,21
600198,21
300603,21
000607,21
301091,21
300044,21
002419,21
603888,21
688022,21
300157,21
002280,21
300531,21
002528,21
601669,21
002383,21
002090,21
300364,21
600482,20
002045,20
000977,20
300712,20
000793,20
002184,20
600690,20
002599,20
601607,20
002465,20
000901,20
600869,20
600704,20
300418,20
001696,20
002385,20
000829,20
002140,20
002474,20
002253,20
003005,20
603825,20
300077,20
300182,20
000021,20
300184,20
300136,20
603212,20
300058,20
000555,20
300078,20
000400,20
300252,20
002030,19
300085,19
600460,19
600804,19
000826,19
300263,19
601390,19
002957,19
000938,19
600536,19
300113,19
300249,19
002975,19
002334,19
002558,19
300588,19
600811,19
300541,19
300579,19
603660,19
600880,19
002004,19
600332,19
002369,19
600637,19
002594,19
600640,19
603160,19
300003,19
600705,19
002431,19
002456,19
300496,19
002185,19
300052,19
603169,19
600571,19
300296,19
002276,19
301135,19
600206,19
600584,19
600105,19
000016,19
002266,19
000665,19
002489,19
300232,19
300490,19
002407,19
002117,19
300195,19
600580,18
000521,18
002010,18
300207,18
000513,18
002768,18
600875,18
002371,18
002758,18
600572,18
000837,18
002341,18
000881,18
301171,18
600710,18
002156,18
300043,18
300045,18
002178,18
002179,18
601138,18
300735,18
002137,18
002906,18
301136,18
601216,18
601222,18
603466,18
300674,18
601618,18
002885,18
301178,18
600764,18
300083,18
600330,18
301218,18
002292,18
002317,18
000909,18
600415,18
300328,18
600598,18
600420,18
600590,18
300133,18
002929,18
601899,18
002057,18
600166,18
300366,18
000651,18
002049,18
600501,18
600104,18
603005,18
300297,18
600118,18
000551,18
300237,18
300307,18
300227,18
300223,18
603799,18
300213,18
002672,17
300830,17
002987,17
300887,17
300131,17
002902,17
301153,17
002432,17
300500,17
600602,17
002223,17
000652,17
600476,17
300322,17
002544,17
002542,17
002080,17
300438,17
002537,17
002355,17
000990,17
300073,17
688158,17
002591,17
002449,17
002600,17
002273,17
600850,17
002699,17
300081,17
603927,17
600170,17
600171,17
603189,17
002869,17
300101,17
300632,17
002583,17
002582,17
001896,17
601399,17
300612,17
601186,17
600050,17
300542,17
300177,17
000050,17
002139,17
002460,17
600831,17
002400,17
300183,17
688396,17
600699,17
002402,17
000821,17
300482,17
000547,17
301339,17
002413,17
002475,17
002514,17
301316,17
002761,17
002380,17
600037,17
002530,17
300303,17
300170,17
300300,17
002519,17
003029,17
601766,17
002669,16
601106,16
000039,16
002990,16
000617,16
002097,16
300031,16
300369,16
300053,16
600895,16
600733,16
601179,16
000581,16
002925,16
300713,16
002123,16
002916,16
600378,16
002614,16
600120,16
000040,16
002126,16
600745,16
301013,16
002180,16
601012,16
000049,16
000625,16
300279,16
301165,16
002101,16
000061,16
002444,16
002878,16
002786,16
300563,16
300450,16
000875,16
300560,16
002792,16
000863,16
002375,16
603068,16
301311,16
300245,16
300244,16
300041,16
000735,16
300465,16
605589,16
301330,16
603986,16
300472,16
600335,16
000756,16
600008,16
002011,16
002422,16
002425,16
300499,16
002060,16
002757,16
600549,16
300567,16
002055,16
002310,16
300409,16
002585,16
002845,16
000564,16
300271,16
002564,16
002315,16
000333,16
603118,16
300602,16
600500,16
300598,16
300134,16
002335,16
301268,16
300378,16
600056,16
300650,16
002547,16
002822,16
000681,16
002093,15
300872,15
600845,15
600990,15
002938,15
600968,15
002044,15
300014,15
002085,15
002083,15
002050,15
300030,15
600981,15
002660,15
300802,15
300219,15
002364,15
300161,15
300545,15
002404,15
300187,15
002409,15
002420,15
300205,15
002426,15
300513,15
300510,15
601800,15
601801,15
601868,15
300793,15
002520,15
002534,15
603766,15
603956,15
002553,15
002559,15
002560,15
300413,15
300383,15
603803,15
002624,15
601989,15
002643,15
603626,15
300578,15
601608,15
300130,15
300781,15
002169,15
002171,15
002182,15
002908,15
300703,15
601200,15
688049,15
002226,15
002229,15
300067,15
300068,15
002243,15
300676,15
300675,15
688039,15
601231,15
300671,15
603501,15
300074,15
688035,15
002277,15
603528,15
002291,15
300624,15
300609,15
002316,15
300486,15
300691,15
688262,15
600446,15
600312,15
000818,15
000055,15
600502,15
688609,15
600565,15
000795,15
600219,15
000062,15
000503,15
600525,15
301179,15
600062,15
000155,15
600018,15
600405,15
000998,15
000413,15
600057,15
000630,15
600256,15
600596,15
600479,15
000600,15
688561,15
600741,15
600141,15
600158,15
301087,15
000883,15
000034,15
600606,15
300270,14
002554,14
301117,14
002555,14
300422,14
600160,14
600703,14
002709,14
601168,14
002204,14
688228,14
301120,14
300332,14
600477,14
300397,14
600143,14
600072,14
002665,14
002195,14
300386,14
002589,14
002601,14
600480,14
002174,14
002610,14
000650,14
603893,14
002603,14
002506,14
688051,14
601668,14
002403,14
000830,14
000852,14
002389,14
301312,14
002384,14
300556,14
000950,14
300562,14
000887,14
600038,14
601369,14
002350,14
300621,14
002344,14
000900,14
300594,14
000928,14
601598,14
002309,14
601718,14
301338,14
600570,14
300523,14
300448,14
300451,14
000723,14
301152,14
001289,14
002235,14
002238,14
300477,14
300485,14
600517,14
300493,14
300667,14
601808,14
002446,14
000967,14
601789,14
301396,14
601777,14
002424,14
688088,14
301233,14
000530,14
300086,14
000156,14
600787,14
002074,14
002127,14
000338,14
603066,14
600438,14
300900,14
002912,14
600268,14
688106,14
300169,14
600879,14
300018,14
300037,14
600267,14
002115,14
300162,14
002017,14
002819,14
300140,14
002937,14
600400,14
300091,14
002771,14
300123,14
603721,14
300253,14
002889,14
300070,14
002897,14
600996,14
000409,14
300057,14
002104,14
300240,14
000060,14
300233,14
600812,14
600739,14
002015,14
688590,14
000546,14
002091,14
002092,14
300217,14
002909,14
000539,14
300997,14
600765,14
300921,14
600459,14
002416,13
002411,13
603776,13
000058,13
000811,13
300050,13
600372,13
002448,13
300494,13
002920,13
300032,13
300040,13
688320,13
000917,13
600348,13
003010,13
600340,13
002329,13
600339,13
000008,13
300590,13
002338,13
300001,13
300585,13
600336,13
000012,13
002358,13
000823,13
300571,13
002970,13
002965,13
600355,13
603322,13
603328,13
600323,13
601678,13
600362,13
002466,13
601689,13
601717,13
300532,13
002886,13
600021,13
000759,13
002573,13
000682,13
000501,13
300167,13
600436,13
600096,13
000516,13
600489,13
000657,13
300360,13
600115,13
300351,13
002630,13
002639,13
603881,13
002649,13
002314,13
000540,13
000543,13
002745,13
300311,13
600150,13
300288,13
000584,13
002733,13
688568,13
600458,13
300254,13
300403,13
601928,13
601857,13
603106,13
002471,13
600011,13
600282,13
600388,13
601858,13
000753,13
002881,13
300476,13
603993,13
002498,13
300468,13
000566,13
000733,13
002870,13
600510,13
600035,13
688400,13
002533,13
002860,13
002536,13
002539,13
002543,13
000711,13
300432,13
603126,13
300428,13
600252,13
300335,13
300019,13
002153,13
600864,13
600655,13
002129,13
600871,13
300773,13
002121,13
001979,13
600642,13
002296,13
002168,13
601127,13
600893,13
600973,13
002116,13
002170,13
301027,13
002172,13
002249,13
301213,13
002281,13
000970,13
002106,13
600685,13
002181,13
002301,13
600941,13
300687,13
300660,13
600711,13
001270,13
002158,13
600820,13
601515,13
002046,13
600667,13
000993,13
001308,13
002138,13
002023,13
002237,13
300826,13
600862,13
002130,13
600863,13
002061,13
301221,13
300327,12
688525,12
300340,12
600126,12
002655,12
300273,12
301085,12
600481,12
300782,12
300766,12
300284,12
688521,12
300292,12
603843,12
603015,12
600157,12
300304,12
300770,12
000591,12
002313,12
300343,12
603882,12
600061,12
002563,12
600060,12
000701,12
002556,12
000705,12
601908,12
000709,12
002215,12
000713,12
300437,12
600048,12
000716,12
600039,12
600509,12
002517,12
300457,12
603936,12
601139,12
600070,12
300266,12
300346,12
002632,12
300350,12
601985,12
301112,12
002612,12
600098,12
300377,12
600679,12
300750,12
002190,12
601118,12
002596,12
600498,12
601965,12
688489,12
300373,12
000531,12
300264,12
300890,12
000046,12
300903,12
600309,12
002007,12
300895,12
600881,12
002002,12
300071,12
300097,12
300884,12
002089,12
600277,12
600760,12
300087,12
002100,12
300095,12
600366,12
600789,12
002932,12
002935,12
002993,12
300949,12
600848,12
002031,12
300925,12
835207,12
002026,12
300005,12
603308,12
300006,12
300009,12
300021,12
000030,12
600363,12
300033,12
603556,12
300862,12
600176,12
603056,12
603648,12
600982,12
000507,12
300181,12
002783,12
002125,12
300185,12
000538,12
300110,12
002747,12
688186,12
301058,12
300256,12
300262,12
000560,12
603773,12
300846,12
600225,12
002808,12
603077,12
300112,12
600938,12
603588,12
300114,12
600398,12
002837,12
603598,12
300124,12
603108,12
600956,12
300139,12
300147,12
603088,12
603613,12
603083,12
600026,12
688208,12
300471,12
300527,12
301238,12
000861,12
300469,12
601600,12
300605,12
300623,12
002272,12
301308,12
600629,12
300473,12
002376,12
000858,12
601238,12
300474,12
601615,12
688003,12
002308,12
002326,12
601728,12
601226,12
000966,12
002324,12
600585,12
000963,12
002437,12
688322,12
301199,12
300665,12
600624,12
000930,12
301175,12
000813,12
000801,12
002285,12
300657,12
600641,12
300546,12
600562,12
000987,12
000973,12
300648,12
000815,11
002353,11
002414,11
002141,11
300055,11
600195,11
002903,11
600600,11
000544,11
002135,11
300221,11
000541,11
300825,11
002410,11
301041,11
688597,11
300208,11
000065,11
000532,11
688365,11
600597,11
300260,11
000931,11
600708,11
600313,11
002434,11
002263,11
002161,11
688779,11
603011,11
600556,11
300278,11
603017,11
300276,11
603158,11
002701,11
300586,11
300274,11
300656,11
600188,11
300655,11
000807,11
603387,11
603138,11
301270,11
002722,11
300261,11
603690,11
600874,11
002149,11
600183,11
002349,11
600185,11
300051,11
600645,11
000078,11
600577,11
601688,11
600582,11
002841,11
600251,11
300555,11
600278,11
300552,11
603105,11
600583,11
600963,11
002111,11
000422,11
600238,11
000425,11
600418,11
300638,11
301302,11
600970,11
600756,11
000404,11
600905,11
000885,11
300566,11
300080,11
002861,11
600587,11
000876,11
300866,11
600276,11
002103,11
300626,11
002851,11
601633,11
600755,11
300644,11
600200,11
301189,11
300180,11
688100,11
000825,11
601038,11
688606,11
000519,11
600210,11
688619,11
000523,11
688599,11
600775,11
000069,11
600744,11
300197,11
600292,11
301327,11
002386,11
000498,11
002387,11
000099,11
300158,11
300159,11
688025,11
301313,11
600380,11
300172,11
600288,11
300165,11
600774,11
300072,11
002398,11
688360,11
002436,11
301269,11
000402,11
300484,11
002047,11
600338,11
002482,11
601933,11
300726,11
600064,11
000688,11
301162,11
002203,11
002205,11
688439,11
300419,11
600516,11
601919,11
605001,11
002580,11
600682,11
000703,11
601137,11
002605,11
002051,11
002472,11
000758,11
600490,11
601088,11
600081,11
688275,11
600079,11
300487,11
603316,11
002478,11
301169,11
688068,11
300738,11
300682,11
300423,11
000661,11
300607,11
601886,11
300466,11
301223,11
603283,11
002523,11
603228,11
601877,11
301151,11
000726,11
601872,11
603977,11
002992,11
600031,11
600028,11
000922,11
601888,11
301137,11
301121,11
000738,11
003035,11
601866,11
003031,11
600673,11
301131,11
002213,11
002214,11
300436,11
600019,11
301132,11
002497,11
300439,11
603203,11
603206,11
002535,11
300489,11
002598,11
600855,11
002176,11
000903,11
600540,11
000908,11
688306,11
600535,11
300331,11
600127,11
000778,11
300027,11
002451,11
300008,11
600533,11
002019,11
300507,11
000790,11
300323,11
002662,11
300034,11
601992,11
000035,11
603358,11
300316,11
000002,11
002441,11
000902,11
300768,11
000601,11
300514,11
603359,11
601798,11
000598,11
002640,11
301226,11
600114,11
300348,11
601117,11
300672,11
600521,11
300919,11
600108,11
600110,11
002463,11
002251,11
603906,11
300356,11
000768,11
300916,11
001229,11
600900,11
300613,11
300017,11
300344,11
600528,11
300015,11
601567,10
600360,10
600346,10
301259,10
601512,10
601628,10
300968,10
300888,10
300617,10
003007,10
600273,10
300066,10
600868,10
300065,10
600316,10
301219,10
301007,10
600628,10
600770,10
300956,10
301263,10
600379,10
301289,10
300049,10
300026,10
600626,10
601611,10
600325,10
600310,10
301001,10
300012,10
300584,10
600887,10
300620,10
003013,10
603185,10
300461,10
300084,10
600757,10
300374,10
600010,10
601108,10
300757,10
600111,10
600686,10
600116,10
300497,10
600688,10
600483,10
300345,10
600691,10
600531,10
300341,10
300338,10
300762,10
301095,10
600129,10
301183,10
600131,10
600547,10
600138,10
600548,10
300320,10
300319,10
600651,10
600499,10
600075,10
300684,10
601869,10
300688,10
300455,10
600660,10
600662,10
301139,10
601880,10
603232,10
600663,10
300693,10
601198,10
600020,10
300396,10
300427,10
301123,10
300716,10
601929,10
300408,10
300402,10
300400,10
600066,10
300398,10
301167,10
600071,10
300308,10
300661,10
600478,10
300537,10
301039,10
300190,10
300189,10
301191,10
301038,10
600435,10
600428,10
301326,10
600748,10
301031,10
603071,10
301318,10
300201,10
600227,10
300152,10
300144,10
300117,10
301212,10
603127,10
300105,10
300102,10
300099,10
600391,10
301217,10
600207,10
601318,10
300298,10
301366,10
600152,10
600153,10
600550,10
600552,10
601020,10
300275,10
600163,10
600167,10
300269,10
301185,10
600177,10
601298,10
600827,10
300525,10
601311,10
601011,10
301066,10
600998,10
600456,10
600734,10
300238,10
600449,10
300231,10
300823,10
300935,10
301086,10
002455,10
605398,10
000615,10
002648,10
002644,10
002641,10
000629,10
002617,10
603918,10
002609,10
000636,10
002590,10
002588,10
000638,10
002574,10
002527,10
002524,10
000680,10
002483,10
002459,10
605111,10
605117,10
605136,10
000762,10
605358,10
002666,10
002675,10
603859,10
000537,10
002862,10
000410,10
002848,10
002838,10
688676,10
000423,10
002812,10
002793,10
603659,10
603686,10
603687,10
002678,10
000550,10
000552,10
002741,10
002739,10
000568,10
603738,10
000572,10
002697,10
002696,10
002686,10
000767,10
002367,10
000401,10
002352,10
688295,10
000951,10
002150,10
002148,10
002146,10
688289,10
000958,10
002118,10
688110,10
002108,10
002094,10
002086,10
000999,10
688256,10
002076,10
002062,10
002035,10
688151,10
002028,10
002025,10
688213,10
001258,10
001322,10
000927,10
002166,10
002189,10
688018,10
002347,10
000792,10
688004,10
002321,10
000797,10
688375,10
002302,10
002294,10
688369,10
000812,10
688019,10
002202,10
002284,10
000816,10
002271,10
000828,10
688353,10
000850,10
002246,10
002239,10
688058,10
688317,10
002866,10
688187,10
002941,10
000088,10
002911,10
002913,10
000151,10
002947,10
000019,10
603366,10
688800,10
603280,10
000004,10
002917,10
002983,10
002922,10
300420,9
300407,9
835305,9
300806,9
300416,9
600095,9
600639,9
301196,9
688499,9
600988,9
600989,9
000959,9
688503,9
300430,9
000960,9
688508,9
688099,9
002128,9
600106,9
601949,9
601952,9
002552,9
605376,9
002549,9
002526,9
002505,9
002160,9
300460,9
300783,9
300787,9
300788,9
002518,9
601028,9
600354,9
301215,9
000937,9
003021,9
601881,9
002529,9
002157,9
601898,9
601018,9
600497,9
002545,9
300391,9
603211,9
600496,9
601956,9
600373,9
300390,9
600486,9
300855,9
600650,9
300857,9
300342,9
600298,9
600125,9
002105,9
002651,9
300334,9
300867,9
301163,9
688529,9
600128,9
300869,9
601991,9
002663,9
002099,9
300315,9
600133,9
600135,9
603867,9
300310,9
600888,9
688286,9
603895,9
301180,9
300370,9
688509,9
002162,9
601958,9
300384,9
002593,9
603920,9
600977,9
603338,9
000965,9
300842,9
002611,9
600967,9
300368,9
002615,9
600300,9
300363,9
600648,9
002985,9
600969,9
002112,9
300355,9
300354,9
300463,9
000936,9
002503,9
002227,9
002244,9
300677,9
002242,9
688002,9
688001,9
688819,9
601225,9
002351,9
688047,9
000868,9
000786,9
002361,9
002331,9
300569,9
688381,9
000877,9
688385,9
300565,9
002221,9
002370,9
300561,9
000777,9
000776,9
600523,9
002245,9
000796,9
300302,9
002304,9
600326,9
300639,9
601330,9
002293,9
301359,9
301358,9
000800,9
600578,9
688981,9
002303,9
301328,9
000831,9
688005,9
002972,9
688008,9
002311,9
002262,9
002318,9
002320,9
600359,9
002255,9
002323,9
002254,9
603195,9
000878,9
301298,9
002210,9
000921,9
601116,9
002187,9
600621,9
600622,9
300491,9
000719,9
002469,9
002470,9
600623,9
002479,9
002480,9
002167,9
002382,9
002484,9
300480,9
688298,9
600508,9
688297,9
000932,9
002491,9
601068,9
002494,9
603998,9
603260,9
605090,9
600738,9
600619,9
300503,9
688327,9
300710,9
000889,9
002394,9
300719,9
601700,9
000739,9
688399,9
301278,9
000895,9
002417,9
300731,9
605199,9
002955,9
000905,9
600511,9
002438,9
688305,9
601126,9
000915,9
002452,9
002454,9
002191,9
300306,9
002625,9
000524,9
600433,9
000528,9
688598,9
301109,9
603662,9
002027,9
002789,9
600805,9
603658,9
002020,9
300056,9
600692,9
603678,9
600223,9
000488,9
300980,9
600226,9
301099,9
600693,9
603078,9
600795,9
002815,9
300151,9
301110,9
600201,9
300148,9
603266,9
600180,9
603716,9
603712,9
603708,9
002034,9
603701,9
300939,9
000559,9
000554,9
300942,9
001222,9
000529,9
600192,9
002762,9
300203,9
688152,9
300200,9
688595,9
688153,9
300054,9
603060,9
000533,9
300988,9
002012,9
002995,9
603538,9
300063,9
600257,9
688172,9
600258,9
002858,9
300094,9
600395,9
603128,9
600392,9
301060,9
603533,9
300062,9
600730,9
603259,9
001319,9
600390,9
603421,9
603515,9
688182,9
000301,9
001309,9
301047,9
002850,9
600717,9
300993,9
603603,9
688207,9
603097,9
603098,9
300137,9
000426,9
600777,9
002001,9
600386,9
300059,9
688201,9
603601,9
001283,9
688165,9
301009,9
600767,9
688681,9
300118,9
688193,9
600248,9
301017,9
000417,9
301018,9
600179,9
003040,9
002713,9
603733,9
600860,9
301150,9
688253,9
002729,9
600859,9
000592,9
002707,9
603728,9
002689,9
300918,9
002732,9
688575,9
002053,9
600169,9
002077,9
301149,9
603025,9
600851,9
300283,9
002708,9
300272,9
001208,9
000582,9
688247,9
002037,9
002714,9
603777,9
688128,9
002073,9
002716,9
600289,9
603390,9
300259,9
002059,9
600853,9
688126,9
603718,9
600846,9
688125,9
300889,9
000599,9
002041,9
688579,9
603392,9
000597,9
300236,9
002738,9
300235,9
002683,9
600668,9
688559,9
002042,9
000975,8
000006,8
600658,8
001301,8
301078,8
601211,8
600327,8
601208,8
300860,8
688248,8
688168,8
600576,8
301079,8
603298,8
688200,8
601199,8
301046,8
301083,8
300709,8
600737,8
003030,8
600343,8
300706,8
300854,8
001314,8
002068,8
002067,8
301361,8
002218,8
300699,8
300698,8
600886,8
688328,8
600876,8
301321,8
601212,8
000859,8
688270,8
002264,8
600345,8
830799,8
688038,8
600721,8
688190,8
001323,8
300873,8
301159,8
002095,8
300666,8
300881,8
603227,8
600750,8
688171,8
000981,8
688119,8
003037,8
002269,8
600763,8
600328,8
301317,8
600712,8
688041,8
300679,8
002081,8
688191,8
002980,8
301024,8
002240,8
300680,8
000882,8
002145,8
301285,8
300832,8
688290,8
600985,8
301216,8
600821,8
688147,8
300953,8
300786,8
300785,8
600819,8
688232,8
002206,8
688218,8
300780,8
000962,8
003009,8
000933,8
300836,8
600980,8
301107,8
600808,8
300945,8
300828,8
300797,8
601016,8
600995,8
600993,8
300814,8
000955,8
300812,8
000957,8
600636,8
600635,8
301205,8
838402,8
301127,8
301126,8
301125,8
600630,8
603289,8
300929,8
600676,8
000961,8
301211,8
002022,8
600979,8
300769,8
600697,8
301266,8
001255,8
600601,8
688244,8
300732,8
600867,8
000899,8
300996,8
601155,8
300724,8
600783,8
300722,8
601336,8
002110,8
603258,8
601158,8
688246,8
600776,8
603290,8
300990,8
002194,8
002054,8
300740,8
688215,8
300975,8
603220,8
300976,8
300977,8
300978,8
688138,8
688076,8
301231,8
000919,8
300844,8
872808,8
300751,8
600790,8
603197,8
300748,8
001238,8
300747,8
600649,8
002082,8
600353,8
002288,8
300317,8
300299,8
688767,8
000603,8
600295,8
300039,8
601999,8
000609,8
688533,8
002728,8
600376,8
002664,8
002659,8
002658,8
002653,8
603871,8
300336,8
002685,8
300293,8
688560,8
002690,8
603026,8
603023,8
600468,8
300265,8
600162,8
688567,8
002698,8
002923,8
603806,8
603808,8
603013,8
603809,8
688565,8
603010,8
300286,8
300035,8
002645,8
603357,8
300393,8
002577,8
300406,8
002572,8
002571,8
002570,8
300412,8
002568,8
002567,8
002566,8
002565,8
600085,8
600491,8
600495,8
002551,8
002550,8
600101,8
300389,8
600122,8
300382,8
600119,8
000628,8
000631,8
002626,8
002623,8
000632,8
601988,8
688520,8
600113,8
600112,8
002608,8
002607,8
002597,8
600109,8
002592,8
002727,8
300251,8
002540,8
002829,8
603121,8
002840,8
600387,8
603595,8
300122,8
603600,8
300125,8
603609,8
000567,8
603100,8
600237,8
600236,8
002824,8
002823,8
002821,8
600416,8
603579,8
300109,8
603123,8
300103,8
002892,8
603486,8
002887,8
000166,8
300076,8
600272,8
002875,8
300082,8
603529,8
600266,8
000408,8
600259,8
603408,8
603567,8
603568,8
603090,8
002820,8
300145,8
300198,8
603051,8
600187,8
002756,8
603042,8
300218,8
002751,8
300220,8
300226,8
300228,8
000563,8
002742,8
002737,8
600463,8
300241,8
603030,8
002765,8
600287,8
600233,8
300194,8
300149,8
600422,8
000150,8
603618,8
603619,8
600222,8
002799,8
603650,8
600216,8
300173,8
600284,8
300175,8
002782,8
600203,8
600448,8
603959,8
688516,8
601666,8
601799,8
601588,8
600519,8
002322,8
000729,8
300504,8
601811,8
600032,8
300498,8
300604,8
002538,8
601555,8
300581,8
688387,8
600009,8
688007,8
300013,8
688772,8
002312,8
300495,8
000766,8
002307,8
002445,8
600546,8
000721,8
002325,8
300587,8
600025,8
300538,8
688380,8
000732,8
002342,8
002418,8
002423,8
002430,8
600027,8
000731,8
300516,8
002336,8
605123,8
002953,8
002332,8
300512,8
601698,8
000028,8
002328,8
600518,8
002399,8
605056,8
002337,8
000025,8
300010,8
600073,8
688459,8
688012,8
000717,8
300631,8
688432,8
000779,8
601636,8
000690,8
000785,8
600063,8
002510,8
003816,8
000685,8
600067,8
603324,8
603131,8
300467,8
603989,8
603299,8
300548,8
603330,8
300481,8
002973,8
300580,8
000671,8
688009,8
002363,8
600006,8
600506,8
600053,8
600055,8
603999,8
605365,8
600557,8
002356,8
603969,8
600581,7
600683,7
600352,7
600211,7
600350,7
600684,7
600425,7
600537,7
000505,7
000860,7
001228,7
000031,7
688209,7
688630,7
688608,7
000670,7
301097,7
000819,7
600396,7
600579,7
600720,7
600559,7
000822,7
301336,7
301063,7
001298,7
600567,7
600694,7
688733,7
600568,7
301349,7
001300,7
000806,7
688368,7
301052,7
000159,7
000799,7
301389,7
688707,7
000838,7
600229,7
600230,7
688663,7
600320,7
301090,7
301089,7
688333,7
688348,7
600444,7
600551,7
001266,7
600358,7
600409,7
301319,7
600242,7
688678,7
688198,7
688205,7
688388,7
688737,7
000722,7
600375,7
301363,7
000968,7
688403,7
600299,7
831832,7
301227,7
688401,7
000620,7
301186,7
301235,7
600123,7
600620,7
688273,7
000728,7
000619,7
000982,7
301166,7
688416,7
688418,7
000918,7
000666,7
301208,7
688496,7
600337,7
600084,7
600368,7
600088,7
000056,7
000683,7
000686,7
600644,7
600369,7
000663,7
600099,7
600643,7
000656,7
688419,7
000639,7
000059,7
000983,7
301160,7
688219,7
600586,7
000571,7
600168,7
688318,7
001213,7
600466,7
000090,7
001216,7
600461,7
600315,7
000755,7
600000,7
600675,7
000553,7
600526,7
600678,7
600190,7
301115,7
301300,7
301282,7
688389,7
688787,7
600612,7
000610,7
688268,7
600657,7
600030,7
600136,7
688538,7
000605,7
301255,7
600611,7
600515,7
000913,7
600151,7
000898,7
600331,7
301276,7
600512,7
000573,7
600161,7
000153,7
603261,7
300777,7
002305,7
002365,7
300568,7
605399,7
603633,7
601619,7
002345,7
300592,7
300164,7
300614,7
601377,7
002805,7
300619,7
002299,7
002806,7
002297,7
002810,7
688010,7
300625,7
002366,7
002372,7
300559,7
300558,7
601778,7
002412,7
002406,7
300530,7
002397,7
605222,7
300176,7
601699,7
300540,7
002393,7
002392,7
002390,7
002388,7
300547,7
300551,7
603069,7
300557,7
300627,7
603081,7
002846,7
603109,7
002250,7
601228,7
002234,7
603610,7
603608,7
300696,7
688052,7
002832,7
300120,7
601333,7
300711,7
688060,7
603113,7
601166,7
002843,7
300717,7
300721,7
300723,7
603611,7
300670,7
300135,7
002256,7
300642,7
300643,7
603612,7
688023,7
601326,7
688027,7
300649,7
688031,7
601319,7
002274,7
002270,7
002267,7
002818,7
300146,7
300659,7
601258,7
300664,7
601788,7
002433,7
300505,7
002622,7
300333,7
603876,7
603877,7
603883,7
603887,7
603890,7
300347,7
002631,7
603908,7
603667,7
300359,7
002613,7
300387,7
300388,7
603050,7
002584,7
002581,7
300399,7
300224,7
002656,7
603869,7
002667,7
300267,7
300247,7
300246,7
002705,7
002735,7
603815,7
603007,7
002736,7
300294,7
603003,7
603836,7
300234,7
002673,7
603717,7
601995,7
603868,7
300318,7
002578,7
601939,7
002576,7
601878,7
603978,7
603693,7
002508,7
002507,7
300464,7
603990,7
002493,7
002490,7
002488,7
002486,7
601865,7
002773,7
605005,7
002481,7
603679,7
002776,7
002461,7
002516,7
002522,7
300404,7
603967,7
603929,7
300414,7
300415,7
300210,7
603699,7
603939,7
002561,7
603949,7
300424,7
601918,7
300426,7
300434,7
300435,7
002541,7
601901,7
603698,7
300206,7
601156,7
002222,7
300729,7
600866,7
002048,7
300926,7
600841,7
603165,7
600835,7
603327,7
300011,7
603319,7
300941,7
600826,7
603305,7
300951,7
002976,7
300963,7
600809,7
603191,7
600807,7
603333,7
600872,7
002927,7
300022,7
002939,7
600917,7
002102,7
600916,7
603355,7
002943,7
603348,7
300025,7
600894,7
300879,7
688120,7
603336,7
002201,7
300892,7
300896,7
300897,7
600877,7
300971,7
600803,7
600802,7
603297,7
301015,7
301020,7
301021,7
688170,7
600759,7
603219,7
001332,7
301029,7
688179,7
603222,7
603288,7
603272,7
600751,7
603236,7
603237,7
003001,7
301042,7
001368,7
301010,7
001872,7
300994,7
600800,7
300982,7
688155,7
003032,7
300987,7
300989,7
688157,7
003028,7
600771,7
002006,7
603201,7
600782,7
002005,7
002982,7
688159,7
600773,7
600933,7
688122,7
601015,7
601022,7
002173,7
601098,7
601089,7
688079,7
002876,7
601069,7
002163,7
300792,7
002177,7
603456,7
002155,7
601006,7
002898,7
300061,7
601000,7
300811,7
601100,7
002871,7
600999,7
300739,7
603569,7
688063,7
688066,7
002853,7
300100,7
603566,7
002863,7
300093,7
300760,7
300742,7
603555,7
300746,7
688072,7
601111,7
300758,7
300759,7
300813,7
002723,7
688111,7
688090,7
002120,7
002907,7
603398,7
300843,7
300845,7
002134,7
688092,7
600958,7
603396,7
300820,7
002144,7
688626,6
603393,6
603129,6
603214,6
603757,6
831961,6
603103,6
603638,6
603218,6
603530,6
688585,6
603663,6
603727,6
603656,6
603368,6
688699,6
603028,6
688601,6
688689,6
603035,6
603725,6
603067,6
603043,6
603033,6
603133,6
603032,6
839725,6
603386,6
603590,6
688766,6
603229,6
603059,6
603666,6
688722,6
600452,6
603179,6
603176,6
600367,6
603617,6
603444,6
603306,6
603313,6
688659,6
688658,6
603318,6
688596,6
603329,6
603063,6
603399,6
688778,6
688777,6
603186,6
603369,6
603335,6
603506,6
603688,6
688588,6
688589,6
603700,6
603095,6
600426,6
600383,6
603668,6
688661,6
603628,6
603518,6
600371,6
603508,6
603507,6
603681,6
603379,6
600740,6
603778,6
688283,6
600983,6
688107,6
600971,6
600960,6
688287,6
688112,6
688116,6
600936,6
603789,6
600653,6
600929,6
600909,6
600654,6
688117,6
688118,6
688258,6
600987,6
688097,6
688288,6
601002,6
688302,6
601136,6
688071,6
600618,6
688075,6
688299,6
601107,6
688080,6
688296,6
601066,6
601059,6
601021,6
688082,6
601008,6
601005,6
688251,6
688127,6
688131,6
600801,6
600784,6
600702,6
688203,6
600707,6
688169,6
600715,6
600758,6
600727,6
688180,6
600729,6
600754,6
688189,6
688181,6
688184,6
600735,6
600794,6
688216,6
688137,6
600814,6
688233,6
688141,6
688148,6
600674,6
600837,6
688227,6
600829,6
688223,6
688221,6
600825,6
688220,6
600824,6
600818,6
600817,6
600815,6
600604,6
688067,6
688310,6
688502,6
603960,6
688475,6
601890,6
603979,6
688425,6
603982,6
688410,6
688409,6
688408,6
605011,6
605018,6
601827,6
605069,6
601816,6
605116,6
688500,6
603928,6
600742,6
601966,6
600470,6
603800,6
688566,6
603816,6
603833,6
603001,6
603860,6
688558,6
603861,6
601998,6
601990,6
688522,6
603899,6
601975,6
601969,6
605218,6
688390,6
688062,6
601288,6
688036,6
601233,6
688037,6
688332,6
688048,6
688050,6
688055,6
601177,6
601169,6
600589,6
688061,6
600592,6
601162,6
688316,6
688313,6
688359,6
688033,6
601702,6
600575,6
605289,6
601677,6
605366,6
605499,6
600539,6
601609,6
688376,6
601601,6
601579,6
601398,6
601388,6
688372,6
601375,6
601366,6
601328,6
688392,6
000001,6
000761,6
002502,6
002586,6
300160,6
301148,6
000707,6
000708,6
002557,6
301158,6
002532,6
000712,6
300171,6
301181,6
000718,6
300179,6
301187,6
300191,6
000736,6
301192,6
000700,6
000029,6
300850,6
301100,6
002668,6
000678,6
301092,6
002647,6
000011,6
300138,6
301096,6
300142,6
002620,6
002636,6
002634,6
300852,6
000697,6
300143,6
002627,6
301116,6
301198,6
300209,6
002671,6
301206,6
002428,6
300239,6
301277,6
000791,6
000798,6
300242,6
301286,6
301288,6
002408,6
002395,6
301297,6
301301,6
301306,6
000833,6
300281,6
301335,6
301345,6
300818,6
000783,6
301260,6
000750,6
002501,6
002500,6
301220,6
002496,6
301230,6
301234,6
300827,6
300822,6
002453,6
002476,6
002468,6
300821,6
002462,6
301257,6
002458,6
000536,6
002670,6
002676,6
002374,6
301005,6
002882,6
000593,6
002997,6
002867,6
000595,6
002999,6
300909,6
002864,6
300991,6
000596,6
003004,6
002855,6
300999,6
003022,6
003025,6
000509,6
002835,6
000589,6
300917,6
002984,6
002926,6
002950,6
000557,6
000534,6
000558,6
000561,6
002963,6
002967,6
300950,6
002981,6
002921,6
002978,6
002901,6
300958,6
002900,6
002899,6
002896,6
301004,6
002833,6
000428,6
002831,6
002759,6
300875,6
300868,6
000655,6
002726,6
002725,6
002721,6
300116,6
300119,6
301070,6
002706,6
000667,6
002703,6
300121,6
300128,6
300129,6
000672,6
300048,6
301049,6
301048,6
002796,6
003039,6
002828,6
000616,6
002825,6
300885,6
300882,6
002797,6
000622,6
002769,6
300880,6
000626,6
300016,6
002781,6
002780,6
002775,6
300042,6
300803,6
300936,6
300282,6
300447,6
002119,6
300443,6
300589,6
002113,6
600103,6
300446,6
002087,6
300745,6
600132,6
300449,6
300733,6
600149,6
300454,6
600156,6
002122,6
300442,6
300753,6
000862,6
600036,6
002154,6
002142,6
000856,6
002133,6
001206,6
600058,6
300752,6
600059,6
001209,6
600076,6
300591,6
002124,6
600283,6
600269,6
300488,6
301367,6
001330,6
300690,6
001336,6
600218,6
300681,6
600221,6
300536,6
001318,6
300708,6
001316,6
300686,6
001269,6
600239,6
000886,6
300683,6
300529,6
300518,6
300515,6
300511,6
001965,6
001236,6
001230,6
600250,6
002029,6
300553,6
002039,6
600255,6
300701,6
600184,6
000893,6
000089,6
002058,6
300647,6
002132,6
600029,6
301391,6
300601,6
002233,6
300357,6
300775,6
002265,6
300776,6
600023,6
300778,6
000976,6
300329,6
000038,6
300790,6
300630,6
002300,6
300309,6
000045,6
300305,6
002330,6
300629,6
300295,6
300291,6
002348,6
301377,6
300618,6
000935,6
300611,6
000839,6
300285,6
000920,6
301368,6
002231,6
002278,6
002211,6
000407,6
300429,6
600017,6
002164,6
300593,6
002175,6
300395,6
000989,6
600004,6
300394,6
002192,6
300385,6
300685,6
300375,6
600305,6
300600,6
002208,6
603300,5
000411,5
603196,5
603267,5
603233,5
000506,5
603256,5
601519,5
603182,5
000525,5
603315,5
688611,5
603281,5
300577,5
300606,5
000517,5
002991,5
601696,5
300543,5
000415,5
603301,5
603225,5
688698,5
003012,5
688618,5
002979,5
300576,5
003023,5
300582,5
601568,5
300595,5
300549,5
601606,5
002988,5
603307,5
603200,5
002971,5
601828,5
603177,5
603053,5
300371,5
603048,5
300211,5
300380,5
300392,5
603052,5
300204,5
603173,5
300192,5
300405,5
300425,5
300440,5
603070,5
300163,5
000421,5
300358,5
300215,5
300349,5
603039,5
688677,5
300321,5
300255,5
300258,5
000419,5
300289,5
300268,5
603008,5
603018,5
603009,5
300280,5
603012,5
300155,5
688668,5
300153,5
300108,5
603167,5
300534,5
603163,5
688697,5
603156,5
688655,5
300046,5
603132,5
300069,5
603130,5
300508,5
300092,5
300506,5
000912,5
688660,5
603085,5
300502,5
000429,5
601818,5
603111,5
688696,5
300475,5
300470,5
300462,5
601882,5
300141,5
688665,5
688667,5
300150,5
603087,5
300106,5
002766,5
002952,5
002075,5
000848,5
688045,5
002225,5
688339,5
002200,5
688065,5
002193,5
688070,5
002188,5
002186,5
688077,5
002165,5
688336,5
688335,5
688086,5
688101,5
688102,5
688331,5
002114,5
688113,5
688114,5
002096,5
000869,5
002258,5
002275,5
688026,5
002357,5
605179,5
688371,5
000803,5
605268,5
605303,5
688362,5
605337,5
688357,5
605388,5
688355,5
605577,5
002283,5
688351,5
605588,5
002346,5
002333,5
002327,5
688006,5
002306,5
688350,5
688017,5
688020,5
002078,5
002069,5
603339,5
688130,5
688222,5
688226,5
688315,5
688229,5
688230,5
001211,5
688236,5
688312,5
000906,5
688252,5
688261,5
688307,5
688269,5
688271,5
688277,5
688278,5
688279,5
688285,5
688303,5
688291,5
688292,5
688293,5
000923,5
001223,5
001256,5
001259,5
688162,5
002066,5
688132,5
688135,5
688136,5
002064,5
688139,5
688326,5
002043,5
002032,5
002016,5
001914,5
001267,5
688166,5
688167,5
001338,5
001337,5
688173,5
688175,5
001311,5
688195,5
000888,5
688199,5
605167,5
688377,5
000789,5
605118,5
688556,5
688555,5
688551,5
688550,5
603589,5
603596,5
603599,5
688536,5
603605,5
603606,5
603616,5
002813,5
002809,5
603630,5
002801,5
603637,5
002795,5
000627,5
603669,5
688517,5
002767,5
000635,5
601456,5
000606,5
603565,5
603557,5
603439,5
688586,5
002933,5
603363,5
688578,5
603367,5
000570,5
688571,5
603383,5
002915,5
603416,5
002895,5
002859,5
603477,5
688569,5
603489,5
002888,5
000586,5
603511,5
603516,5
002868,5
002865,5
603551,5
688515,5
688510,5
603711,5
002511,5
688420,5
002595,5
002575,5
000702,5
000710,5
603966,5
002531,5
000720,5
603970,5
002515,5
002504,5
603912,5
603985,5
688395,5
603991,5
603997,5
002492,5
688391,5
605009,5
605020,5
002457,5
002443,5
603915,5
000698,5
603713,5
002695,5
603719,5
002740,5
603730,5
603739,5
002724,5
603759,5
002718,5
002712,5
603786,5
603788,5
603811,5
002621,5
603817,5
002688,5
688456,5
002646,5
002638,5
002637,5
603885,5
688435,5
603898,5
688426,5
688711,5
688301,5
600778,5
835185,5
000014,5
300829,5
300831,5
688798,5
688799,5
300835,5
600706,5
300839,5
600543,5
301080,5
600975,5
300840,5
600545,5
300847,5
300848,5
000026,5
600965,5
301439,5
600698,5
600959,5
301102,5
600955,5
301398,5
600939,5
301388,5
300824,5
838171,5
300859,5
300817,5
000037,5
301069,5
300799,5
300800,5
300801,5
601007,5
300943,5
600828,5
600713,5
600082,5
300809,5
600505,5
601001,5
600052,5
600507,5
600051,5
600033,5
301073,5
600016,5
600015,5
600830,5
600520,5
600007,5
300938,5
838670,5
301103,5
300861,5
601019,5
300913,5
301280,5
301279,5
836077,5
830946,5
300912,5
301267,5
301265,5
600603,5
835985,5
301258,5
301156,5
301157,5
600610,5
301256,5
835892,5
301177,5
831087,5
301246,5
301239,5
301182,5
301228,5
301195,5
301207,5
600873,5
301201,5
600595,5
600594,5
600558,5
600661,5
600560,5
600935,5
300930,5
300863,5
301105,5
301378,5
600563,5
301111,5
301369,5
600919,5
300928,5
301356,5
301333,5
301002,5
600906,5
600903,5
301331,5
301122,5
301309,5
301303,5
600671,5
301299,5
301130,5
301290,5
301283,5
600107,5
301197,5
300795,5
300700,5
301033,5
600279,5
600389,5
300692,5
301035,5
300981,5
300979,5
000017,5
688768,5
600249,5
300741,5
000048,5
600403,5
601163,5
301043,5
301050,5
300965,5
300725,5
600810,5
300962,5
832662,5
600281,5
000068,5
600382,5
600779,5
300628,5
600780,5
300998,5
600307,5
300995,5
688728,5
300640,5
300992,5
300986,5
600297,5
300653,5
300654,5
300658,5
300985,5
600293,5
301030,5
601236,5
600798,5
301056,5
601188,5
601099,5
600172,5
833914,5
600148,5
600155,5
600467,5
600197,5
601058,5
300774,5
300772,5
300957,5
300761,5
300771,5
300763,5
601101,5
600726,5
600822,5
839680,5
600202,5
600165,5
600816,5
600217,5
600121,5
300960,5
301176,4
301006,4
603629,4
603938,4
301026,4
002513,4
301011,4
301138,4
002800,4
603931,4
688398,4
600666,4
002798,4
301133,4
603639,4
834415,4
002694,4
301003,4
688526,4
603797,4
301168,4
301193,4
301016,4
603767,4
000612,4
301161,4
002546,4
832491,4
002816,4
002548,4
603955,4
600761,4
603917,4
600716,4
301023,4
301071,4
301155,4
600766,4
603768,4
002562,4
835640,4
002616,4
603707,4
301067,4
600746,4
002778,4
688519,4
002774,4
688455,4
600743,4
600696,4
688468,4
301088,4
833781,4
301082,4
301081,4
301055,4
603709,4
603866,4
002753,4
603703,4
603826,4
688488,4
688480,4
603848,4
002677,4
002679,4
688485,4
603677,4
688448,4
301129,4
688498,4
301128,4
688506,4
688486,4
301119,4
301032,4
000737,4
301118,4
603903,4
834021,4
002788,4
000633,4
603897,4
002628,4
002629,4
603729,4
002785,4
301061,4
603665,4
002743,4
600732,4
002749,4
002715,4
002692,4
002693,4
300615,4
301200,4
871642,4
600213,4
600215,4
600429,4
001333,4
600220,4
688176,4
688177,4
001317,4
688202,4
688183,4
688185,4
001313,4
688188,4
688321,4
600235,4
600241,4
600212,4
600439,4
600199,4
688325,4
600097,4
002109,4
688115,4
002098,4
002088,4
002084,4
600462,4
600178,4
000007,4
600186,4
688143,4
600189,4
688150,4
600191,4
688156,4
688319,4
600246,4
603987,4
688282,4
688266,4
688267,4
600303,4
000980,4
873122,4
600306,4
688280,4
000972,4
600399,4
000971,4
000953,4
600365,4
600318,4
000926,4
600322,4
600329,4
600377,4
688260,4
688259,4
688308,4
000892,4
001225,4
000005,4
001219,4
600261,4
600393,4
688225,4
688231,4
001212,4
688234,4
688239,4
688311,4
600381,4
600285,4
600290,4
600094,4
688330,4
600083,4
688366,4
605178,4
688370,4
605188,4
002427,4
605208,4
301296,4
000809,4
605287,4
600493,4
605288,4
605305,4
605318,4
301322,4
000836,4
605389,4
002360,4
688373,4
688378,4
301273,4
002440,4
301209,4
301222,4
603995,4
301237,4
002487,4
002485,4
605008,4
600617,4
000751,4
605050,4
605068,4
605088,4
605089,4
688383,4
605099,4
301365,4
605555,4
605566,4
600538,4
688046,4
002228,4
002219,4
002216,4
002209,4
002207,4
600529,4
002196,4
688069,4
688073,4
600012,4
688083,4
688085,4
600080,4
688105,4
688345,4
002252,4
301373,4
688032,4
600566,4
605599,4
002343,4
301380,4
002319,4
301408,4
688011,4
688349,4
301419,4
002287,4
002286,4
002282,4
836263,4
688029,4
688030,4
002378,4
002746,4
300126,4
600823,4
002949,4
003041,4
300453,4
000545,4
600838,4
000420,4
300736,4
300737,4
601128,4
300445,4
688680,4
600997,4
300749,4
300441,4
601900,4
002961,4
603190,4
003036,4
603031,4
003027,4
601921,4
300718,4
002946,4
300478,4
300715,4
300947,4
603170,4
603171,4
300501,4
002930,4
300833,4
300707,4
000565,4
300940,4
600992,4
603181,4
002936,4
601838,4
003042,4
688633,4
600833,4
002945,4
603345,4
600834,4
300483,4
603309,4
688600,4
300243,4
003008,4
003002,4
003003,4
300301,4
688622,4
688686,4
003020,4
300796,4
603213,4
003006,4
003011,4
603255,4
003019,4
688617,4
601009,4
603223,4
300805,4
003016,4
300808,4
000510,4
300277,4
601997,4
300908,4
603027,4
300899,4
603198,4
603303,4
300923,4
300922,4
601077,4
000042,4
603286,4
600858,4
688682,4
688786,4
003000,4
300314,4
688687,4
000514,4
603269,4
300911,4
002996,4
600865,4
688616,4
300910,4
300948,4
688690,4
300004,4
300570,4
000403,4
603519,4
689009,4
002877,4
603517,4
300583,4
002880,4
688739,4
002883,4
600901,4
603505,4
300972,4
603168,4
300970,4
000576,4
603080,4
300969,4
603150,4
300841,4
601658,4
300966,4
603089,4
603535,4
300089,4
002849,4
300610,4
688701,4
600928,4
603116,4
603583,4
002847,4
603117,4
603101,4
300132,4
600926,4
688700,4
300635,4
002856,4
300853,4
601339,4
603559,4
300107,4
600918,4
600792,4
600961,4
300668,4
601003,4
300564,4
601229,4
000036,4
002910,4
300539,4
300535,4
300029,4
688669,4
300694,4
603161,4
603058,4
603388,4
300519,4
603057,4
603055,4
300952,4
300878,4
300959,4
600897,4
002891,4
603076,4
300174,4
600976,4
300838,4
603429,4
300673,4
603020,3
002224,3
600530,3
300856,3
300858,3
600054,3
603045,3
000010,3
430418,3
430510,3
688084,3
688059,3
002290,3
300225,3
688057,3
688053,3
688662,3
600077,3
430489,3
300127,3
600532,3
600078,3
301379,3
688337,3
600503,3
002198,3
688021,3
603086,3
837344,3
688087,3
300815,3
002259,3
688089,3
300257,3
603041,3
688091,3
300810,3
603040,3
688093,3
688095,3
430047,3
688096,3
603029,3
600962,3
688028,3
002289,3
600513,3
603061,3
688016,3
688015,3
600022,3
688789,3
688793,3
300154,3
002839,3
688683,3
300689,3
688309,3
688255,3
001202,3
001203,3
300554,3
300550,3
601686,3
688237,3
000897,3
600280,3
601218,3
688314,3
300572,3
600262,3
300528,3
300526,3
300522,3
300521,3
001226,3
688217,3
300695,3
300517,3
688212,3
688211,3
688257,3
300573,3
688108,3
600308,3
688300,3
300622,3
000929,3
600361,3
600319,3
601368,3
601566,3
000952,3
300633,3
601577,3
600311,3
688281,3
300575,3
300599,3
601595,3
300597,3
688276,3
000978,3
300596,3
000911,3
000985,3
600301,3
300651,3
000096,3
688210,3
001234,3
300509,3
300767,3
002014,3
300756,3
300421,3
002033,3
300417,3
600455,3
603110,3
300401,3
300765,3
601963,3
000416,3
601968,3
300702,3
688133,3
300326,3
600469,3
600159,3
002072,3
600130,3
300313,3
688329,3
600117,3
688685,3
688788,3
601916,3
300755,3
688160,3
688161,3
688206,3
001260,3
300705,3
600243,3
600408,3
688196,3
001278,3
688192,3
600232,3
001299,3
600419,3
601860,3
600231,3
688776,3
300727,3
001331,3
688178,3
300452,3
870436,3
300743,3
688323,3
688163,3
601113,3
300411,3
000820,3
600561,3
002940,3
000548,3
603332,3
603839,3
002948,3
300937,3
301077,3
603823,3
000677,3
603819,3
603813,3
688580,3
000669,3
002700,3
603737,3
000668,3
002702,3
688501,3
688577,3
300946,3
603787,3
002928,3
603377,3
688505,3
600722,3
603758,3
600724,3
603855,3
002674,3
300933,3
603863,3
600854,3
000518,3
600681,3
688428,3
301113,3
000520,3
831195,3
603896,3
301108,3
603112,3
603311,3
300931,3
002966,3
600689,3
603317,3
301101,3
301098,3
600844,3
000679,3
600843,3
000526,3
002960,3
831641,3
002959,3
002958,3
603385,3
002919,3
300920,3
002807,3
002879,3
603661,3
832885,3
002791,3
600356,3
000590,3
002873,3
600796,3
301028,3
832149,3
301025,3
832225,3
301022,3
301062,3
600785,3
603615,3
002817,3
301019,3
688557,3
600781,3
603607,3
603602,3
301008,3
688553,3
603587,3
301000,3
002779,3
833533,3
603676,3
301040,3
002730,3
603389,3
603726,3
002734,3
603722,3
833943,3
600731,3
002918,3
688718,3
002748,3
831906,3
002905,3
002750,3
300961,3
002893,3
603458,3
002760,3
688513,3
301053,3
002763,3
002890,3
300967,3
002772,3
603685,3
688518,3
603916,3
600333,3
600857,3
605169,3
605266,3
605258,3
605255,3
605228,3
603166,3
600892,3
605196,3
000802,3
600889,3
003043,3
300883,3
605168,3
002836,3
603178,3
603183,3
605151,3
688379,3
603919,3
603187,3
605122,3
600882,3
003038,3
688382,3
605100,3
688636,3
688363,3
003033,3
605369,3
605598,3
300864,3
605567,3
600927,3
605507,3
836239,3
600573,3
300865,3
605378,3
688356,3
002377,3
000023,3
605298,3
600908,3
688358,3
000504,3
605338,3
603139,3
605333,3
300876,3
688639,3
600898,3
605300,3
605299,3
603192,3
605133,3
600608,3
600615,3
600616,3
688625,3
605003,3
603950,3
603215,3
603216,3
603239,3
603238,3
600647,3
603235,3
688393,3
301190,3
301229,3
688621,3
300907,3
603992,3
300906,3
003015,3
603230,3
300902,3
300905,3
002569,3
600638,3
300898,3
605058,3
831152,3
600609,3
002986,3
605028,3
603199,3
000757,3
605060,3
688386,3
300893,3
600665,3
600861,3
300894,3
603279,3
002606,3
605080,3
000880,2
831167,2
832000,2
832171,2
832278,2
873169,2
832419,2
000430,2
688528,2
835368,2
873001,2
839371,2
688367,2
688466,2
831768,2
000659,2
831010,2
834062,2
871981,2
688679,2
000890,2
835179,2
834033,2
830974,2
000752,2
688338,2
872925,2
836149,2
000910,2
871753,2
688511,2
837212,2
830832,2
837092,2
833819,2
688670,2
836826,2
834770,2
836675,2
836395,2
833523,2
870357,2
603520,2
000949,2
603151,2
300111,2
603115,2
603099,2
603096,2
603093,2
300193,2
300196,2
300214,2
603038,2
603037,2
603036,2
300230,2
603006,2
603002,2
601996,2
300381,2
300492,2
601825,2
300533,2
601665,2
601616,2
601599,2
601500,2
300636,2
300637,2
300641,2
300652,2
603122,2
603155,2
603689,2
603180,2
603682,2
002787,2
603657,2
002826,2
002842,2
603586,2
603577,2
603558,2
603527,2
002884,2
603500,2
603488,2
603380,2
603378,2
002931,2
002942,2
603337,2
603331,2
002951,2
002956,2
603323,2
603321,2
603320,2
002969,2
002977,2
003017,2
003026,2
601279,2
300662,2
300669,2
300697,2
301059,2
301065,2
600725,2
301068,2
600719,2
301072,2
301075,2
301093,2
301106,2
301188,2
600613,2
600599,2
600593,2
600569,2
430139,2
430476,2
600527,2
600173,2
600182,2
600193,2
600423,2
600228,2
600234,2
600397,2
600302,2
600370,2
600321,2
301057,2
301037,2
301036,2
300877,2
300720,2
601086,2
300779,2
300789,2
300816,2
300819,2
600984,2
300834,2
300837,2
300849,2
600966,2
300871,2
300886,2
600749,2
300891,2
300901,2
300927,2
300932,2
600836,2
300955,2
300973,2
300983,2
600793,2
600791,2
600768,2
600753,2
603683,2
603102,2
603696,2
605108,2
002391,2
605286,2
605277,2
605259,2
605198,2
605186,2
605183,2
605177,2
605158,2
605155,2
605138,2
605128,2
002442,2
605098,2
603900,2
605086,2
605081,2
605066,2
605055,2
605016,2
605007,2
002495,2
603983,2
002521,2
603968,2
603963,2
603937,2
603933,2
605296,2
605319,2
605336,2
002381,2
000995,2
000996,2
001201,2
001210,2
688238,2
688235,2
001215,2
001217,2
001231,2
001268,2
688197,2
001288,2
001296,2
001366,2
002003,2
688109,2
688103,2
688098,2
002136,2
002159,2
688081,2
688078,2
002248,2
688013,2
002295,2
605368,2
603697,2
603901,2
002379,2
002687,2
603798,2
603856,2
002661,2
002691,2
603810,2
002652,2
603878,2
603879,2
603880,2
002731,2
603886,2
603801,2
603706,2
603828,2
002752,2
002719,2
603889,2
301051,1
002852,1
002830,1
834014,1
836247,1
603779,1
603536,1
002827,1
301045,1
834639,1
836270,1
430198,1
836414,1
836422,1
836433,1
430300,1
836807,1
430425,1
000608,1
834599,1
600605,1
835174,1
834682,1
834765,1
834475,1
002107,1
834407,1
600714,1
834950,1
603578,1
688121,1
603755,1
688129,1
301076,1
836871,1
002052,1
603580,1
835508,1
603585,1
835670,1
835237,1
603159,1
836892,1
836942,1
002802,1
603655,1
870508,1
870866,1
871634,1
600421,1
871970,1
001205,1
872190,1
872351,1
872374,1
872392,1
002790,1
600265,1
603680,1
873152,1
873167,1
688265,1
873223,1
873305,1
873339,1
870299,1
870199,1
839790,1
838262,1
836957,1
837046,1
002872,1
001227,1
430478,1
001218,1
837821,1
430564,1
838227,1
430685,1
839729,1
430718,1
838810,1
838924,1
838971,1
839167,1
839273,1
600137,1
000637,1
002811,1
833580,1
833075,1
603790,1
300616,1
605006,1
603226,1
002998,1
688613,1
603268,1
603277,1
601528,1
601518,1
002989,1
000782,1
603829,1
688607,1
002968,1
002650,1
601187,1
605162,1
605166,1
605180,1
300791,1
300798,1
603221,1
603988,1
603980,1
603016,1
688656,1
603136,1
603188,1
603909,1
603922,1
688272,1
603926,1
688628,1
000695,1
603079,1
603948,1
603958,1
603208,1
000715,1
603209,1
603217,1
603976,1
603022,1
603021,1
601010,1
603351,1
833509,1
832566,1
605580,1
603499,1
832023,1
832089,1
832110,1
300984,1
600769,1
002247,1
301012,1
688056,1
603353,1
832735,1
832802,1
832876,1
002199,1
002633,1
833171,1
833230,1
833429,1
833454,1
605500,1
831855,1
831834,1
000020,1
603356,1
300851,1
603360,1
603365,1
830879,1
603822,1
830964,1
600883,1
603818,1
831039,1
300915,1
600847,1
831278,1
831305,1
831370,1
831445,1
831526,1
605377,1
605488,1
873527,1
