code,side
688195,1
688248,1
688696,1
688150,1
688608,1
601121,1
603598,1
600522,1
600895,1
601595,1
603282,1
603860,1
600280,1
600988,1
688256,1
601069,1
601138,1
603083,1
688031,1
600640,1
603186,1
605168,1
688008,1
600487,1
688310,1
688601,1
688208,1
600745,1
603893,1
603408,1
688663,1
688290,1
688107,1
600070,1
688322,1
605186,1
600228,1
688099,1
688233,1
688153,1
600977,1
688272,1
600738,1
603586,1
688536,1
603255,1
688786,1
688700,1
600584,1
600312,1
688496,1
603165,1
600637,1
605068,1
688798,1
688032,1
600458,1
688661,1
688217,1
600658,1
688012,1
600449,1
688041,1
688123,1
600916,1
688223,1
600113,1
601998,1
600666,1
603063,1
688127,1
688360,1
603121,1
603444,1
603688,1
600358,1
605111,1
688293,1
600489,1
601212,1
601500,1
605299,1
600547,1
603203,1
600848,1
600651,1
688191,1
603081,1
600961,1
603758,1
688486,1
603906,1
688088,1
688517,1
603501,1
600853,1
601360,1
688318,1
603007,1
603997,1
603727,1
601868,1
603377,1
603179,1
600531,1
605108,1
603920,1
601689,1
688082,1
605358,1
688766,1
601007,1
688680,1
603565,1
600176,1
603126,1
688432,1
688110,1
603169,1
600268,1
603103,1
600490,1
603161,1
688059,1
603328,1
603596,1
600183,1
688628,1
605016,1
600452,1
600459,1
688668,1
603360,1
600550,1
688416,1
688521,1
603701,1
601858,1
688596,1
688229,1
605599,1
603228,1
688292,1
688332,1
688595,1
688314,1
688147,1
601199,1
688408,1
688212,1
601899,1
688301,1
600612,1
603488,1
600202,1
601127,1
603158,1
603153,1
600965,1
601020,1
603728,1
600226,1
688300,1
600396,1
688013,1
603326,1
600639,1
600973,1
688222,1
603439,1
600261,1
688355,1
688025,1
600356,1
603898,1
603219,1
688737,1
603392,1
688260,1
603986,1
601137,1
601177,1
688698,1
603196,1
600481,1
688279,1
603566,1
605286,1
603730,1
600754,1
603466,1
688210,1
688206,1
603679,1
600633,1
688056,1
688398,1
603889,1
603798,1
688001,1
600370,1
688213,1
601068,1
603015,1
603290,1
600478,1
603089,1
600498,1
603661,1
603879,1
605222,1
603677,1
688193,1
688475,1
688226,1
601718,1
600732,1
603776,1
601601,1
688577,1
600152,1
688315,1
603863,1
600212,1
688173,1
603937,1
600389,1
688205,1
600749,1
603611,1
600835,1
688019,1
603059,1
688155,1
603068,1
688282,1
688571,1
600525,1
603012,1
688297,1
688639,1
603801,1
688699,1
688800,1
600178,1
600892,1
600720,1
603606,1
688459,1
603829,1
603633,1
603019,1
688789,1
688345,1
603690,1
600007,1
688047,1
600210,1
688220,1
603861,1
600894,1
605005,1
600199,1
600715,1
600460,1
601098,1
600477,1
603909,1
600558,1
603297,1
603806,1
600586,1
688768,1
603988,1
603876,1
688488,1
600710,1
688776,1
603324,1
603995,1
603918,1
605305,1
688010,1
603348,1
603006,1
688045,1
600766,1
601921,1
600060,1
688268,1
603330,1
688306,1
605008,1
688151,1
603305,1
600694,1
600088,1
603067,1
688337,1
603738,1
603700,1
605088,1
600876,1
601279,1
601000,1
603567,1
603882,1
603256,1
601727,1
688339,1
603118,1
603212,1
600378,1
603938,1
603386,1
688677,1
601702,1
600173,1
688392,1
603220,1
688611,1
688772,1
600149,1
603838,1
601636,1
688207,1
605155,1
603757,1
601965,1
688655,1
688209,1
688697,1
688368,1
688560,1
688236,1
600026,1
688073,1
603989,1
601869,1
603786,1
600560,1
688362,1
603725,1
688528,1
601616,1
600563,1
603200,1
601717,1
603280,1
603825,1
688819,1
688503,1
605218,1
600624,1
600819,1
688116,1
605158,1
603666,1
600592,1
688121,1
688052,1
600400,1
600157,1
688403,1
605398,1
601606,1
600604,1
688202,1
688267,1
603926,1
600989,1
600476,1
688371,1
603878,1
603980,1
603211,1
688559,1
603577,1
603070,1
688390,1
600703,1
600800,1
688667,1
688259,1
601881,1
600685,1
600797,1
600864,1
600301,1
688181,1
600403,1
603555,1
688303,1
600330,1
603208,1
688676,1
600105,1
603900,1
600889,1
688711,1
601126,1
600733,1
605006,1
688113,1
603527,1
600398,1
600748,1
600405,1
600278,1
600995,1
600395,1
603028,1
688307,1
603178,1
688599,1
600869,1
688687,1
688078,1
603396,1
603713,1
603683,1
688455,1
603788,1
600580,1
688135,1
688137,1
605580,1
605577,1
603626,1
688021,1
600052,1
600593,1
603009,1
603216,1
600377,1
603928,1
605287,1
603912,1
605020,1
600678,1
603968,1
600363,1
688659,1
601778,1
603078,1
688087,1
688239,1
688077,1
603095,1
603366,1
688230,1
603809,1
603949,1
601028,1
601328,1
603421,1
603999,1
688269,1
688083,1
601882,1
601799,1
603051,1
601058,1
688092,1
600328,1
603166,1
600871,1
603260,1
688313,1
688084,1
601088,1
603978,1
603681,1
688662,1
600810,1
603001,1
603456,1
601677,1
688211,1
600166,1
603628,1
688665,1
688733,1
600206,1
603132,1
603385,1
603021,1
603038,1
688439,1
600054,1
601988,1
600362,1
688778,1
688353,1
603768,1
600241,1
688065,1
603629,1
605196,1
600171,1
603109,1
603399,1
600888,1
605069,1
688616,1
600986,1
688061,1
600660,1
688036,1
600373,1
688351,1
603709,1
688015,1
600418,1
688689,1
600497,1
603023,1
603607,1
601218,1
600714,1
600438,1
601700,1
688350,1
601615,1
600201,1
688326,1
600323,1
688033,1
603839,1
603966,1
600425,1
600273,1
600847,1
600577,1
600997,1
600075,1
688328,1
603663,1
600549,1
688630,1
603533,1
605208,1
600111,1
600353,1
600336,1
601128,1
603599,1
601877,1
601369,1
603351,1
605365,1
688660,1
605116,1
603990,1
601288,1
600839,1
688235,1
601222,1
603239,1
601966,1
600929,1
600345,1
600107,1
600366,1
688359,1
603150,1
600707,1
603113,1
600110,1
603859,1
601005,1
600528,1
688336,1
600517,1
600415,1
603115,1
688625,1
600828,1
688172,1
603105,1
603867,1
600423,1
600648,1
603982,1
688502,1
688165,1
600615,1
688002,1
603726,1
605277,1
603226,1
688598,1
603180,1
688071,1
688468,1
600880,1
688656,1
688063,1
600697,1
688085,1
603097,1
603638,1
600066,1
605003,1
601231,1
600711,1
603000,1
600724,1
688685,1
603045,1
600556,1
600482,1
600760,1
601086,1
603309,1
688262,1
603110,1
603050,1
605117,1
600350,1
688138,1
601908,1
688016,1
601686,1
600297,1
688401,1
600177,1
601311,1
601169,1
600551,1
603283,1
601609,1
688100,1
600538,1
688678,1
603111,1
603199,1
605099,1
600699,1
688101,1
603390,1
600698,1
605133,1
605338,1
601019,1
603136,1
600654,1
600722,1
688161,1
600811,1
603897,1
688590,1
600857,1
600186,1
688335,1
605066,1
600557,1
600308,1
688005,1
600439,1
603112,1
603088,1
600406,1
688375,1
688669,1
601600,1
603682,1
600128,1
688183,1
600032,1
600815,1
603308,1
688388,1
603026,1
600675,1
688529,1
600833,1
603680,1
600844,1
600076,1
600836,1
600721,1
605055,1
600071,1
601599,1
600635,1
600207,1
688114,1
600728,1
600590,1
601106,1
688178,1
600559,1
600753,1
601388,1
600688,1
600016,1
688148,1
600663,1
600691,1
600365,1
603052,1
688058,1
600000,1
603790,1
601188,1
600198,1
603848,1
601006,1
688556,1
601777,1
600137,1
605566,1
603530,1
688275,1
603236,1
603278,1
600609,1
688418,1
601665,1
605289,1
600218,1
688020,1
600791,1
688090,1
600327,1
603662,1
603766,1
600736,1
600316,1
603657,1
603601,1
600843,1
600015,1
600257,1
600298,1
605077,1
605081,1
603618,1
601568,1
688295,1
688518,1
688378,1
603036,1
600874,1
688287,1
603958,1
603320,1
600444,1
600537,1
601999,1
605118,1
605100,1
603032,1
603722,1
600295,1
600983,1
603306,1
688231,1
688681,1
688007,1
603615,1
600673,1
688011,1
600012,1
603977,1
603099,1
600548,1
603773,1
603299,1
603313,1
600955,1
600379,1
601811,1
605378,1
605166,1
600283,1
603311,1
601567,1
688330,1
603365,1
603268,1
605056,1
600367,1
603327,1
688130,1
688190,1
605376,1
688508,1
605123,1
688215,1
688037,1
688535,1
688531,1
688484,1
688343,1
605318,1
605018,1
603996,1
603976,1
603828,1
603767,1
603759,1
603608,1
603578,1
603506,1
603358,1
603339,1
603291,1
603162,1
603157,1
603135,1
603125,1
603106,1
603077,1
603065,1
603013,1
601956,1
601939,1
601916,1
601801,1
601608,1
601588,1
601558,1
601299,1
601268,1
601211,1
601061,1
601010,1
600991,1
600985,1
600981,1
600978,1
600925,1
600899,1
600896,1
600891,1
600890,1
600879,1
600878,1
600870,1
600856,1
600852,1
600849,1
600842,1
600840,1
600832,1
600823,1
600817,1
600813,1
600806,1
600799,1
600788,1
600786,1
600772,1
600762,1
600759,1
600752,1
600747,1
600725,1
600723,1
600709,1
600708,1
600701,1
600700,1
600695,1
600687,1
600680,1
600677,1
600676,1
600672,1
600670,1
600669,1
600667,1
600659,1
600656,1
600652,1
600646,1
600634,1
600632,1
600631,1
600627,1
600625,1
600623,1
600614,1
600607,1
600591,1
600573,1
600567,1
600555,1
600553,1
600526,1
600523,1
600485,1
600472,1
600466,1
600432,1
600401,1
600397,1
600392,1
600385,1
600357,1
600317,1
600311,1
600296,1
600291,1
600289,1
600286,1
600275,1
600270,1
600263,1
600260,1
600255,1
600253,1
600249,1
600247,1
600240,1
600225,1
600209,1
600205,1
600181,1
600179,1
600175,1
600162,1
600156,1
600146,1
600145,1
600139,1
600102,1
600093,1
600092,1
600091,1
600090,1
600087,1
600086,1
600074,1
600069,1
600068,1
600065,1
600020,1
600005,1
600003,1
600002,1
600001,1
688200,1
603505,1
603595,1
688257,1
688396,1
688658,1
603787,1
600877,1
600610,1
688606,1
688070,1
603610,1
688126,1
688106,1
605588,1
601168,1
600775,1
603655,1
603085,1
688273,1
688285,1
603076,1
600151,1
688370,1
600158,1
600099,1
688367,1
688312,1
603033,1
600160,1
603992,1
600822,1
600259,1
688175,1
600084,1
603167,1
600138,1
688017,1
688622,1
600539,1
600061,1
600993,1
603266,1
600730,1
605288,1
603233,1
605028,1
603797,1
603612,1
600125,1
603041,1
600232,1
600192,1
600235,1
601919,1
688739,1
600796,1
603191,1
603008,1
600650,1
603979,1
688597,1
603259,1
688125,1
600826,1
603960,1
603209,1
600104,1
600875,1
600058,1
603568,1
600143,1
600689,1
688291,1
601398,1
688329,1
603159,1
600348,1
603079,1
688728,1
601216,1
600679,1
601628,1
688633,1
601611,1
600834,1
601208,1
600936,1
600251,1
605499,1
603071,1
688251,1
603221,1
603933,1
603160,1
688027,1
603319,1
600369,1
603168,1
600939,1
601113,1
688048,1
603011,1
600655,1
605169,1
600729,1
601077,1
688626,1
600616,1
688049,1
600530,1
603197,1
601238,1
600064,1
600219,1
605555,1
688157,1
603536,1
600792,1
688136,1
688500,1
603060,1
600841,1
688096,1
688252,1
600409,1
601399,1
600959,1
601012,1
688219,1
600516,1
601200,1
600757,1
688112,1
603355,1
600529,1
600310,1
600596,1
605183,1
600133,1
601229,1
600337,1
600055,1
603288,1
688718,1
603214,1
600846,1
688395,1
601825,1
600391,1
601898,1
688701,1
600779,1
688565,1
600309,1
600926,1
600512,1
600028,1
600562,1
600018,1
600638,1
688079,1
600643,1
603389,1
603002,1
600801,1
688707,1
600726,1
603993,1
601996,1
688526,1
600809,1
600163,1
600287,1
601163,1
603035,1
601866,1
601865,1
601816,1
688003,1
688046,1
600053,1
600169,1
605368,1
603069,1
688793,1
600103,1
600601,1
600777,1
600628,1
601963,1
603903,1
600552,1
600461,1
603230,1
601015,1
603323,1
600376,1
688050,1
600641,1
600468,1
600346,1
603922,1
688105,1
600821,1
600933,1
688162,1
600727,1
603040,1
600935,1
600386,1
603039,1
600446,1
600742,1
601990,1
601339,1
600184,1
605050,1
605162,1
601598,1
688109,1
601929,1
600329,1
688062,1
600063,1
603706,1
688510,1
600518,1
603917,1
605298,1
688410,1
603778,1
688511,1
688299,1
600758,1
603936,1
603333,1
600203,1
688280,1
600649,1
601066,1
600319,1
688609,1
600712,1
600480,1
600958,1
603096,1
600010,1
605258,1
603602,1
600229,1
600360,1
600213,1
603819,1
600653,1
600582,1
601828,1
600030,1
600905,1
600321,1
603286,1
688391,1
600630,1
601158,1
600025,1
600048,1
605567,1
603617,1
600428,1
600743,1
600195,1
603213,1
600858,1
603338,1
600568,1
605488,1
688057,1
600500,1
605500,1
600824,1
600999,1
601555,1
600486,1
603090,1
603950,1
600741,1
600605,1
600221,1
600595,1
600783,1
601198,1
603818,1
603538,1
601166,1
600331,1
600271,1
601958,1
601880,1
688129,1
688133,1
603650,1
688589,1
603869,1
600838,1
688006,1
600067,1
600906,1
601002,1
688283,1
603080,1
600380,1
688098,1
601518,1
600968,1
600967,1
600854,1
688682,1
600022,1
605122,1
603380,1
603693,1
603022,1
601818,1
603880,1
603585,1
600866,1
600513,1
688722,1
603217,1
603556,1
600814,1
600109,1
600039,1
600845,1
601326,1
600681,1
600393,1
600692,1
600606,1
600130,1
603519,1
605228,1
603856,1
600898,1
601162,1
600433,1
603218,1
688246,1
603031,1
603616,1
603630,1
600038,1
600982,1
600233,1
600036,1
600868,1
601139,1
600096,1
600116,1
600620,1
600237,1
601366,1
600919,1
605268,1
688237,1
600545,1
600519,1
600170,1
688009,1
601997,1
600208,1
600159,1
603020,1
688286,1
601918,1
600740,1
603901,1
601688,1
600665,1
600617,1
600262,1
601236,1
601901,1
603053,1
688115,1
688185,1
689009,1
600751,1
601985,1
603927,1
600220,1
688670,1
603590,1
688456,1
601860,1
601099,1
688538,1
688067,1
601107,1
600135,1
605336,1
601016,1
600408,1
601992,1
688788,1
605369,1
688499,1
688683,1
605296,1
600072,1
600618,1
600340,1
605255,1
601225,1
603551,1
601375,1
600575,1
688386,1
605136,1
600804,1
600352,1
600470,1
600051,1
601298,1
601018,1
600462,1
603227,1
600812,1
688066,1
600927,1
688558,1
688196,1
603729,1
603321,1
600546,1
600035,1
603883,1
600683,1
688567,1
603817,1
605198,1
600909,1
688550,1
600644,1
688238,1
603018,1
603659,1
601696,1
600463,1
688247,1
688180,1
603959,1
603183,1
601330,1
600903,1
600258,1
600928,1
600807,1
600805,1
600774,1
603668,1
601011,1
600585,1
600881,1
603600,1
603017,1
600266,1
600662,1
600790,1
688690,1
600576,1
603037,1
688055,1
603237,1
603416,1
600155,1
605180,1
600089,1
600802,1
688122,1
605009,1
601179,1
600860,1
688348,1
603696,1
601118,1
600971,1
600893,1
603458,1
603108,1
600917,1
600674,1
603181,1
603535,1
600827,1
600886,1
600148,1
601258,1
600508,1
688557,1
603823,1
600488,1
600119,1
600867,1
603983,1
600979,1
600739,1
600083,1
688779,1
600127,1
688358,1
600383,1
600717,1
688799,1
688051,1
600448,1
601156,1
688169,1
600215,1
600094,1
603991,1
600284,1
600778,1
600793,1
603667,1
600668,1
603198,1
688400,1
600527,1
603939,1
600410,1
600882,1
600496,1
600629,1
600505,1
600803,1
605339,1
600702,1
603890,1
601900,1
603895,1
600288,1
605128,1
600322,1
600520,1
688357,1
688369,1
688679,1
605033,1
600565,1
600017,1
600265,1
601577,1
688363,1
601975,1
688166,1
688216,1
688177,1
600657,1
603300,1
603816,1
600684,1
603258,1
600885,1
688167,1
600276,1
688425,1
601857,1
603215,1
600755,1
601989,1
600794,1
600716,1
601838,1
601519,1
600306,1
600250,1
605011,1
600918,1
600626,1
603811,1
601788,1
688349,1
603721,1
688143,1
688426,1
601108,1
603800,1
600382,1
603303,1
603739,1
600908,1
600503,1
601878,1
603718,1
603185,1
603367,1
600189,1
603686,1
600661,1
600293,1
600960,1
601116,1
600302,1
600239,1
600825,1
688159,1
603703,1
600172,1
601186,1
600115,1
603689,1
603093,1
600299,1
605389,1
603058,1
601100,1
688171,1
603515,1
600887,1
603708,1
688501,1
605086,1
600098,1
601669,1
600315,1
600222,1
603335,1
688270,1
688379,1
600966,1
688139,1
603357,1
603332,1
600901,1
603086,1
600510,1
600731,1
600059,1
600900,1
688509,1
688170,1
600696,1
603779,1
688485,1
603948,1
603359,1
688128,1
688338,1
600106,1
600636,1
600416,1
603133,1
688289,1
600188,1
603398,1
600495,1
600693,1
601228,1
600080,1
600368,1
688505,1
603587,1
600272,1
601101,1
600784,1
603916,1
688586,1
603919,1
605178,1
605366,1
601890,1
600167,1
601968,1
688201,1
600248,1
600281,1
688119,1
600611,1
600234,1
600191,1
603337,1
603579,1
603609,1
688498,1
688203,1
601991,1
600475,1
600168,1
600690,1
603558,1
601827,1
603808,1
688513,1
603619,1
688311,1
688131,1
600129,1
688188,1
601336,1
600491,1
600390,1
600789,1
605060,1
600141,1
603711,1
600008,1
600884,1
603057,1
603648,1
688466,1
600851,1
600227,1
600117,1
600033,1
600746,1
688317,1
603383,1
600081,1
603678,1
600767,1
600292,1
600990,1
605151,1
601318,1
600686,1
688102,1
605001,1
605399,1
603833,1
603985,1
601666,1
603755,1
688516,1
600269,1
603229,1
601021,1
600236,1
601969,1
603970,1
600421,1
601789,1
600501,1
688506,1
600355,1
600238,1
600970,1
603583,1
600193,1
600196,1
603637,1
600243,1
688323,1
600469,1
603393,1
601888,1
600521,1
603155,1
600031,1
601633,1
600131,1
600062,1
688333,1
688277,1
600290,1
600608,1
601187,1
688981,1
601368,1
600252,1
688325,1
603967,1
600082,1
688319,1
688234,1
601377,1
601886,1
603102,1
600123,1
600770,1
600318,1
688568,1
603363,1
600216,1
600587,1
603261,1
603520,1
600956,1
605177,1
688255,1
600320,1
688266,1
605319,1
688097,1
601001,1
605080,1
688265,1
603117,1
603201,1
600187,1
603177,1
600120,1
603043,1
601928,1
688080,1
603010,1
601872,1
603511,1
601319,1
600820,1
600572,1
688636,1
688152,1
600509,1
603176,1
601678,1
603127,1
600735,1
600165,1
688553,1
603836,1
605303,1
600313,1
600621,1
600737,1
600467,1
600114,1
603656,1
600980,1
600300,1
603500,1
603716,1
603188,1
600279,1
688018,1
688621,1
688053,1
600645,1
601515,1
600987,1
603318,1
600277,1
605333,1
600647,1
603163,1
603777,1
600456,1
600077,1
600381,1
600830,1
601619,1
605589,1
600704,1
603803,1
600785,1
600079,1
601009,1
600223,1
600597,1
603969,1
600153,1
603356,1
688221,1
600744,1
688551,1
688380,1
603557,1
600818,1
603189,1
600962,1
600682,1
600126,1
601333,1
688038,1
600533,1
688393,1
688199,1
601949,1
600150,1
603190,1
600267,1
600426,1
600056,1
603687,1
605098,1
688026,1
600515,1
601117,1
603956,1
600863,1
603055,1
600326,1
688069,1
600339,1
600831,1
603223,1
601512,1
600097,1
600307,1
603733,1
600230,1
603559,1
603639,1
600897,1
688409,1
603669,1
603315,1
601668,1
688448,1
603123,1
603066,1
600325,1
600763,1
603387,1
605300,1
688184,1
688189,1
600282,1
600750,1
600333,1
603353,1
603717,1
600019,1
688218,1
603301,1
603116,1
601038,1
605388,1
600883,1
603569,1
688686,1
600622,1
688108,1
603887,1
603685,1
688585,1
603955,1
605266,1
600578,1
603707,1
600108,1
603345,1
603289,1
688519,1
605259,1
603277,1
601059,1
688030,1
601952,1
688580,1
600705,1
600664,1
600543,1
603822,1
601136,1
603507,1
600873,1
600499,1
600343,1
600787,1
688187,1
601766,1
603810,1
600734,1
688575,1
603298,1
688029,1
603317,1
600009,1
600372,1
603698,1
601390,1
603272,1
603170,1
603886,1
688141,1
688081,1
600579,1
600493,1
603877,1
601528,1
603987,1
603719,1
603858,1
603528,1
603369,1
603517,1
600598,1
600713,1
601798,1
603151,1
600483,1
600798,1
688561,1
601456,1
603815,1
600006,1
601089,1
603156,1
688182,1
605138,1
601995,1
688163,1
600217,1
600859,1
688117,1
600004,1
603613,1
603888,1
600436,1
600600,1
688617,1
603122,1
600256,1
603813,1
688132,1
600029,1
603799,1
600479,1
600984,1
600185,1
603056,1
601233,1
603139,1
600718,1
688613,1
603316,1
603005,1
601658,1
600569,1
600095,1
603499,1
600782,1
603529,1
600073,1
688607,1
600969,1
603896,1
600571,1
603378,1
688004,1
601699,1
600855,1
688253,1
605507,1
603029,1
601022,1
600023,1
600121,1
603279,1
600808,1
688578,1
600773,1
603518,1
605089,1
600761,1
600180,1
688579,1
603235,1
600335,1
601800,1
603129,1
600865,1
603138,1
688288,1
600829,1
600037,1
688244,1
603588,1
688186,1
600078,1
600161,1
600862,1
600671,1
603603,1
600132,1
688777,1
605199,1
605167,1
601618,1
600101,1
603131,1
603281,1
600359,1
600768,1
603322,1
601155,1
603098,1
600231,1
600435,1
603101,1
603222,1
603030,1
688192,1
603171,1
603307,1
605188,1
600613,1
688298,1
603329,1
603855,1
600642,1
688072,1
688600,1
600285,1
603881,1
600371,1
600963,1
603697,1
600361,1
688305,1
600872,1
688198,1
600246,1
600182,1
603885,1
688075,1
600011,1
600305,1
600420,1
601579,1
688308,1
603173,1
688387,1
600429,1
688068,1
600535,1
600502,1
603379,1
600706,1
600795,1
600769,1
688372,1
603605,1
600540,1
601607,1
603998,1
688232,1
600998,1
603100,1
600561,1
688197,1
600303,1
688331,1
600122,1
600455,1
600938,1
603238,1
603489,1
688060,1
688179,1
600771,1
603580,1
600619,1
601226,1
603868,1
688118,1
688619,1
601111,1
688435,1
600197,1
688382,1
603843,1
603206,1
688320,1
688618,1
688399,1
603486,1
605377,1
605058,1
603658,1
603508,1
600816,1
688376,1
600850,1
600756,1
600594,1
603660,1
603963,1
688093,1
603336,1
688281,1
688278,1
603676,1
600719,1
600085,1
600200,1
688588,1
605007,1
688533,1
688373,1
603087,1
688035,1
688271,1
603866,1
688168,1
603826,1
603128,1
600419,1
600388,1
603915,1
688385,1
688428,1
603789,1
600975,1
600211,1
603187,1
688296,1
600021,1
688258,1
600764,1
688767,1
600100,1
605189,1
601933,1
688022,1
603016,1
603699,1
600765,1
600837,1
603477,1
605337,1
603589,1
688158,1
688419,1
688366,1
601808,1
603003,1
603182,1
603269,1
600583,1
603195,1
688228,1
600351,1
600581,1
600375,1
688111,1
600996,1
600603,1
603899,1
688321,1
605090,1
688383,1
688327,1
600780,1
688515,1
600599,1
603267,1
688787,1
688028,1
603027,1
603931,1
688160,1
688276,1
688316,1
600387,1
603737,1
600536,1
600781,1
603225,1
600776,1
600861,1
688176,1
600112,1
688566,1
603331,1
600570,1
688389,1
603048,1
600511,1
603192,1
600027,1
603388,1
600976,1
688377,1
688120,1
603496,1
688023,1
605179,1
603130,1
600602,1
601008,1
600589,1
688520,1
600566,1
600332,1
603232,1
600338,1
600532,1
603636,1
600354,1
600136,1
688095,1
688103,1
603368,1
688420,1
601003,1
603516,1
600242,1
603908,1
600118,1
603712,1
688356,1
605598,1
688309,1
603042,1
688261,1
688381,1
688522,1
603429,1
688225,1
603871,1
688480,1
601566,1
688156,1
688302,1
603665,1
600057,1
688089,1
688039,1
688569,1
600992,1
688525,1
601698,1
603929,1
603061,1
688076,1
600507,1
600941,1
600506,1
600050,1
688365,1
601728,1
603073,1
600588,1
600190,1
603025,1
600422,1
600399,1
688091,1
688227,1
688489,1
688555,1
688086,1
300291,0
300251,0
301378,0
300299,0
300257,0
300113,0
300688,0
300693,0
300002,0
301169,0
300781,0
300687,0
300458,0
000506,0
002278,0
002253,0
002803,0
001337,0
002080,0
002605,0
002398,0
002051,0
002280,0
002476,0
002323,0
300592,0
300980,0
002155,0
002463,0
301006,0
002558,0
301026,0
300556,0
000922,0
301236,0
002858,0
300011,0
300317,0
300139,0
002716,0
300494,0
301299,0
002335,0
002131,0
000409,0
002552,0
000975,0
300582,0
000838,0
002718,0
002222,0
300112,0
002606,0
002315,0
300155,0
300286,0
000821,0
301011,0
000663,0
000603,0
002351,0
300170,0
002174,0
300921,0
300913,0
002517,0
300133,0
300360,0
300033,0
300031,0
300065,0
300827,0
001311,0
002925,0
300735,0
301312,0
002983,0
300407,0
002521,0
001269,0
002902,0
002916,0
000017,0
300315,0
300891,0
002237,0
002472,0
002742,0
002411,0
300476,0
300522,0
002453,0
000564,0
002045,0
002429,0
002089,0
300936,0
002654,0
002459,0
002850,0
300394,0
301177,0
002292,0
301110,0
300230,0
300667,0
300466,0
002112,0
301230,0
301018,0
002731,0
301322,0
301248,0
301273,0
300626,0
301270,0
300990,0
002273,0
300331,0
002241,0
002624,0
001330,0
002876,0
301209,0
000065,0
002888,0
300249,0
002578,0
301212,0
300093,0
000657,0
002436,0
002995,0
002865,0
002952,0
002717,0
300835,0
002163,0
002602,0
300274,0
301191,0
002149,0
300795,0
002984,0
002795,0
300588,0
300831,0
002997,0
001314,0
300014,0
300308,0
300789,0
002905,0
300528,0
300805,0
300838,0
002555,0
300706,0
300046,0
301269,0
300616,0
002919,0
300428,0
002487,0
002613,0
300615,0
002559,0
000810,0
300364,0
003021,0
002599,0
300115,0
300201,0
300340,0
300939,0
300724,0
300118,0
300965,0
300413,0
002871,0
300043,0
000400,0
000909,0
300701,0
301338,0
300613,0
301208,0
301389,0
000913,0
300493,0
002893,0
300624,0
002034,0
300351,0
002937,0
002709,0
003026,0
300594,0
002346,0
000524,0
300807,0
002024,0
002724,0
300799,0
002922,0
002879,0
301308,0
002389,0
002167,0
001288,0
002425,0
300319,0
300800,0
002371,0
002635,0
002185,0
300862,0
300304,0
300005,0
002986,0
002343,0
002329,0
300007,0
300426,0
301321,0
002264,0
300161,0
002837,0
301158,0
300822,0
300062,0
300596,0
002434,0
002851,0
002892,0
300811,0
002739,0
002782,0
002669,0
300515,0
002300,0
300952,0
002231,0
001308,0
301205,0
300661,0
002691,0
002159,0
002899,0
301001,0
300303,0
300328,0
300381,0
002721,0
301155,0
001229,0
300052,0
300880,0
000892,0
002224,0
002903,0
002519,0
301086,0
001223,0
002321,0
300222,0
000529,0
300648,0
002600,0
301162,0
002415,0
300757,0
300499,0
300001,0
000938,0
002943,0
300395,0
300602,0
002309,0
300889,0
002006,0
300739,0
301163,0
300577,0
300049,0
300817,0
300142,0
002759,0
300207,0
301193,0
301237,0
300327,0
300842,0
300472,0
300605,0
300077,0
002180,0
002156,0
300790,0
301121,0
300859,0
300565,0
000020,0
300224,0
002875,0
000807,0
000802,0
000970,0
002949,0
300585,0
002801,0
300617,0
001322,0
002276,0
300707,0
300280,0
300418,0
300975,0
300153,0
002897,0
300860,0
000751,0
300116,0
002869,0
002128,0
300676,0
300708,0
002056,0
300845,0
300438,0
300631,0
002444,0
300506,0
002965,0
002510,0
300713,0
003036,0
300694,0
301238,0
300195,0
300783,0
300176,0
003019,0
300173,0
002129,0
002518,0
002857,0
002774,0
002640,0
002798,0
300502,0
300196,0
002261,0
002079,0
002121,0
002901,0
000029,0
002460,0
300628,0
000969,0
300092,0
002506,0
301219,0
002590,0
002662,0
002564,0
300232,0
300456,0
301159,0
300512,0
300788,0
301120,0
002402,0
301108,0
000753,0
300226,0
300094,0
002735,0
301377,0
300285,0
300053,0
300024,0
000737,0
002189,0
301082,0
002531,0
002306,0
300772,0
300080,0
300540,0
300120,0
301137,0
300507,0
301180,0
300700,0
002206,0
002348,0
300570,0
300056,0
300076,0
002933,0
300475,0
300962,0
300611,0
000408,0
000422,0
300866,0
002623,0
300580,0
000050,0
002540,0
301255,0
300343,0
300376,0
301095,0
300833,0
300619,0
300223,0
300643,0
001260,0
002106,0
001696,0
002377,0
300103,0
300445,0
300900,0
300371,0
000725,0
002765,0
002896,0
003041,0
300782,0
002134,0
300068,0
002452,0
000510,0
002992,0
300114,0
002747,0
300400,0
002786,0
002101,0
300508,0
002258,0
300027,0
002196,0
300853,0
002576,0
301050,0
300881,0
300890,0
002391,0
300296,0
000795,0
002679,0
301131,0
002379,0
002218,0
301133,0
002158,0
301200,0
301119,0
300887,0
300415,0
003022,0
002313,0
300690,0
002601,0
002616,0
300490,0
300396,0
000541,0
300349,0
001213,0
002150,0
002445,0
300107,0
301361,0
000060,0
300035,0
300802,0
001211,0
300010,0
300850,0
002169,0
002384,0
300549,0
301041,0
301213,0
300162,0
301171,0
000059,0
300443,0
002339,0
002333,0
000910,0
002166,0
002456,0
000793,0
002730,0
300770,0
002802,0
300654,0
002449,0
000428,0
000638,0
300501,0
300670,0
301046,0
002246,0
002011,0
002681,0
002976,0
002809,0
301066,0
002534,0
300402,0
300586,0
000045,0
300228,0
300535,0
300492,0
300550,0
301051,0
002502,0
000962,0
002255,0
300925,0
002475,0
002860,0
002239,0
002885,0
002256,0
300930,0
300759,0
300208,0
002097,0
001300,0
300652,0
300678,0
002388,0
002451,0
300368,0
002712,0
300526,0
300710,0
301040,0
000581,0
001301,0
002665,0
002906,0
300843,0
301107,0
300566,0
002815,0
301003,0
300750,0
002733,0
300797,0
002846,0
001319,0
002882,0
300069,0
000619,0
002350,0
000591,0
000636,0
300305,0
002722,0
301229,0
300105,0
301061,0
002328,0
002227,0
300568,0
000610,0
001206,0
002725,0
000596,0
300758,0
002142,0
301268,0
002295,0
300821,0
300040,0
000888,0
000416,0
300767,0
300953,0
300221,0
300569,0
000533,0
300019,0
002042,0
002988,0
000778,0
002609,0
300258,0
002911,0
300618,0
300154,0
002675,0
301102,0
000630,0
301132,0
300373,0
300946,0
300846,0
000058,0
300810,0
300215,0
002553,0
300467,0
002881,0
002324,0
300656,0
002438,0
002890,0
300629,0
002281,0
300219,0
002360,0
000025,0
300816,0
300032,0
300752,0
300748,0
301183,0
002689,0
002579,0
000887,0
002240,0
002068,0
002073,0
002441,0
002008,0
002481,0
002658,0
000426,0
002959,0
002138,0
002275,0
002631,0
301023,0
000955,0
300229,0
002494,0
300429,0
300081,0
300988,0
300978,0
002529,0
300963,0
002302,0
002979,0
300416,0
300091,0
002036,0
300339,0
002405,0
002069,0
002917,0
300740,0
002655,0
300882,0
300073,0
300126,0
300185,0
002823,0
002855,0
002340,0
000629,0
002364,0
003028,0
300976,0
000592,0
300951,0
002403,0
300968,0
000401,0
301112,0
000589,0
002219,0
002779,0
002387,0
301020,0
300749,0
002938,0
002181,0
002918,0
002058,0
300048,0
300684,0
300510,0
300380,0
002059,0
300840,0
300135,0
300088,0
300057,0
002498,0
300632,0
002114,0
002653,0
300272,0
002141,0
301105,0
000156,0
002743,0
000785,0
301093,0
002015,0
002597,0
300127,0
300004,0
301206,0
002162,0
300278,0
002190,0
002996,0
300393,0
301186,0
002270,0
002342,0
002792,0
002651,0
300709,0
002108,0
002103,0
300409,0
002660,0
301076,0
300037,0
300140,0
000811,0
300018,0
002122,0
300337,0
000430,0
002088,0
300604,0
301100,0
300940,0
300955,0
002585,0
002571,0
300021,0
300488,0
002549,0
000639,0
301365,0
300696,0
002272,0
002516,0
002598,0
002203,0
300888,0
000803,0
002337,0
002074,0
300834,0
002723,0
002998,0
001216,0
000158,0
002326,0
002884,0
002400,0
000545,0
300264,0
002381,0
000852,0
002454,0
300945,0
300806,0
001309,0
000823,0
002483,0
300259,0
002931,0
300241,0
000981,0
301302,0
300793,0
002698,0
300398,0
300638,0
000877,0
301363,0
000007,0
001230,0
002563,0
300599,0
002863,0
002541,0
301398,0
301138,0
300235,0
000978,0
002085,0
000407,0
002920,0
002334,0
300697,0
002407,0
301278,0
300168,0
300852,0
002478,0
002164,0
301283,0
002341,0
300128,0
002221,0
002818,0
300471,0
002160,0
002466,0
301234,0
000863,0
301256,0
301092,0
301188,0
301069,0
300462,0
300552,0
300557,0
002817,0
300671,0
002611,0
000727,0
002664,0
301002,0
000012,0
300141,0
300446,0
301037,0
300666,0
300595,0
002591,0
002861,0
300824,0
300503,0
002524,0
000691,0
300868,0
301285,0
300547,0
300699,0
002009,0
002777,0
000973,0
300681,0
300370,0
002130,0
000521,0
300172,0
300912,0
002426,0
301103,0
002215,0
300829,0
002026,0
002836,0
002962,0
002028,0
002182,0
000967,0
000570,0
301135,0
300263,0
300477,0
300995,0
300932,0
002471,0
002247,0
002409,0
002595,0
300695,0
002505,0
002265,0
300145,0
300066,0
300129,0
300034,0
301185,0
002514,0
000960,0
002307,0
002144,0
000678,0
002289,0
300182,0
300973,0
300420,0
000859,0
002285,0
300097,0
300514,0
301099,0
002695,0
002950,0
300410,0
001313,0
300591,0
300217,0
002245,0
003015,0
301192,0
002708,0
000977,0
002574,0
300630,0
003018,0
300792,0
300214,0
300726,0
300451,0
000048,0
002145,0
002978,0
300388,0
300174,0
000949,0
300926,0
301328,0
002427,0
300096,0
300270,0
002136,0
001333,0
002738,0
000801,0
002303,0
300266,0
300375,0
002363,0
002632,0
002685,0
300100,0
002715,0
301349,0
300440,0
002094,0
002212,0
000009,0
001212,0
000034,0
002841,0
300849,0
002676,0
002546,0
300243,0
300269,0
300532,0
000878,0
301388,0
003043,0
000761,0
301265,0
000100,0
300050,0
002132,0
300366,0
301033,0
300169,0
002014,0
002125,0
002243,0
300923,0
000530,0
000333,0
300401,0
300623,0
000030,0
002213,0
301216,0
300425,0
300444,0
002033,0
002428,0
300382,0
002961,0
002369,0
002448,0
002322,0
000917,0
300131,0
000049,0
300737,0
002046,0
301007,0
300625,0
300457,0
300786,0
000921,0
300993,0
301150,0
002812,0
002741,0
000665,0
000937,0
002186,0
300403,0
300554,0
002399,0
000528,0
000550,0
002488,0
300329,0
300541,0
300102,0
003017,0
300808,0
002171,0
000735,0
002440,0
000688,0
300647,0
003011,0
002703,0
300192,0
300916,0
300082,0
300244,0
300863,0
000096,0
301198,0
000723,0
002838,0
002957,0
000683,0
002745,0
002736,0
300830,0
002580,0
000635,0
000993,0
300491,0
300985,0
002970,0
002262,0
300928,0
300433,0
002090,0
300606,0
301217,0
002767,0
300660,0
300347,0
300183,0
300854,0
003006,0
002975,0
002829,0
301067,0
300378,0
300941,0
003009,0
300408,0
003038,0
301386,0
301345,0
301314,0
301281,0
301203,0
301141,0
301090,0
300999,0
300997,0
300801,0
300720,0
300698,0
300657,0
300509,0
300486,0
300431,0
300372,0
300367,0
300362,0
300355,0
300336,0
300330,0
300325,0
300312,0
300216,0
300202,0
300187,0
300186,0
300178,0
300175,0
300157,0
300156,0
300104,0
300090,0
300064,0
300038,0
300028,0
300023,0
003816,0
002915,0
002866,0
002827,0
002770,0
002711,0
002684,0
002680,0
002663,0
002622,0
002619,0
002618,0
002604,0
002586,0
002554,0
002533,0
002509,0
002499,0
002496,0
002477,0
002473,0
002469,0
002464,0
002450,0
002447,0
002418,0
002408,0
002397,0
002386,0
002359,0
002358,0
002327,0
002260,0
002220,0
002217,0
002184,0
002175,0
002147,0
002143,0
002071,0
002070,0
002018,0
002017,0
002013,0
002012,0
001367,0
001336,0
001328,0
001287,0
000979,0
000956,0
000939,0
000930,0
000916,0
000886,0
000866,0
000835,0
000832,0
000827,0
000817,0
000805,0
000787,0
000780,0
000769,0
000765,0
000763,0
000760,0
000748,0
000730,0
000699,0
000693,0
000689,0
000687,0
000681,0
000675,0
000673,0
000662,0
000660,0
000658,0
000653,0
000631,0
000621,0
000620,0
000618,0
000613,0
000612,0
000611,0
000602,0
000594,0
000588,0
000587,0
000585,0
000583,0
000578,0
000569,0
000562,0
000559,0
000556,0
000549,0
000542,0
000535,0
000527,0
000522,0
000515,0
000511,0
000508,0
000502,0
000429,0
000418,0
000413,0
000412,0
000406,0
000405,0
000404,0
000066,0
000047,0
000035,0
000033,0
000024,0
000018,0
000016,0
000015,0
000013,0
000003,0
002032,0
301326,0
300787,0
301004,0
300354,0
300620,0
003039,0
300575,0
300958,0
002845,0
301298,0
301109,0
300461,0
000951,0
002806,0
300612,0
002202,0
300404,0
301189,0
300248,0
300907,0
002290,0
002236,0
300669,0
002773,0
002395,0
003008,0
000789,0
000633,0
002753,0
002707,0
301300,0
300956,0
002233,0
002232,0
002648,0
000155,0
002199,0
002376,0
300607,0
002064,0
301280,0
000935,0
002267,0
300517,0
300205,0
300464,0
300870,0
000157,0
002706,0
300385,0
300054,0
002719,0
002953,0
002797,0
300441,0
001323,0
002161,0
300664,0
301222,0
300641,0
003040,0
002204,0
001258,0
002688,0
002547,0
300184,0
300165,0
000782,0
002288,0
300803,0
301073,0
300095,0
000680,0
301359,0
300593,0
002479,0
002921,0
300356,0
002577,0
002671,0
002749,0
002536,0
300055,0
002909,0
300473,0
300680,0
002642,0
001236,0
002091,0
300310,0
000672,0
301106,0
002383,0
300277,0
002867,0
000822,0
000976,0
301025,0
001914,0
300148,0
000573,0
002392,0
300334,0
002191,0
000504,0
300645,0
301022,0
300292,0
000837,0
301231,0
002067,0
301327,0
002111,0
300379,0
002699,0
002734,0
301008,0
300245,0
002157,0
301368,0
002927,0
000563,0
300902,0
002304,0
300885,0
300622,0
300776,0
002098,0
300756,0
300677,0
002776,0
002195,0
300209,0
000677,0
002320,0
002271,0
300818,0
300179,0
002457,0
002263,0
000933,0
000868,0
002556,0
301223,0
300025,0
002787,0
300283,0
002945,0
300715,0
002614,0
300279,0
002367,0
002226,0
301047,0
000682,0
002004,0
300702,0
300589,0
301319,0
002050,0
002491,0
002249,0
002077,0
000598,0
000768,0
002825,0
000055,0
000729,0
300478,0
300927,0
002092,0
002821,0
300861,0
002572,0
002790,0
002526,0
300894,0
002615,0
301009,0
300197,0
002484,0
000601,0
300321,0
002936,0
301358,0
300124,0
002022,0
300160,0
002060,0
300777,0
000625,0
000830,0
002842,0
002210,0
002084,0
002832,0
002674,0
002344,0
003004,0
002760,0
002242,0
002168,0
300417,0
301196,0
300083,0
301175,0
002312,0
000926,0
300917,0
300084,0
002355,0
000881,0
300610,0
301190,0
300520,0
301077,0
301239,0
300213,0
002969,0
300518,0
000726,0
002266,0
300450,0
300910,0
300220,0
000159,0
300986,0
300242,0
002223,0
301012,0
300717,0
003035,0
000036,0
002565,0
002029,0
300548,0
000988,0
300826,0
000410,0
002981,0
000014,0
000936,0
300686,0
002942,0
002627,0
000786,0
000902,0
300234,0
003033,0
002596,0
001210,0
300633,0
300722,0
000758,0
000607,0
002025,0
002501,0
300414,0
000996,0
002788,0
301221,0
000005,0
300516,0
002913,0
002489,0
000882,0
301187,0
000088,0
002416,0
301160,0
002194,0
002356,0
002208,0
002990,0
300481,0
000776,0
002963,0
002960,0
300423,0
300447,0
002973,0
300218,0
002966,0
002480,0
300915,0
300537,0
000671,0
002228,0
002639,0
300384,0
002696,0
002347,0
000523,0
002037,0
002486,0
000552,0
002701,0
000544,0
002625,0
300268,0
002948,0
300045,0
000731,0
301123,0
300324,0
300836,0
300828,0
000836,0
000738,0
002908,0
300067,0
002926,0
000968,0
002126,0
300210,0
002031,0
301182,0
002641,0
002127,0
002523,0
002971,0
300323,0
000695,0
300639,0
002839,0
002177,0
000595,0
300322,0
300206,0
002087,0
002055,0
002682,0
002588,0
002702,0
002763,0
002646,0
000906,0
301126,0
000039,0
300718,0
002102,0
000517,0
300177,0
000958,0
002940,0
002672,0
002431,0
001215,0
002870,0
000809,0
000757,0
000507,0
300692,0
002955,0
000599,0
000593,0
002511,0
000685,0
002286,0
002291,0
000089,0
002053,0
001316,0
301085,0
000555,0
001872,0
002116,0
002225,0
300683,0
300358,0
002361,0
000551,0
300191,0
002630,0
300138,0
002522,0
300546,0
002807,0
000166,0
002686,0
301379,0
002165,0
001218,0
000558,0
301309,0
002727,0
002652,0
000711,0
002824,0
000042,0
002081,0
300979,0
300281,0
002135,0
002311,0
300820,0
002610,0
300943,0
002513,0
002495,0
000099,0
300712,0
002209,0
000509,0
000037,0
300016,0
002442,0
000667,0
000062,0
301176,0
301118,0
300567,0
300483,0
000586,0
000402,0
002201,0
002673,0
300022,0
002294,0
001231,0
300969,0
002666,0
300553,0
300875,0
300302,0
300335,0
000839,0
300397,0
000576,0
300117,0
000069,0
002082,0
300992,0
000792,0
002705,0
002833,0
300751,0
000031,0
300122,0
300430,0
301366,0
301021,0
000021,0
301317,0
300003,0
300723,0
002229,0
002010,0
002187,0
300320,0
000338,0
002274,0
002560,0
000712,0
300008,0
300227,0
000893,0
300911,0
300099,0
000750,0
002584,0
301356,0
000897,0
002420,0
000820,0
300480,0
002179,0
000078,0
301055,0
002485,0
000728,0
002810,0
002490,0
300755,0
301015,0
300405,0
002406,0
301058,0
000783,0
000537,0
300149,0
300949,0
000861,0
300621,0
002587,0
002284,0
002843,0
300265,0
002677,0
001339,0
002372,0
002608,0
300190,0
300991,0
301065,0
300106,0
000720,0
002643,0
301043,0
300771,0
000718,0
300295,0
300600,0
000557,0
300306,0
000676,0
000420,0
000707,0
000565,0
301062,0
000488,0
300345,0
002310,0
002569,0
001201,0
002752,0
000791,0
002493,0
001234,0
000514,0
001219,0
002413,0
002557,0
002694,0
002061,0
000423,0
300901,0
002726,0
300933,0
000739,0
300363,0
000606,0
300460,0
301226,0
002956,0
002594,0
300640,0
000518,0
002617,0
300316,0
300284,0
300181,0
002325,0
301024,0
300741,0
300763,0
002678,0
002783,0
300072,0
300348,0
000040,0
301218,0
300009,0
002001,0
300422,0
300530,0
002822,0
000918,0
301335,0
002176,0
002254,0
002482,0
301157,0
000862,0
300047,0
002188,0
002958,0
000628,0
002507,0
300543,0
300256,0
000503,0
002762,0
301113,0
002183,0
300412,0
001289,0
000023,0
300689,0
002048,0
000963,0
002968,0
300453,0
300498,0
300703,0
300484,0
300300,0
000880,0
301267,0
002375,0
002066,0
301290,0
300711,0
300301,0
002570,0
000818,0
301053,0
300791,0
002172,0
300424,0
002581,0
002852,0
300893,0
000534,0
301282,0
002811,0
300562,0
301166,0
300098,0
002492,0
001226,0
300597,0
300247,0
002137,0
000068,0
000651,0
300432,0
002283,0
300864,0
000957,0
301028,0
300883,0
300780,0
000532,0
300255,0
002697,0
301083,0
300761,0
002520,0
000668,0
000971,0
000990,0
002393,0
300819,0
000828,0
300996,0
002645,0
003027,0
002497,0
000700,0
000004,0
000002,0
301336,0
002813,0
301005,0
000526,0
000582,0
002297,0
000733,0
002152,0
002545,0
002308,0
300747,0
300762,0
300851,0
300164,0
300527,0
002140,0
002562,0
300658,0
300583,0
002467,0
002889,0
002414,0
000762,0
002432,0
002109,0
000953,0
002250,0
001266,0
300719,0
000985,0
002877,0
300282,0
002198,0
301128,0
300760,0
000421,0
300289,0
002354,0
000686,0
002023,0
002831,0
300123,0
300163,0
002124,0
300813,0
000656,0
000800,0
002205,0
002054,0
301330,0
301258,0
300180,0
300374,0
301088,0
300869,0
301151,0
000637,0
300897,0
301148,0
002500,0
300745,0
002589,0
300419,0
002799,0
002192,0
002139,0
301331,0
002828,0
002538,0
301199,0
300601,0
002982,0
300482,0
000931,0
002380,0
301060,0
300841,0
300406,0
301063,0
301220,0
002083,0
000659,0
000010,0
301019,0
000027,0
300020,0
002748,0
000698,0
300886,0
002758,0
002766,0
300919,0
002746,0
300947,0
002030,0
002756,0
300876,0
002939,0
001255,0
002528,0
000920,0
000812,0
000905,0
300673,0
300439,0
300505,0
002772,0
002561,0
002396,0
000850,0
300727,0
000777,0
300198,0
002820,0
000679,0
300313,0
301036,0
300545,0
300030,0
000898,0
300061,0
300765,0
300063,0
000900,0
300070,0
002404,0
300237,0
001283,0
000498,0
002332,0
002543,0
301125,0
001296,0
001318,0
000965,0
000011,0
002775,0
000597,0
002035,0
300651,0
300679,0
001965,0
002887,0
300344,0
300766,0
300470,0
002670,0
000858,0
000713,0
300938,0
000721,0
300644,0
300731,0
002573,0
002075,0
000710,0
002592,0
300872,0
001203,0
000833,0
002211,0
300276,0
000536,0
002768,0
000301,0
002582,0
300922,0
301201,0
300137,0
000001,0
300511,0
000826,0
003023,0
002941,0
002515,0
300796,0
301072,0
300150,0
002785,0
002366,0
002259,0
002620,0
000622,0
301081,0
002443,0
301049,0
002357,0
300877,0
002002,0
300377,0
300899,0
002771,0
002401,0
002853,0
000912,0
301032,0
002714,0
000703,0
000425,0
000876,0
002470,0
300920,0
002352,0
300581,0
002146,0
000829,0
300539,0
001227,0
002650,0
000856,0
000006,0
000779,0
002170,0
300298,0
002539,0
000995,0
002301,0
002659,0
000531,0
000987,0
000547,0
002382,0
300534,0
300357,0
300982,0
000869,0
300387,0
301098,0
300326,0
300125,0
300950,0
300785,0
300753,0
000903,0
000546,0
300716,0
002104,0
000895,0
300987,0
002636,0
301000,0
002394,0
300071,0
000885,0
000626,0
002353,0
001256,0
300487,0
002019,0
000061,0
000875,0
000702,0
000655,0
301286,0
300725,0
002095,0
300598,0
000090,0
300867,0
000715,0
000927,0
002305,0
002551,0
300121,0
301235,0
000417,0
002542,0
300390,0
002216,0
002830,0
300059,0
000019,0
301152,0
002835,0
301228,0
300814,0
000652,0
300101,0
002567,0
301068,0
000008,0
002667,0
002238,0
002057,0
002330,0
000788,0
000759,0
300732,0
000732,0
300500,0
002100,0
001979,0
002027,0
002277,0
300858,0
300238,0
000553,0
002687,0
301153,0
300436,0
001225,0
301179,0
002629,0
300627,0
002583,0
002930,0
301122,0
300529,0
002370,0
300193,0
002003,0
003030,0
002096,0
002535,0
002314,0
002421,0
000899,0
000566,0
301075,0
001896,0
000419,0
300143,0
002732,0
000983,0
300774,0
301195,0
300167,0
000403,0
300239,0
002133,0
002316,0
300411,0
300918,0
000797,0
002065,0
300663,0
300152,0
002781,0
002076,0
000982,0
300847,0
300029,0
000719,0
000600,0
002461,0
300533,0
000911,0
002154,0
300437,0
002207,0
000627,0
000632,0
002049,0
300017,0
002043,0
000883,0
301168,0
301048,0
002628,0
300465,0
000929,0
002848,0
301149,0
300691,0
002118,0
300079,0
300497,0
301369,0
002390,0
000831,0
300110,0
002039,0
301097,0
300463,0
300649,0
300572,0
300705,0
002700,0
300171,0
002793,0
300132,0
300365,0
301116,0
300892,0
300287,0
300391,0
300742,0
300559,0
000923,0
300682,0
001205,0
300448,0
300318,0
000571,0
002690,0
002038,0
000799,0
002455,0
002637,0
002633,0
300815,0
002647,0
300587,0
301127,0
000961,0
300434,0
002117,0
300204,0
301130,0
002575,0
300769,0
000908,0
002778,0
002298,0
000932,0
300961,0
301303,0
000980,0
300636,0
000548,0
300653,0
002910,0
002668,0
002868,0
300560,0
300839,0
002928,0
002062,0
000848,0
002932,0
002661,0
002072,0
001332,0
002005,0
301139,0
001338,0
002537,0
300994,0
300314,0
000669,0
300948,0
002040,0
300203,0
000623,0
300261,0
001331,0
000568,0
000722,0
000056,0
301306,0
300006,0
000997,0
300194,0
300929,0
002244,0
000520,0
002649,0
002462,0
001208,0
002437,0
000709,0
300662,0
000717,0
003020,0
002299,0
300531,0
301301,0
001268,0
002977,0
301030,0
003013,0
300342,0
000889,0
000998,0
002148,0
300981,0
002751,0
301207,0
301277,0
002898,0
300474,0
300166,0
300857,0
301052,0
300015,0
301181,0
002362,0
301057,0
002967,0
002252,0
300074,0
002214,0
002692,0
002373,0
000609,0
301087,0
002110,0
002548,0
002951,0
300290,0
002331,0
000928,0
000708,0
300078,0
002895,0
300721,0
000919,0
002193,0
300729,0
301136,0
000701,0
002269,0
002985,0
301339,0
002200,0
300513,0
002474,0
300551,0
300489,0
002374,0
000825,0
301167,0
300635,0
301101,0
003037,0
002872,0
000605,0
301031,0
002923,0
300136,0
301129,0
300957,0
002078,0
000851,0
300189,0
002105,0
300798,0
002530,0
002319,0
002086,0
000038,0
301078,0
000543,0
300199,0
003007,0
002279,0
002816,0
000070,0
300254,0
301038,0
000690,0
300960,0
002287,0
002791,0
300903,0
301039,0
300267,0
002230,0
000505,0
301017,0
300333,0
003005,0
000608,0
000650,0
300642,0
002862,0
301010,0
300746,0
000948,0
002900,0
002737,0
002544,0
002907,0
002755,0
001217,0
300909,0
002268,0
000816,0
002508,0
300970,0
002385,0
300521,0
301091,0
002293,0
002946,0
002417,0
301089,0
002093,0
300144,0
300668,0
002435,0
002935,0
002251,0
000815,0
001298,0
300873,0
002336,0
002468,0
300844,0
000572,0
300036,0
002527,0
002566,0
301311,0
300468,0
002607,0
001259,0
002197,0
003029,0
300871,0
000959,0
000513,0
000950,0
300246,0
301396,0
301215,0
300775,0
300878,0
003012,0
002757,0
002826,0
301117,0
000806,0
300823,0
300998,0
003025,0
002693,0
300236,0
000790,0
300879,0
300504,0
301042,0
000590,0
301197,0
002713,0
301115,0
300555,0
000915,0
000540,0
001202,0
301373,0
300151,0
002503,0
000616,0
001238,0
301260,0
001317,0
300848,0
002173,0
300837,0
002657,0
300386,0
002891,0
300538,0
002151,0
300311,0
000966,0
000046,0
001209,0
300967,0
002465,0
300650,0
002780,0
002761,0
000560,0
300086,0
002568,0
000411,0
000766,0
301367,0
300147,0
002638,0
000925,0
300383,0
300111,0
000767,0
002423,0
000415,0
300984,0
002859,0
003010,0
002980,0
001222,0
002234,0
002504,0
300240,0
300937,0
300039,0
002368,0
002947,0
000538,0
300119,0
000584,0
300341,0
000952,0
000063,0
300231,0
000150,0
300159,0
300075,0
301079,0
002345,0
300449,0
002349,0
002317,0
002107,0
301016,0
000705,0
300109,0
002422,0
000153,0
002296,0
300421,0
300809,0
300233,0
000501,0
300519,0
002113,0
002864,0
002603,0
002248,0
000670,0
301156,0
301276,0
002880,0
000901,0
300865,0
300085,0
002929,0
002789,0
002989,0
300352,0
300044,0
300966,0
001299,0
300332,0
000554,0
002626,0
300307,0
300564,0
003003,0
301035,0
001267,0
002318,0
301165,0
301316,0
300675,0
301080,0
002041,0
300730,0
300469,0
000860,0
300338,0
300655,0
300108,0
300435,0
300906,0
300359,0
002550,0
301045,0
301027,0
002856,0
301013,0
002378,0
301288,0
300288,0
300455,0
301257,0
300262,0
301059,0
300659,0
002593,0
300346,0
300573,0
300779,0
300563,0
300558,0
300935,0
300832,0
301096,0
000539,0
003031,0
002634,0
002424,0
000752,0
001207,0
300983,0
300571,0
002016,0
300855,0
300905,0
000692,0
000736,0
300389,0
301211,0
300350,0
000519,0
002532,0
300971,0
301233,0
000890,0
002412,0
300590,0
002621,0
000813,0
000756,0
002750,0
000716,0
300908,0
001368,0
301111,0
300542,0
300665,0
002020,0
003032,0
301178,0
002365,0
300271,0
002047,0
300211,0
300637,0
300896,0
300584,0
300931,0
002644,0
300250,0
301296,0
300427,0
300200,0
300614,0
300253,0
000615,0
002847,0
002883,0
000561,0
000798,0
000567,0
300353,0
002987,0
001278,0
300977,0
002458,0
001228,0
002235,0
301289,0
300134,0
000666,0
300743,0
300773,0
301313,0
002999,0
300674,0
002446,0
003042,0
300459,0
300523,0
002819,0
003001,0
301070,0
002729,0
300399,0
300294,0
300479,0
300959,0
300158,0
301263,0
002063,0
300856,0
002728,0
300013,0
000755,0
300733,0
002512,0
002769,0
300293,0
300087,0
002840,0
300898,0
300188,0
300825,0
301279,0
301227,0
300369,0
002099,0
300942,0
300012,0
300495,0
001366,0
002410,0
002912,0
000989,0
301419,0
002886,0
300026,0
002044,0
002007,0
000151,0
300485,0
300576,0
301056,0
000026,0
300609,0
002178,0
300525,0
002972,0
300212,0
002808,0
300579,0
300452,0
300812,0
002123,0
300972,0
002052,0
300273,0
002873,0
300603,0
301408,0
002120,0
002683,0
002656,0
300042,0
002433,0
300578,0
002878,0
003002,0
300058,0
000972,0
002338,0
300608,0
000525,0
301266,0
002021,0
000796,0
002740,0
002430,0
300260,0
300989,0
000661,0
300496,0
301297,0
002282,0
301391,0
000028,0
002119,0
003000,0
002153,0
301380,0
301259,0
300685,0
300051,0
301318,0
000999,0
002849,0
000032,0
002796,0
300768,0
301333,0
300130,0
300634,0
002115,0
300252,0
300561,0
300392,0
300884,0
300895,0
002991,0
003016,0
300442,0
300225,0
300297,0
002419,0
301029,0
002805,0
002439,0
001270,0
000819,0
300454,0
000617,0
000516,0
300738,0
002612,0
000697,0
301161,0
300536,0
300672,0
300041,0
002993,0
300146,0
300275,0
002800,0
300778,0
300089,0
300309,0
300736,0
300964,0
301071,0
301439,0
301246,0
839790,0
831152,0
836395,0
834062,0
831855,0
831856,0
836720,0
835185,0
430090,0
838971,0
830832,0
834014,0
836892,0
871245,0
835368,0
832171,0
870866,0
837212,0
831726,0
832278,0
838924,0
872351,0
837092,0
870204,0
833873,0
870436,0
833266,0
834415,0
835179,0
872925,0
836871,0
836260,0
830879,0
430564,0
873527,0
839729,0
831305,0
872374,0
836270,0
870299,0
838275,0
837344,0
836433,0
836422,0
835174,0
834639,0
833580,0
833533,0
832876,0
832662,0
831445,0
831167,0
831039,0
430425,0
838227,0
837821,0
872808,0
833346,0
839680,0
430300,0
834765,0
430489,0
833454,0
834682,0
833819,0
430718,0
837046,0
835184,0
430510,0
871857,0
833171,0
832802,0
831834,0
835237,0
831010,0
871753,0
831195,0
836942,0
873169,0
873122,0
831370,0
836957,0
871634,0
873339,0
832225,0
833230,0
832149,0
873001,0
834599,0
834475,0
430476,0
838810,0
872190,0
836149,0
836807,0
833509,0
839273,0
837242,0
872541,0
830799,0
833075,0
830964,0
838670,0
836675,0
836247,0
836414,0
834021,0
832419,0
830839,0
870199,0
833781,0
870508,0
831526,0
835857,0
838262,0
834950,0
832110,0
871553,0
832566,0
430139,0
871970,0
873223,0
835207,0
833429,0
831768,0
831832,0
871396,0
836263,0
832145,0
839946,0
838163,0
836077,0
872392,0
833427,0
835508,0
871981,0
832000,0
832023,0
873167,0
834407,0
833943,0
832491,0
831689,0
832735,0
831906,0
430418,0
834033,0
873305,0
834770,0
838030,0
832885,0
832089,0
833523,0
835670,0
430478,0
430198,0
838171,0
871642,0
835985,0
831278,0
839371,0
835892,0
870357,0
835305,0
839725,0
830946,0
831641,0
831961,0
430047,0
835640,0
836826,0
873152,0
837663,0
839167,0
836239,0
831087,0
430556,0
838402,0
830974,0
833914,0
430685,0
833575,0
