date,code,open,high,low,close,preclose,volume,amount,pctChg
2021-07-02,sh.000001,3569.8919,3569.8919,3514.3386,3518.7595,3588.7816,29194554800,452263194296.0000,-1.951139
2021-07-05,sh.000001,3516.9228,3534.3222,3510.5781,3534.3222,3518.7595,28809483700,445431942146.6000,0.442278
2021-07-06,sh.000001,3533.1304,3538.347,3496.9276,3530.2589,3534.3222,31407021100,492886901185.7000,-0.114967
2021-07-07,sh.000001,3508.5901,3557.879,3504.4723,3553.7155,3530.2589,31883918900,457607653225.2000,0.664444
2021-07-08,sh.000001,3557.2177,3558.6772,3521.0579,3525.5039,3553.7155,35087785700,526858672969.7000,-0.793862
2021-07-09,sh.000001,3512.2334,3529.3098,3485.0543,3524.0881,3525.5039,34988431700,493020839328.1000,-0.040159
2021-07-12,sh.000001,3545.1977,3565.0321,3527.3927,3547.8362,3524.0881,40363955800,564759282705.9000,0.673879
2021-07-13,sh.000001,3547.5897,3567.4813,3542.8154,3566.5225,3547.8362,36241671100,511917230695.4000,0.526696
2021-07-14,sh.000001,3560.8281,3560.8281,3525.4938,3528.5011,3566.5225,37222172200,507716415421.5000,-1.066064
2021-07-15,sh.000001,3519.063,3565.9347,3514.258,3564.5902,3528.5011,36325916400,507481841307.9000,1.022788
2021-07-16,sh.000001,3559.526,3565.9992,3537.7288,3539.3038,3564.5902,36601477900,518640630071.4000,-0.709377
2021-07-19,sh.000001,3530.4932,3544.8793,3506.3423,3539.1225,3539.3038,33676094600,486952459447.0000,-0.005122
2021-07-20,sh.000001,3515.0718,3538.6361,3509.1916,3536.7905,3539.1225,29378059400,422649888643.3000,-0.065892
2021-07-21,sh.000001,3543.0534,3569.0898,3543.0534,3562.6611,3536.7905,33897874800,517239989150.0000,0.731471
2021-07-22,sh.000001,3563.6608,3576.4732,3558.2933,3574.7344,3562.6611,38106705400,566769499164.9000,0.338884
2021-07-23,sh.000001,3571.7152,3571.8541,3541.5101,3550.3964,3574.7344,44642124600,604195152712.6000,-0.680834
2021-07-26,sh.000001,3538.0143,3538.0143,3424.7424,3467.4409,3550.3964,44288220300,639061193803.4000,-2.336514
2021-07-27,sh.000001,3467.4473,3483.8738,3380.2763,3381.1833,3467.4409,46907544300,702741087489.6000,-2.487644
2021-07-28,sh.000001,3355.8189,3385.536,3312.7206,3361.5895,3381.1833,39582541900,564697720125.2000,-0.579495
2021-07-29,sh.000001,3403.8383,3416.6071,3382.571,3411.724,3361.5895,34456942800,539748855382.9000,1.491393
2021-07-30,sh.000001,3398.196,3404.8813,3370.4506,3397.3574,3411.7240,38144095600,568820969728.0000,-0.421095
2021-08-02,sh.000001,3385.6902,3464.2914,3367.643,3464.2854,3397.3574,43292787100,657885783920.1000,1.970002
2021-08-03,sh.000001,3446.7841,3470.6571,3435.4619,3447.9914,3464.2854,40069808100,603419198485.3000,-0.470342
2021-08-04,sh.000001,3442.9368,3477.5972,3440.7835,3477.2186,3447.9914,34874421800,546820755983.3000,0.847659
2021-08-05,sh.000001,3461.7185,3486.1572,3449.3885,3466.5491,3477.2186,34843692200,540401110891.4000,-0.306840
2021-08-06,sh.000001,3465.4842,3466.3904,3436.9317,3458.2277,3466.5491,33682440000,516406643135.9000,-0.240049
2021-08-09,sh.000001,3441.7502,3502.841,3438.703,3494.6348,3458.2277,34991009400,539498929566.9000,1.052768
2021-08-10,sh.000001,3488.6642,3529.9309,3477.0641,3529.9309,3494.6348,34511299200,553440311801.5000,1.010008
2021-08-11,sh.000001,3527.1093,3544.0941,3524.0444,3532.6213,3529.9309,38378355400,541942732599.5000,0.076217
2021-08-12,sh.000001,3522.7238,3538.396,3513.4457,3524.7374,3532.6213,38107459300,538163449854.1000,-0.223174
2021-08-13,sh.000001,3514.4671,3540.0799,3500.7995,3516.2989,3524.7374,37818728200,532907854295.3000,-0.239408
2021-08-16,sh.000001,3514.3445,3537.85,3510.8976,3517.3447,3516.2989,39109972100,535458941417.3000,0.029741
2021-08-17,sh.000001,3512.109,3531.7249,3438.1233,3446.976,3517.3447,42288580400,570430624019.0000,-2.000620
2021-08-18,sh.000001,3442.3472,3487.4364,3437.6908,3485.2859,3446.9760,38920375600,535463068065.5000,1.111406
2021-08-19,sh.000001,3475.298,3480.4598,3446.0146,3465.5546,3485.2859,38238303100,537926524371.7000,-0.566131
2021-08-20,sh.000001,3442.5062,3453.1531,3394.9723,3427.3338,3465.5546,39113691800,552667602551.7000,-1.102877
2021-08-23,sh.000001,3436.7963,3481.2543,3436.6706,3477.1321,3427.3338,38472744000,564308155513.8000,1.452975
2021-08-24,sh.000001,3482.2658,3522.6973,3481.1409,3514.471,3477.1321,43023646300,616084137941.8000,1.073842
2021-08-25,sh.000001,3517.9151,3540.3948,3510.0664,3540.3837,3514.4710,45004701900,598611868655.4000,0.737314
2021-08-26,sh.000001,3537.3139,3537.3155,3499.4529,3501.6643,3540.3837,50290314700,622393475972.1000,-1.093650
2021-08-27,sh.000001,3494.4176,3530.1927,3493.375,3522.1567,3501.6643,45534590600,595518692637.8000,0.585219
2021-08-30,sh.000001,3535.0727,3539.494,3512.9929,3528.1512,3522.1567,51278571600,699116242830.1000,0.170194
2021-08-31,sh.000001,3519.0245,3543.9402,3496.3891,3543.9402,3528.1512,52420505600,703504818921.0000,0.447515
2021-09-01,sh.000001,3543.8663,3582.3236,3514.6744,3567.1008,3543.9402,66727630500,842528984364.2000,0.653527
2021-09-02,sh.000001,3559.9025,3597.3656,3557.6769,3597.0426,3567.1008,57268403900,691113292774.5000,0.839388
2021-09-03,sh.000001,3602.7421,3613.948,3569.3989,3581.7344,3597.0426,61453235300,743840780596.8000,-0.425577
2021-09-06,sh.000001,3580.1413,3626.2865,3580.1413,3621.8593,3581.7344,52171327600,654085732918.6000,1.120265
2021-09-07,sh.000001,3621.7099,3681.9254,3615.1444,3676.5866,3621.8593,54772187500,658867924825.1000,1.511028
2021-09-08,sh.000001,3673.4023,3695.3204,3660.9998,3675.1865,3676.5866,58643619300,674348482657.3000,-0.038082
2021-09-09,sh.000001,3666.8246,3693.4499,3662.1633,3693.1296,3675.1865,60481033000,679465424376.3000,0.488223
2021-09-10,sh.000001,3691.1856,3722.8732,3681.6415,3703.1103,3693.1296,63520043300,759084638082.2000,0.270250
2021-09-13,sh.000001,3699.2534,3716.8315,3692.8157,3715.3723,3703.1103,55748401900,696192354652.1000,0.331127
2021-09-14,sh.000001,3709.6336,3723.8451,3655.6341,3662.6015,3715.3723,56495238600,693778088251.5000,-1.420337
2021-09-15,sh.000001,3651.1583,3677.5265,3638.3225,3656.2232,3662.6015,47497000100,604231544087.7000,-0.174147
2021-09-16,sh.000001,3664.841,3677.9198,3606.7276,3607.0922,3656.2232,54674147400,673955340424.8000,-1.343764
2021-09-17,sh.000001,3595.2715,3620.9575,3569.2707,3613.9663,3607.0922,51685021000,628834394261.2000,0.190572
2021-09-22,sh.000001,3563.2074,3629.4539,3560.5033,3628.4897,3613.9663,47229605300,559874729606.3000,0.401869
2021-09-23,sh.000001,3651.2661,3670.9542,3632.2822,3642.2204,3628.4897,53499548600,633218929071.3000,0.378414
2021-09-24,sh.000001,3637.8677,3651.4294,3607.7919,3613.0673,3642.2204,50730477200,606788609082.6000,-0.800421
2021-09-27,sh.000001,3625.9597,3640.8077,3559.9154,3582.8307,3613.0673,51080279500,640673648233.4000,-0.836868
2021-09-28,sh.000001,3577.8859,3610.917,3568.8189,3602.2184,3582.8307,44416880700,500081996059.9000,0.541128
2021-09-29,sh.000001,3573.5178,3573.5178,3518.0477,3536.2944,3602.2184,45251115100,511106926314.6000,-1.830094
2021-09-30,sh.000001,3541.9283,3572.4259,3541.9283,3568.1668,3536.2944,39562962600,445734703143.3000,0.901294
2021-10-08,sh.000001,3609.0874,3612.5539,3571.7338,3592.1666,3568.1668,40716114800,492964826434.7000,0.672609
2021-10-11,sh.000001,3600.3569,3614.6988,3586.7487,3591.7087,3592.1666,39436115900,468673831444.8000,-0.012747
2021-10-12,sh.000001,3581.2967,3583.6391,3515.1408,3546.9362,3591.7087,40539374800,461983492101.9000,-1.246552
2021-10-13,sh.000001,3543.4918,3569.1332,3515.6481,3561.7623,3546.9362,32505066700,405020008806.9000,0.417997
2021-10-14,sh.000001,3555.1085,3569.6864,3547.182,3558.2795,3561.7623,29496919600,377519263093.5000,-0.097783
2021-10-15,sh.000001,3551.9874,3578.7661,3542.6932,3572.3662,3558.2795,32029298400,425924720863.9000,0.395885
2021-10-18,sh.000001,3571.0482,3571.0482,3539.4779,3568.1379,3572.3662,34095061600,455787893424.6000,-0.118361
2021-10-19,sh.000001,3562.2955,3596.7875,3560.6221,3593.1533,3568.1379,33419765200,440181531800.2000,0.701077
2021-10-20,sh.000001,3583.2364,3596.0499,3574.2957,3587.0009,3593.1533,34424500800,450482950931.8000,-0.171226
2021-10-21,sh.000001,3590.0496,3610.9602,3576.3547,3594.7831,3587.0009,35231086700,453571672488.3000,0.216956
2021-10-22,sh.000001,3594.7457,3607.5776,3578.7602,3582.6036,3594.7831,35315720300,455441250136.4000,-0.338810
2021-10-25,sh.000001,3574.2631,3611.0908,3564.2059,3609.8626,3582.6036,32119681600,443961628844.7000,0.760871
2021-10-26,sh.000001,3612.8332,3625.0156,3589.706,3597.6377,3609.8626,33727829100,465179593747.4000,-0.338653
2021-10-27,sh.000001,3589.8573,3589.8573,3553.1277,3562.3052,3597.6377,35062094000,470777794111.8000,-0.982103
2021-10-28,sh.000001,3548.7021,3552.0419,3509.4872,3518.4166,3562.3052,37817166600,502982768104.7000,-1.232028
2021-10-29,sh.000001,3519.3276,3547.3361,3502.8013,3547.3361,3518.4166,35880937700,527231831380.4000,0.821946
2021-11-01,sh.000001,3530.3963,3556.59,3519.2901,3544.4795,3547.3361,38225132500,564100255083.6000,-0.080528
2021-11-02,sh.000001,3543.3827,3559.0478,3477.664,3505.6283,3544.4795,41756317300,585519469752.3000,-1.096105
2021-11-03,sh.000001,3501.1051,3512.6089,3480.4877,3498.5368,3505.6283,30660766900,449115126719.8000,-0.202289
2021-11-04,sh.000001,3505.8944,3527.9517,3503.0059,3526.8657,3498.5368,31944082900,468829179598.2000,0.809736
2021-11-05,sh.000001,3520.2073,3525.8723,3491.4565,3491.5677,3526.8657,35453356500,485823223512.6000,-1.000832
2021-11-08,sh.000001,3491.9709,3507.2744,3484.2399,3498.6308,3491.5677,29818372200,421968075350.8000,0.202290
2021-11-09,sh.000001,3507.1075,3514.9512,3489.0431,3507.0018,3498.6308,28731598900,421200703325.6000,0.239265
2021-11-10,sh.000001,3498.9445,3498.9445,3448.4378,3492.4616,3507.0018,30703070800,443112742292.4000,-0.414605
2021-11-11,sh.000001,3486.451,3534.1991,3482.8291,3532.7858,3492.4616,32208795700,464803859154.0000,1.154607
2021-11-12,sh.000001,3534.1512,3543.648,3527.3896,3539.1002,3532.7858,30868335400,443398366972.6000,0.178737
2021-11-15,sh.000001,3542.9034,3550.4438,3521.2924,3533.3026,3539.1002,31301761200,464065405724.2000,-0.163816
2021-11-16,sh.000001,3530.4575,3549.7654,3517.8065,3521.7867,3533.3026,31039990900,444700782764.8000,-0.325925
2021-11-17,sh.000001,3518.5646,3537.5125,3513.523,3537.3662,3521.7867,27673567100,401552317882.5000,0.442375
2021-11-18,sh.000001,3531.4923,3537.9758,3513.1136,3520.7106,3537.3662,31242692700,432898314219.4000,-0.470847
2021-11-19,sh.000001,3519.2758,3561.9127,3517.6514,3560.3734,3520.7106,31798997600,440593605999.1000,1.126557
2021-11-22,sh.000001,3562.7628,3585.1876,3562.7505,3582.0797,3560.3734,33000938500,509123407001.0000,0.609664
2021-11-23,sh.000001,3580.5058,3598.3749,3577.3608,3589.0894,3582.0797,36001159300,508083893762.4000,0.195688
2021-11-24,sh.000001,3590.0189,3602.7354,3575.2884,3592.7025,3589.0894,33677524600,481020419983.3000,0.100669
2021-11-25,sh.000001,3593.3883,3597.1478,3579.5333,3584.1788,3592.7025,30645151800,450558843113.7000,-0.237250
2021-11-26,sh.000001,3576.1136,3576.1136,3554.8798,3564.0894,3584.1788,30100006600,434625236058.4000,-0.560502
2021-11-29,sh.000001,3528.672,3563.677,3526.3551,3562.6968,3564.0894,33361833100,490038170242.3000,-0.039073
2021-11-30,sh.000001,3570.7468,3582.115,3546.3618,3563.8872,3562.6968,34918793800,493605518047.7000,0.033413
2021-12-01,sh.000001,3561.886,3576.8853,3558.691,3576.8853,3563.8872,32987351700,467522790618.6000,0.364717
2021-12-02,sh.000001,3573.2468,3586.867,3567.137,3573.8358,3576.8853,35404152400,468424828237.9000,-0.085256
2021-12-03,sh.000001,3576.4496,3608.4698,3573.2135,3607.4322,3573.8358,37755104800,493565554762.0000,0.940066
2021-12-06,sh.000001,3615.2356,3626.1257,3586.8052,3589.3061,3607.4322,41867674300,528229670826.2000,-0.502465
2021-12-07,sh.000001,3611.217,3614.2228,3572.5688,3595.0882,3589.3061,40384259400,524119459396.5000,0.161092
2021-12-08,sh.000001,3602.824,3637.715,3591.9857,3637.5675,3595.0882,36103665700,486034352141.6000,1.181593
2021-12-09,sh.000001,3641.1579,3688.3968,3638.7022,3673.0412,3637.5675,43191815700,568529389584.2000,0.975204
2021-12-10,sh.000001,3654.3684,3667.8547,3651.3525,3666.3479,3673.0412,41998880100,556324240458.9000,-0.182228
2021-12-13,sh.000001,3686.9368,3708.9424,3678.0583,3681.082,3666.3479,42409200900,574187961681.6000,0.401874
2021-12-14,sh.000001,3669.8067,3671.6784,3654.6561,3661.5253,3681.0820,36217193400,487468521311.8000,-0.531276
2021-12-15,sh.000001,3655.0489,3668.4016,3645.2425,3647.6303,3661.5253,37747766700,481134370303.0000,-0.379487
2021-12-16,sh.000001,3648.9271,3675.016,3644.6646,3675.016,3647.6303,38132950700,465911359475.0000,0.750781
2021-12-17,sh.000001,3670.2578,3673.6535,3631.6605,3632.3638,3675.0160,40848783700,491952923488.6000,-1.160599
2021-12-20,sh.000001,3620.0371,3643.9537,3589.3603,3593.6019,3632.3638,42385141000,491828987623.9000,-1.067126
2021-12-21,sh.000001,3591.4519,3627.0884,3591.4519,3625.1251,3593.6019,40818434800,428379392341.4000,0.877203
2021-12-22,sh.000001,3632.6763,3635.8992,3616.5477,3622.6178,3625.1251,39482517700,432451306637.3000,-0.069165
2021-12-23,sh.000001,3625.4695,3643.5459,3618.048,3643.3391,3622.6178,38292573400,449988152723.4000,0.571998
2021-12-24,sh.000001,3645.3948,3648.9556,3612.0673,3618.0535,3643.3391,39034762500,476261146266.8000,-0.694023
2021-12-27,sh.000001,3613.0469,3632.188,3601.9351,3615.9741,3618.0535,32923529300,407482648446.3000,-0.057473
2021-12-28,sh.000001,3619.6419,3631.0766,3607.3643,3630.1115,3615.9741,31620224200,408761369695.7000,0.390971
2021-12-29,sh.000001,3630.9159,3630.9159,3596.3225,3597.0002,3630.1115,30513176600,410425339496.9000,-0.912129
2021-12-30,sh.000001,3596.4921,3628.9177,3595.4957,3619.1886,3597.0002,30783929100,413947692796.1000,0.616858
2021-12-31,sh.000001,3626.242,3642.843,3624.9419,3639.7754,3619.1886,32968193200,433489803103.5000,0.568824
2022-01-04,sh.000001,3649.151,3651.8924,3610.0922,3632.3289,3639.7754,40502776900,510251060624.8000,-0.204587
2022-01-05,sh.000001,3628.2634,3628.2634,3583.4668,3595.1761,3632.3289,42390202800,538963631684.2000,-1.022837
2022-01-06,sh.000001,3581.2184,3594.489,3559.8803,3586.0792,3595.1761,37154054300,474284290005.4000,-0.253031
2022-01-07,sh.000001,3588.9851,3607.2316,3577.0976,3579.5427,3586.0792,43630696100,502891435426.0000,-0.182274
2022-01-10,sh.000001,3572.7434,3593.5187,3555.1255,3593.5187,3579.5427,35622261000,443400848592.4000,0.390441
2022-01-11,sh.000001,3589.9043,3602.1454,3562.7541,3567.4409,3593.5187,35976186300,441300566933.6000,-0.725690
2022-01-12,sh.000001,3578.1629,3599.4993,3572.0965,3597.4321,3567.4409,34313295600,435817892979.5000,0.840692
2022-01-13,sh.000001,3601.0265,3601.0725,3555.1576,3555.2585,3597.4321,36936836500,457005419279.0000,-1.172325
2022-01-14,sh.000001,3544.0652,3548.4204,3519.3222,3521.2559,3555.2585,37693702400,463197641865.6000,-0.956403
2022-01-17,sh.000001,3522.0851,3546.0853,3519.4257,3541.666,3521.2559,31288673300,438272981569.4000,0.579626
2022-01-18,sh.000001,3541.8899,3579.3126,3531.3295,3569.9144,3541.6660,37714643500,470832038609.3000,0.797602
2022-01-19,sh.000001,3567.6309,3578.7348,3541.6619,3558.1796,3569.9144,33323526900,420763364209.5000,-0.328714
2022-01-20,sh.000001,3556.2262,3576.2594,3540.5545,3555.0629,3558.1796,37950984600,459701843414.5000,-0.087593
2022-01-21,sh.000001,3546.7495,3547.0003,3514.8853,3522.5679,3555.0629,32653488000,417768922557.8000,-0.914049
2022-01-24,sh.000001,3508.2441,3531.6081,3500.1391,3524.105,3522.5679,28026834200,358009694270.3000,0.043636
2022-01-25,sh.000001,3509.2847,3519.8334,3433.0612,3433.0612,3524.1050,32735381300,383727737453.7000,-2.583459
2022-01-26,sh.000001,3442.6916,3462.1233,3417.7585,3455.6679,3433.0612,27512282800,338312361452.2000,0.658500
2022-01-27,sh.000001,3456.1021,3456.363,3392.0154,3394.2474,3455.6679,28060653400,346533957923.7000,-1.777384
2022-01-28,sh.000001,3407.5933,3417.0453,3356.5558,3361.4397,3394.2474,29085525700,353774612581.0000,-0.966568
2022-02-07,sh.000001,3407.7621,3434.0256,3407.7621,3429.5809,3361.4397,32048521100,357140422916.9000,2.027143
2022-02-08,sh.000001,3428.5424,3453.1863,3390.4578,3452.6288,3429.5809,36609386500,387969865736.4000,0.672033
2022-02-09,sh.000001,3450.818,3484.739,3444.0848,3479.9458,3452.6288,35024993600,393719989770.0000,0.791194
2022-02-10,sh.000001,3481.9101,3488.8552,3464.2169,3485.9071,3479.9458,35566626700,404969419399.4000,0.171304
2022-02-11,sh.000001,3472.2757,3500.1471,3459.3299,3462.9479,3485.9071,36135609000,426297923498.3000,-0.658629
2022-02-14,sh.000001,3451.8468,3457.2645,3415.4463,3428.8821,3462.9479,31527444800,361677855097.5000,-0.983723
2022-02-15,sh.000001,3428.0447,3447.4917,3421.6403,3446.0885,3428.8821,27555932200,341638876451.7000,0.501808
2022-02-16,sh.000001,3457.073,3475.0576,3453.8014,3465.8305,3446.0885,27499391300,325563412529.2000,0.572881
2022-02-17,sh.000001,3464.2091,3480.9719,3454.2767,3468.0354,3465.8305,29726268200,355783125696.6000,0.063618
2022-02-18,sh.000001,3451.6318,3490.7573,3447.0273,3490.7573,3468.0354,29514996300,327220393283.1000,0.655181
2022-02-21,sh.000001,3488.4057,3492.1994,3471.6858,3490.6123,3490.7573,30154174000,345398586146.4000,-0.004154
2022-02-22,sh.000001,3473.2874,3473.3931,3437.6717,3457.146,3490.6123,32627948400,387678927613.7000,-0.958752
2022-02-23,sh.000001,3458.5139,3490.7633,3458.1795,3489.1465,3457.1460,32560489500,415630339823.4000,0.925633
2022-02-24,sh.000001,3474.3692,3486.9773,3400.2136,3429.9564,3489.1465,48835490100,569794044219.7000,-1.696406
2022-02-25,sh.000001,3445.3361,3480.1756,3440.9339,3451.4061,3429.9564,37754255600,441659490622.0000,0.625364
2022-02-28,sh.000001,3450.3155,3462.3064,3425.5162,3462.3064,3451.4061,34583838800,413804526723.6000,0.315822
2022-03-01,sh.000001,3471.3646,3491.1317,3465.7154,3488.8347,3462.3064,32600166200,412562471160.4000,0.766203
2022-03-02,sh.000001,3478.2925,3486.6206,3466.9999,3484.1916,3488.8347,32936768400,380143816188.0000,-0.133085
2022-03-03,sh.000001,3495.928,3500.2872,3473.3376,3481.1125,3484.1916,41259428900,443621777161.5000,-0.088373
2022-03-04,sh.000001,3459.9845,3474.8816,3437.6964,3447.649,3481.1125,39352658100,430669055303.2000,-0.961288
2022-03-07,sh.000001,3438.5602,3438.5602,3360.7393,3372.8552,3447.6490,39358899900,458156894790.9000,-2.169415
2022-03-08,sh.000001,3372.5546,3383.6326,3287.3412,3293.5301,3372.8552,41592676600,485623581003.9000,-2.351868
2022-03-09,sh.000001,3303.706,3321.4811,3147.6768,3256.3884,3293.5301,46628556900,519833299622.0000,-1.127717
2022-03-10,sh.000001,3312.1789,3326.5827,3291.2352,3296.0922,3256.3884,37833637600,466084008360.9000,1.219259
2022-03-11,sh.000001,3259.3227,3315.6603,3217.4185,3309.7467,3296.0922,38406712700,458687054696.0000,0.414263
2022-03-14,sh.000001,3271.8902,3297.7973,3223.5328,3223.5328,3309.7467,33796868700,418055596108.9000,-2.604849
2022-03-15,sh.000001,3192.3637,3196.9161,3063.9652,3063.9652,3223.5328,46503716400,508158410060.0000,-4.950085
2022-03-16,sh.000001,3107.669,3177.7882,3023.3045,3170.7103,3063.9652,44466718900,522305342485.2000,3.483887
2022-03-17,sh.000001,3215.0105,3260.1673,3202.9337,3215.0445,3170.7103,42081345800,532549484015.7000,1.398242
2022-03-18,sh.000001,3207.1522,3260.7829,3197.3578,3251.0724,3215.0445,37303561100,428415081636.7000,1.120603
2022-03-21,sh.000001,3255.6152,3267.4982,3223.3892,3253.6857,3251.0724,35422848800,421076289728.0000,0.080383
2022-03-22,sh.000001,3249.5428,3279.1127,3239.5323,3259.8619,3253.6857,36119615800,402798964045.8000,0.189822
2022-03-23,sh.000001,3264.7923,3279.8868,3251.9817,3271.0325,3259.8619,34987537000,405422033501.5000,0.342671
2022-03-24,sh.000001,3256.0573,3266.8866,3236.6592,3250.2644,3271.0325,32900665400,390727516516.5000,-0.634910
2022-03-25,sh.000001,3247.1568,3257.1061,3211.6445,3212.2399,3250.2644,34002000600,389770395977.7000,-1.169889
2022-03-28,sh.000001,3185.1668,3230.2153,3159.8348,3214.5027,3212.2399,34499487300,374472279969.9000,0.070443
2022-03-29,sh.000001,3216.0118,3229.1766,3196.4553,3203.9393,3214.5027,31627364900,363964468654.2000,-0.328617
2022-03-30,sh.000001,3217.5921,3266.5959,3216.3023,3266.5959,3203.9393,36675367700,413008941329.0000,1.955611
2022-03-31,sh.000001,3256.1369,3272.04,3246.063,3252.2029,3266.5959,39843993400,428089033635.3000,-0.440612
2022-04-01,sh.000001,3234.668,3287.2285,3226.2965,3282.7166,3252.2029,37821046000,405675715433.2000,0.938247
2022-04-06,sh.000001,3269.427,3288.108,3255.6894,3283.4261,3282.7166,42964277900,433556392484.4000,0.021613
2022-04-07,sh.000001,3267.8103,3290.2561,3236.4791,3236.6951,3283.4261,40262666000,398081845472.6000,-1.423239
2022-04-08,sh.000001,3239.8767,3257.0938,3208.3521,3251.8502,3236.6951,41382679900,414037258374.8000,0.468228
2022-04-11,sh.000001,3239.855,3239.855,3156.5066,3167.1259,3251.8502,42416018500,435129505094.7000,-2.605418
2022-04-12,sh.000001,3165.1197,3214.5359,3140.8998,3213.3295,3167.1259,41832192300,422455849024.5000,1.458849
2022-04-13,sh.000001,3199.7972,3225.467,3183.533,3186.8244,3213.3295,39115692500,398216898477.4000,-0.824848
2022-04-14,sh.000001,3203.6337,3240.0014,3200.2346,3225.6412,3186.8244,37124234400,401191632081.2000,1.218040
2022-04-15,sh.000001,3210.6996,3229.8655,3200.1332,3211.2448,3225.6412,40784208200,413498819916.5000,-0.446311
2022-04-18,sh.000001,3185.9428,3204.0274,3166.9782,3195.524,3211.2448,34736512300,366380807917.7000,-0.489555
2022-04-19,sh.000001,3192.0924,3207.8276,3174.7138,3194.0287,3195.5240,33994410400,362769876685.7000,-0.046794
2022-04-20,sh.000001,3189.8912,3191.8315,3142.0485,3151.0498,3194.0287,36204703700,373572708095.7000,-1.345602
2022-04-21,sh.000001,3138.4276,3160.8994,3069.6809,3079.8077,3151.0498,39193469400,396542033946.7000,-2.260900
2022-04-22,sh.000001,3058.4044,3105.6552,3049.3555,3086.9193,3079.8077,34200056300,348793631074.8000,0.230911
2022-04-25,sh.000001,3034.2667,3043.8156,2928.5096,2928.5118,3086.9193,43360610800,427077210434.4000,-5.131572
2022-04-26,sh.000001,2930.4532,2957.68,2878.2563,2886.4257,2928.5118,40161515400,395985961275.4000,-1.437116
2022-04-27,sh.000001,2866.8161,2959.1781,2863.6497,2958.282,2886.4257,42306019100,422928346515.2000,2.489456
2022-04-28,sh.000001,2945.8109,2991.5101,2936.7941,2975.4848,2958.2820,37537177500,388743021897.8000,0.581513
2022-04-29,sh.000001,2986.0606,3048.4941,2968.334,3047.0624,2975.4848,42393279400,440422728847.8000,2.405578
2022-05-05,sh.000001,3044.8491,3082.2295,3042.1155,3067.7587,3047.0624,38307287500,409352003238.8000,0.679221
2022-05-06,sh.000001,3011.3187,3030.6926,2992.7152,3001.5605,3067.7587,34326421800,346214397719.6000,-2.157869
2022-05-09,sh.000001,2990.199,3015.9425,2983.6119,3004.1409,3001.5605,29206155600,299983258910.4000,0.085969
2022-05-10,sh.000001,2965.7759,3043.7789,2957.3968,3035.8442,3004.1409,37066098000,384012598374.9000,1.055320
2022-05-11,sh.000001,3035.3893,3100.8998,3034.6745,3058.7027,3035.8442,42399191200,472963382230.8000,0.752954
2022-05-12,sh.000001,3044.7997,3072.1574,3032.9452,3054.994,3058.7027,34444047700,368879652308.0000,-0.121251
2022-05-13,sh.000001,3068.0331,3086.0957,3059.2527,3084.2845,3054.9940,33173785200,340942192652.9000,0.958774
2022-05-16,sh.000001,3100.55,3102.577,3063.3977,3073.7488,3084.2845,33810849200,348957705493.7000,-0.341593
2022-05-17,sh.000001,3076.4982,3093.6965,3057.6406,3093.6965,3073.7488,33035653700,351671298470.6000,0.648970
2022-05-18,sh.000001,3095.8862,3105.8419,3071.305,3085.9768,3093.6965,31503792300,338849162214.0000,-0.249530
2022-05-19,sh.000001,3046.7104,3096.9648,3042.6742,3096.9648,3085.9768,33660074900,360018210692.0000,0.356062
2022-05-20,sh.000001,3107.0941,3146.5673,3107.0941,3146.5673,3096.9648,37233663600,415306218189.0000,1.601649
2022-05-23,sh.000001,3150.4898,3150.5093,3127.8986,3146.8573,3146.5673,35337632500,381178569221.6000,0.009216
2022-05-24,sh.000001,3149.059,3153.1299,3070.9272,3070.9272,3146.8573,41631215800,438605376463.8000,-2.412887
2022-05-25,sh.000001,3070.1702,3107.6279,3069.9459,3107.4641,3070.9272,34225922700,342322167668.5000,1.189768
2022-05-26,sh.000001,3111.4817,3133.2767,3079.4812,3123.1079,3107.4641,37030551800,377364655262.0000,0.503427
2022-05-27,sh.000001,3135.0315,3151.047,3112.5443,3130.2394,3123.1079,35946386600,372631595527.1000,0.228346
2022-05-30,sh.000001,3141.956,3150.8923,3123.1495,3149.0607,3130.2394,34936228500,376667694193.1000,0.601274
2022-05-31,sh.000001,3149.9443,3188.6026,3142.0044,3186.4271,3149.0607,37452326500,432528021880.2000,1.186589
2022-06-01,sh.000001,3179.6949,3190.6094,3160.0399,3182.1566,3186.4271,36566443200,402419941241.2000,-0.134022
2022-06-02,sh.000001,3170.3055,3197.2818,3163.7555,3195.458,3182.1566,36177063200,413729263916.9000,0.418000
2022-06-06,sh.000001,3196.9552,3237.071,3181.647,3236.3719,3195.4580,42202783500,517314346904.0000,1.280377
2022-06-07,sh.000001,3235.416,3253.093,3222.6354,3241.7635,3236.3719,40220322000,482203196909.9000,0.166594
2022-06-08,sh.000001,3245.0173,3266.6298,3216.0148,3263.7934,3241.7635,43418327000,508408534896.8000,0.679565
2022-06-09,sh.000001,3259.4899,3270.5571,3223.4751,3238.9543,3263.7934,42272837200,468458214289.7000,-0.761050
2022-06-10,sh.000001,3214.1848,3286.6195,3210.8083,3284.8341,3238.9543,43986573000,504153681088.1000,1.416500
2022-06-13,sh.000001,3256.275,3272.9906,3229.3089,3255.5511,3284.8341,43857831200,511966171759.0000,-0.891461
2022-06-14,sh.000001,3224.2141,3289.1343,3195.8192,3288.9066,3255.5511,45038818700,513844989478.5000,1.024573
2022-06-15,sh.000001,3289.1036,3358.5453,3288.8512,3305.4066,3288.9066,55058413100,621972527662.7000,0.501686
2022-06-16,sh.000001,3306.8353,3319.689,3277.5306,3285.3845,3305.4066,43322086800,506053993841.4000,-0.605738
2022-06-17,sh.000001,3265.5124,3323.2797,3262.8936,3316.7857,3285.3845,39530070000,497252170221.9000,0.955785
2022-06-20,sh.000001,3315.7833,3333.9025,3292.9279,3315.4302,3316.7857,41346041000,527751758046.3000,-0.040868
2022-06-21,sh.000001,3313.7874,3329.39,3279.8269,3306.7186,3315.4302,39445689100,471793645369.8000,-0.262759
2022-06-22,sh.000001,3309.1184,3311.0209,3266.5427,3267.2016,3306.7186,37552978200,440850994256.2000,-1.195052
2022-06-23,sh.000001,3269.0545,3320.1487,3262.2939,3320.1487,3267.2016,40061421100,474200107521.5000,1.620564
2022-06-24,sh.000001,3324.736,3356.7145,3322.9496,3349.747,3320.1487,39081973400,509615998469.1000,0.891475
2022-06-27,sh.000001,3364.003,3393.3091,3364.003,3379.1852,3349.7470,41411773800,541573846134.1000,0.878819
2022-06-28,sh.000001,3377.6793,3412.1017,3358.8666,3409.2103,3379.1852,41205651600,525512509334.6000,0.888531
2022-06-29,sh.000001,3399.6779,3414.6467,3358.4676,3361.5177,3409.2103,44057355900,561306976812.3000,-1.398934
2022-06-30,sh.000001,3358.9338,3417.0085,3358.9338,3398.6161,3361.5177,38124317800,510307202947.5000,1.103621
2022-07-01,sh.000001,3400.2616,3404.0523,3378.3621,3387.6373,3398.6161,35048929900,458435288455.9000,-0.323037
2022-07-04,sh.000001,3381.8194,3405.6185,3364.0947,3405.4267,3387.6373,35773791900,489347955346.8000,0.525127
2022-07-05,sh.000001,3411.1297,3424.8366,3372.0623,3404.0252,3405.4267,41169967200,516605703877.7000,-0.041155
2022-07-06,sh.000001,3391.0265,3391.0265,3333.0965,3355.3497,3404.0252,38463004700,487474666924.4000,-1.429939
2022-07-07,sh.000001,3353.1283,3375.8595,3332.3092,3364.398,3355.3497,33440020200,438203112921.0000,0.269668
2022-07-08,sh.000001,3380.3686,3386.3149,3354.1209,3356.0778,3364.3980,32292107200,421883933132.7000,-0.247301
2022-07-11,sh.000001,3341.1016,3341.1016,3297.005,3313.584,3356.0778,34266919300,424942266312.8000,-1.266174
2022-07-12,sh.000001,3307.2211,3319.2512,3277.0794,3281.4665,3313.5840,33460053900,410950560718.3000,-0.969268
2022-07-13,sh.000001,3279.6025,3297.0185,3266.4811,3284.2918,3281.4665,33184566900,394134617511.0000,0.086099
2022-07-14,sh.000001,3277.4545,3299.2512,3261.4934,3281.744,3284.2918,35592643200,431969353547.9000,-0.077575
2022-07-15,sh.000001,3261.3826,3288.9198,3228.0609,3228.0609,3281.7440,38015637100,460877019141.4000,-1.635810
2022-07-18,sh.000001,3235.0881,3278.4715,3226.2315,3278.1033,3228.0609,34834602200,423357272299.7000,1.550231
2022-07-19,sh.000001,3278.7221,3283.9295,3256.0152,3279.4313,3278.1033,31565191800,396042358323.1000,0.040511
2022-07-20,sh.000001,3291.5507,3308.3472,3287.7441,3304.7243,3279.4313,30151512300,383422746838.4000,0.771262
2022-07-21,sh.000001,3297.6614,3300.5345,3272.0012,3272.0012,3304.7243,33235870700,420696576741.5000,-0.990192
2022-07-22,sh.000001,3276.1966,3293.6439,3246.7313,3269.9739,3272.0012,30069006600,383576011593.0000,-0.061959
2022-07-25,sh.000001,3269.707,3273.1836,3243.0311,3250.388,3269.9739,27124574400,348281870965.0000,-0.598962
2022-07-26,sh.000001,3254.1852,3282.4133,3246.044,3277.4356,3250.3880,25946867600,334421587036.2000,0.832135
2022-07-27,sh.000001,3271.7825,3282.5739,3265.7267,3275.7553,3277.4356,24913148500,339768241053.0000,-0.051269
2022-07-28,sh.000001,3287.5019,3305.7057,3277.1078,3282.5758,3275.7553,28805505600,395925555549.0000,0.208212
2022-07-29,sh.000001,3282.8114,3294.8045,3246.3677,3253.2382,3282.5758,30733104700,410553093404.4000,-0.893737
2022-08-01,sh.000001,3246.6161,3264.3041,3225.5533,3259.9585,3253.2382,29220480500,399000239744.0000,0.206573
2022-08-02,sh.000001,3231.2621,3231.2621,3155.1866,3186.2664,3259.9585,39417616800,475962696161.0000,-2.260523
2022-08-03,sh.000001,3188.8906,3217.5496,3159.457,3163.6741,3186.2664,32488567300,455409764942.7000,-0.709052
2022-08-04,sh.000001,3179.4278,3190.9992,3155.7039,3189.0391,3163.6741,26089894300,371146916077.8000,0.801758
2022-08-05,sh.000001,3195.2274,3228.8863,3184.4549,3227.0267,3189.0391,27468372900,414055641493.2000,1.191193
2022-08-08,sh.000001,3218.8511,3237.9693,3214.0826,3236.9337,3227.0267,25426805000,392277178489.9000,0.307001
2022-08-09,sh.000001,3235.7351,3248.7718,3227.5394,3247.4318,3236.9337,25960546700,391415560267.1000,0.324322
2022-08-10,sh.000001,3242.3622,3253.1662,3217.8065,3230.02,3247.4318,25758359200,390066120147.4000,-0.536171
2022-08-11,sh.000001,3243.4716,3281.6654,3237.9041,3281.6654,3230.0200,30060537600,427399149616.3000,1.598919
2022-08-12,sh.000001,3275.77,3288.2233,3272.8406,3276.8877,3281.6654,29993292800,403906156288.7000,-0.145588
2022-08-15,sh.000001,3268.3653,3286.891,3261.8151,3276.087,3276.8877,28710677300,387257744646.1000,-0.024435
2022-08-16,sh.000001,3278.6756,3295.0226,3271.5703,3277.8847,3276.0870,30359227400,409210082291.4000,0.054873
2022-08-17,sh.000001,3282.1008,3295.9976,3263.3483,3292.526,3277.8847,32612475900,423859011368.3000,0.446669
2022-08-18,sh.000001,3286.3669,3289.1415,3270.5584,3277.5438,3292.5260,30169477800,418075199680.1000,-0.455037
2022-08-19,sh.000001,3275.6229,3286.4911,3258.0637,3258.0784,3277.5438,33353547100,457863361108.2000,-0.593902
2022-08-22,sh.000001,3249.7046,3278.1655,3247.187,3277.7943,3258.0784,31453786900,427653295825.9000,0.605139
2022-08-23,sh.000001,3274.427,3284.5963,3262.6331,3276.2234,3277.7943,31656635600,418311743962.9000,-0.047926
2022-08-24,sh.000001,3279.1716,3281.8752,3212.386,3215.2033,3276.2234,36614057700,458360278355.2000,-1.862513
2022-08-25,sh.000001,3223.4645,3248.3505,3199.1242,3246.2481,3215.2033,33619616500,419464277028.1000,0.965563
2022-08-26,sh.000001,3250.6276,3266.2737,3232.2766,3236.2226,3246.2481,30992755400,397556251308.6000,-0.308833
2022-08-29,sh.000001,3203.1022,3240.7275,3198.996,3240.7275,3236.2226,29701509700,363729979752.0000,0.139202
2022-08-30,sh.000001,3240.1835,3243.746,3212.6346,3227.2203,3240.7275,29431891400,353775673849.4000,-0.416795
2022-08-31,sh.000001,3216.5257,3232.0158,3184.3936,3202.1378,3227.2203,34440882900,431758007416.9000,-0.777217
2022-09-01,sh.000001,3196.5367,3214.5583,3181.6256,3184.9797,3202.1378,27466054100,336978641198.7000,-0.535833
2022-09-02,sh.000001,3189.6439,3198.2812,3173.7929,3186.4781,3184.9797,25045691100,313337604115.4000,0.047046
2022-09-05,sh.000001,3183.946,3199.9118,3172.0394,3199.9118,3186.4781,28067563300,339591536253.1000,0.421585
2022-09-06,sh.000001,3207.933,3244.6353,3203.8161,3243.4466,3199.9118,31886968900,378636070327.5000,1.360500
2022-09-07,sh.000001,3232.1368,3253.7671,3227.8225,3246.2943,3243.4466,30101446600,368608741474.6000,0.087799
2022-09-08,sh.000001,3245.557,3253.7005,3233.8007,3235.5862,3246.2943,28168035800,328657091591.2000,-0.329856
2022-09-09,sh.000001,3241.1809,3266.1974,3236.5078,3262.0542,3235.5862,28382766500,338566713309.5000,0.818028
2022-09-13,sh.000001,3272.0492,3278.1659,3259.6644,3263.7972,3262.0542,27618982300,339021890619.5000,0.053433
2022-09-14,sh.000001,3224.6783,3250.8024,3221.9609,3237.5419,3263.7972,25519336500,306452822218.0000,-0.804440
2022-09-15,sh.000001,3248.9721,3254.1789,3174.3899,3199.9187,3237.5419,32520612100,392490591521.4000,-1.162092
2022-09-16,sh.000001,3189.8265,3191.8265,3126.3972,3126.3977,3199.9187,31647589300,355085342917.9000,-2.297590
2022-09-19,sh.000001,3122.7549,3135.5565,3101.2207,3115.6019,3126.3977,24911366200,289918817139.3000,-0.345311
2022-09-20,sh.000001,3127.8356,3140.0252,3114.0368,3122.4058,3115.6019,21994253400,268600300237.6000,0.218382
2022-09-21,sh.000001,3116.0065,3129.8245,3091.2966,3117.1774,3122.4058,23297249600,269513754503.3000,-0.167448
2022-09-22,sh.000001,3098.7682,3125.6797,3092.8189,3108.9096,3117.1774,22114068900,269978597649.8000,-0.265234
2022-09-23,sh.000001,3106.8055,3124.6583,3072.2409,3088.3695,3108.9096,24305771900,285552915205.6000,-0.660685
2022-09-26,sh.000001,3067.5689,3102.6544,3048.5143,3051.226,3088.3695,26269862800,293536440838.5000,-1.202690
2022-09-27,sh.000001,3056.3917,3094.0389,3048.365,3093.8618,3051.2260,23273530300,290065702696.3000,1.397333
2022-09-28,sh.000001,3089.0975,3089.0975,3044.864,3045.0668,3093.8618,23009865000,276039741572.0000,-1.577155
2022-09-29,sh.000001,3067.4727,3076.7615,3026.0792,3041.2046,3045.0668,23003041600,276441059417.7000,-0.126835
2022-09-30,sh.000001,3042.1664,3054.6129,3021.9309,3024.3905,3041.2046,20411533600,240262768408.9000,-0.552876
2022-10-10,sh.000001,3026.9354,3029.4478,2968.281,2974.1454,3024.3905,24340482800,290120024166.9000,-1.661330
2022-10-11,sh.000001,2978.0617,2986.9116,2953.4953,2979.7926,2974.1454,20863595000,246715637025.1000,0.189876
2022-10-12,sh.000001,2976.7168,3025.5055,2934.0922,3025.5055,2979.7926,24801355700,306871328764.9000,1.534097
2022-10-13,sh.000001,3008.3016,3036.2485,3004.4963,3016.3561,3025.5055,24968328100,317764786734.7000,-0.302409
2022-10-14,sh.000001,3035.0341,3084.2724,3035.0341,3071.9868,3016.3561,27730406100,372050694578.9000,1.844301
2022-10-17,sh.000001,3060.5176,3087.1944,3052.7149,3084.9423,3071.9868,26260861800,349214469685.4000,0.421730
2022-10-18,sh.000001,3094.9272,3099.9182,3074.2162,3080.9574,3084.9423,24563475700,326002905366.0000,-0.129173
2022-10-19,sh.000001,3073.2616,3081.3903,3044.3777,3044.3777,3080.9574,23089531000,313108348652.4000,-1.187284
2022-10-20,sh.000001,3029.3028,3070.2648,3013.6929,3035.0504,3044.3777,24473614500,340091337759.5000,-0.306378
2022-10-21,sh.000001,3038.0358,3055.4157,3026.9603,3038.9291,3035.0504,24525412200,315110985796.8000,0.127797
2022-10-24,sh.000001,3034.7458,3064.4211,2965.1675,2977.5554,3038.9291,29808535600,394725942512.6000,-2.019583
2022-10-25,sh.000001,2969.156,3001.715,2944.2607,2976.283,2977.5554,25555416000,337519280757.3000,-0.042733
2022-10-26,sh.000001,2977.5643,3028.3478,2977.5643,2999.5036,2976.2830,26868949200,372845274629.2000,0.780188
2022-10-27,sh.000001,3005.0373,3017.2629,2981.6889,2982.9029,2999.5036,26560825400,381330371123.0000,-0.553448
2022-10-28,sh.000001,2967.0221,2974.236,2908.9831,2915.9257,2982.9029,29253130800,385261361877.7000,-2.245370
2022-10-31,sh.000001,2893.1962,2926.015,2885.0894,2893.4829,2915.9257,30199420300,396654162133.5000,-0.769663
2022-11-01,sh.000001,2899.4985,2969.1995,2896.7572,2969.1995,2893.4829,31980957800,431015902874.1000,2.616798
2022-11-02,sh.000001,2960.6465,3019.0486,2954.9478,3003.3699,2969.1995,32507824800,457581522044.7000,1.150829
2022-11-03,sh.000001,2981.2038,3003.7207,2977.7162,2997.8057,3003.3699,25934856700,370653283763.4000,-0.185265
2022-11-04,sh.000001,2996.9971,3081.5903,2996.9971,3070.7964,2997.8057,32980674000,458770093694.7000,2.434804
2022-11-07,sh.000001,3062.859,3088.1927,3054.4571,3077.817,3070.7964,32056709700,424429131518.9000,0.228625
2022-11-08,sh.000001,3077.3056,3078.276,3047.4624,3064.4928,3077.8170,25652200700,338966942021.5000,-0.432911
2022-11-09,sh.000001,3064.4633,3073.9183,3046.1881,3048.1676,3064.4928,23563732400,306860895708.1000,-0.532721
2022-11-10,sh.000001,3031.6915,3047.9803,3022.8506,3036.1318,3048.1676,27037179800,335925917722.4000,-0.394854
2022-11-11,sh.000001,3099.65,3117.7419,3070.3007,3087.2926,3036.1318,40960453400,513784597274.3000,1.685065
2022-11-14,sh.000001,3100.8669,3121.4056,3075.2152,3083.4013,3087.2926,36178821600,454546731409.1000,-0.126042
2022-11-15,sh.000001,3081.1349,3135.5903,3074.4982,3134.0778,3083.4013,33147057700,446460007889.4000,1.643526
2022-11-16,sh.000001,3133.6504,3145.7526,3115.3453,3119.9804,3134.0778,30342984400,386992905050.7000,-0.449810
2022-11-17,sh.000001,3110.9649,3115.4351,3087.1737,3115.4347,3119.9804,28702840700,377900109272.6000,-0.145696
2022-11-18,sh.000001,3116.7291,3126.7107,3096.8858,3097.2432,3115.4347,29995427600,389207386467.2000,-0.583915
2022-11-21,sh.000001,3078.0569,3085.2426,3056.1703,3085.0444,3097.2432,25604554900,345025496474.6000,-0.393860
2022-11-22,sh.000001,3084.2328,3118.1197,3076.3214,3088.9426,3085.0444,32756592700,374142821130.4000,0.126358
2022-11-23,sh.000001,3084.7403,3108.2438,3075.3241,3096.9073,3088.9426,32615544900,356400844278.1000,0.257846
2022-11-24,sh.000001,3104.0955,3113.2392,3084.8554,3089.3096,3096.9073,26748292800,308190185804.6000,-0.245332
2022-11-25,sh.000001,3085.4611,3111.4214,3077.9671,3101.6932,3089.3096,31143197900,325426338447.2000,0.400853
2022-11-28,sh.000001,3055.2899,3080.1843,3034.7045,3078.5485,3101.6932,30581128400,338549350774.8000,-0.746196
2022-11-29,sh.000001,3096.1126,3152.0027,3096.1126,3149.7478,3078.5485,39144974800,439102619264.2000,2.312756
2022-11-30,sh.000001,3141.3992,3158.5732,3137.3687,3151.3353,3149.7478,37271832100,404504379283.4000,0.050401
2022-12-01,sh.000001,3187.9899,3198.4088,3164.5348,3165.4711,3151.3353,38701305600,462184974022.8000,0.448565
2022-12-02,sh.000001,3160.5789,3170.898,3149.8406,3156.1442,3165.4711,30781248400,366318678808.3000,-0.294645
2022-12-05,sh.000001,3181.9155,3213.4395,3177.0642,3211.8144,3156.1442,44739843700,479203617373.5000,1.763867
2022-12-06,sh.000001,3200.275,3224.822,3195.0788,3212.5334,3211.8144,37359029600,435248700179.1000,0.022386
2022-12-07,sh.000001,3204.9352,3226.0817,3188.6705,3199.6194,3212.5334,35411307800,402146133137.5000,-0.401988
2022-12-08,sh.000001,3196.0156,3206.7151,3187.2566,3197.3499,3199.6194,32096929400,364935622700.5000,-0.070930
2022-12-09,sh.000001,3197.1183,3212.1059,3182.9068,3206.9502,3197.3499,37334320900,447750222046.8000,0.300258
2022-12-12,sh.000001,3195.868,3196.7247,3176.5752,3179.0417,3206.9502,33338179200,394919615249.5000,-0.870250
2022-12-13,sh.000001,3179.4354,3187.2035,3171.4827,3176.3255,3179.0417,28582120000,333539763009.7000,-0.085441
2022-12-14,sh.000001,3178.5542,3189.835,3168.5925,3176.5253,3176.3255,26562356900,333950671128.2000,0.006290
2022-12-15,sh.000001,3177.1995,3179.1,3158.4515,3168.6478,3176.5253,24302333300,305204998562.4000,-0.247991
2022-12-16,sh.000001,3156.1349,3175.3526,3151.6089,3167.8576,3168.6478,25977179500,307227738354.5000,-0.024938
2022-12-19,sh.000001,3165.3092,3170.2552,3096.0981,3107.115,3167.8576,27851354100,307934621461.9000,-1.917466
2022-12-20,sh.000001,3098.9532,3100.7477,3061.5098,3073.7659,3107.1150,21883676600,261716073427.2000,-1.073314
2022-12-21,sh.000001,3078.3312,3085.7951,3060.5542,3068.4105,3073.7659,18906792000,226852792581.1000,-0.174229
2022-12-22,sh.000001,3085.8004,3096.2449,3044.5991,3054.4313,3068.4105,22363953700,266315477432.4000,-0.455584
2022-12-23,sh.000001,3038.8416,3061.867,3031.5358,3045.8664,3054.4313,19202030500,233335246195.6000,-0.280409
2022-12-26,sh.000001,3048.1963,3071.8363,3047.3491,3065.5626,3045.8664,20650389300,255470265306.8000,0.646653
2022-12-27,sh.000001,3077.7469,3098.0783,3074.3133,3095.5678,3065.5626,22221832200,267946785441.9000,0.978783
2022-12-28,sh.000001,3088.6174,3098.6496,3079.4338,3087.3997,3095.5678,22455415100,260508525682.6000,-0.263864
2022-12-29,sh.000001,3076.7264,3086.0048,3064.4594,3073.7016,3087.3997,21557067600,253916981220.2000,-0.443678
2022-12-30,sh.000001,3084.5226,3096.3135,3082.1964,3089.2579,3073.7016,21754534400,250355950864.6000,0.506110
