,日期,开盘价,最高价,最低价,收盘价,成交量,成交额,板块名称
0,2023-03-02,4118.263,4119.495,4089.944,4092.901,372746760,3688573700.0,农产品加工
1,2023-03-03,4092.426,4099.998,4070.758,4099.998,408521760,4029594200.0,农产品加工
2,2023-03-06,4109.642,4142.022,4093.664,4133.051,583231290,5785000900.0,农产品加工
3,2023-03-07,4135.53,4138.42,4049.436,4049.436,586011510,5673194100.0,农产品加工
4,2023-03-08,4054.705,4071.231,4042.774,4062.135,360653120,3565894900.0,农产品加工
5,2023-03-09,4073.313,4078.589,4033.44,4043.373,572820410,4095217100.0,农产品加工
6,2023-03-02,8649.246,8653.485,8550.307,8569.354,71574729,1024205970.0,农业服务
7,2023-03-03,8578.206,8595.846,8459.625,8482.119,77588535,1063318430.0,农业服务
8,2023-03-06,8502.51,8536.727,8462.182,8514.143,66525870,937894090.0,农业服务
9,2023-03-07,8530.009,8532.649,8301.012,8307.59,121458696,1409388300.0,农业服务
10,2023-03-08,8285.013,8345.379,8281.153,8327.148,68511297,877995390.0,农业服务
11,2023-03-09,8344.486,8395.008,8318.647,8342.193,68740426,843082650.0,农业服务
12,2023-03-02,2783.833,2783.833,2762.865,2773.666,315962680,3698000900.0,养殖业
13,2023-03-03,2774.423,2791.968,2753.427,2776.467,287160910,3625487200.0,养殖业
14,2023-03-06,2778.219,2841.897,2765.923,2823.576,466869480,6520529200.0,养殖业
15,2023-03-07,2825.967,2831.595,2780.921,2782.564,435594920,5882350800.0,养殖业
16,2023-03-08,2775.03,2781.983,2753.024,2779.408,290323180,4225406800.0,养殖业
17,2023-03-09,2784.608,2793.595,2739.519,2747.1,296774010,4022472800.0,养殖业
18,2023-03-02,2282.723,2302.163,2274.415,2287.539,732906900,7943105900.0,煤炭开采加工
19,2023-03-03,2285.136,2293.155,2271.406,2287.009,564822220,6605318500.0,煤炭开采加工
20,2023-03-06,2287.998,2296.084,2244.618,2247.796,846282380,9853242600.0,煤炭开采加工
21,2023-03-07,2254.192,2285.487,2244.294,2245.959,891300600,11008194600.0,煤炭开采加工
22,2023-03-08,2237.908,2246.035,2224.522,2241.571,524586180,5909952400.0,煤炭开采加工
23,2023-03-02,3580.179,3593.592,3552.554,3557.616,254783810,2348526000.0,种植业与林业
24,2023-03-03,3561.247,3567.048,3540.754,3566.001,249631420,2191626100.0,种植业与林业
25,2023-03-06,3570.961,3631.672,3566.931,3629.137,407865000,4038499600.0,种植业与林业
26,2023-03-07,3628.544,3634.518,3571.235,3571.235,354466690,3465340900.0,种植业与林业
27,2023-03-08,3560.461,3595.742,3548.242,3592.393,222864960,2308194400.0,种植业与林业
28,2023-03-09,3590.348,3591.108,3532.554,3547.57,219105410,2190675900.0,种植业与林业
29,2023-03-02,1135.026,1144.538,1135.026,1140.438,554407080,4273408100.0,油气开采及服务
30,2023-03-03,1141.756,1150.501,1136.458,1149.509,628780340,4662805100.0,油气开采及服务
31,2023-03-06,1154.59,1157.335,1144.544,1146.553,567120470,3930222300.0,油气开采及服务
32,2023-03-07,1148.505,1184.003,1148.164,1157.612,1251764480,8127993500.0,油气开采及服务
33,2023-03-08,1146.16,1146.16,1131.364,1140.932,750641410,4802533500.0,油气开采及服务
34,2023-03-09,1140.901,1144.634,1127.446,1133.924,539219870,3469629300.0,油气开采及服务
35,2023-03-02,2983.154,2989.773,2972.431,2973.873,745132680,6705423000.0,化学原料
36,2023-03-03,2979.913,2979.913,2956.23,2969.946,680776930,6278977500.0,化学原料
37,2023-03-06,2972.565,2975.921,2943.079,2958.048,719420220,6367708100.0,化学原料
38,2023-03-07,2959.059,2969.331,2905.662,2905.662,730586560,6556207800.0,化学原料
39,2023-03-08,2897.357,2910.64,2893.069,2910.64,446966340,4102257500.0,化学原料
40,2023-03-09,2913.281,2915.75,2895.548,2906.168,393541820,3535486400.0,化学原料
41,2023-03-02,4252.877,4265.945,4222.152,4224.224,723726990,7672918000.0,化工合成材料
42,2023-03-03,4230.754,4239.705,4190.694,4211.762,627237490,6671864400.0,化工合成材料
43,2023-03-06,4216.076,4218.032,4178.501,4207.091,705642050,8118696900.0,化工合成材料
44,2023-03-07,4211.277,4211.277,4114.802,4114.802,688276260,7440631600.0,化工合成材料
45,2023-03-08,4108.728,4156.183,4105.637,4156.183,509116740,5851625200.0,化工合成材料
46,2023-03-09,4169.756,4192.376,4167.391,4192.376,171700250,2375985600.0,化工合成材料
47,2023-03-02,6091.05,6103.611,6043.807,6048.042,1385989100,23402942000.0,化学制品
48,2023-03-03,6053.282,6055.953,6007.776,6034.916,1218060670,19383706000.0,化学制品
49,2023-03-06,6044.095,6044.095,5987.815,6033.565,1341462680,21520561000.0,化学制品
50,2023-03-07,6032.802,6032.802,5915.042,5915.042,1526985600,21795002000.0,化学制品
51,2023-03-08,5905.664,5956.617,5894.733,5956.617,1087064860,16575564000.0,化学制品
52,2023-03-09,5962.578,5986.859,5957.439,5986.686,306838480,4413132600.0,化学制品
53,2023-03-02,1525.566,1536.245,1517.546,1530.148,1473935600,6857136600.0,钢铁
54,2023-03-03,1531.196,1541.477,1524.877,1539.308,1411463800,6506575900.0,钢铁
55,2023-03-06,1538.8,1540.753,1519.984,1522.569,1296087270,6452939500.0,钢铁
56,2023-03-07,1521.614,1530.777,1501.971,1503.803,1390653200,6259540900.0,钢铁
57,2023-03-08,1503.492,1519.26,1499.534,1513.94,1182475300,5323469900.0,钢铁
58,2023-03-09,1518.111,1524.16,1513.045,1522.954,270200760,1227719410.0,钢铁
59,2023-03-02,8551.27,8551.27,8361.327,8396.324,453264030,7183236600.0,金属新材料
60,2023-03-03,8377.215,8391.737,8267.343,8329.668,232603120,3654031500.0,金属新材料
61,2023-03-06,8348.058,8442.319,8305.679,8432.788,232029980,3779255200.0,金属新材料
62,2023-03-07,8432.428,8432.428,8262.186,8262.186,210914660,3254288900.0,金属新材料
63,2023-03-08,8223.678,8279.189,8189.606,8237.6,152610470,2378447000.0,金属新材料
64,2023-03-09,8284.472,8313.985,8250.015,8282.847,78872593,931129500.0,金属新材料
65,2023-03-02,4742.85,4804.625,4731.31,4765.031,1091305100,12407554100.0,建筑材料
66,2023-03-03,4765.77,4790.868,4746.433,4772.443,923553700,10020544000.0,建筑材料
67,2023-03-06,4783.277,4783.277,4708.53,4728.78,960492860,11720587600.0,建筑材料
68,2023-03-07,4735.115,4772.117,4673.67,4673.67,959503710,10577564200.0,建筑材料
69,2023-03-08,4662.325,4682.604,4646.468,4682.604,757860360,8993650600.0,建筑材料
70,2023-03-09,4685.498,4685.498,4641.399,4669.683,742875940,8698459400.0,建筑材料
71,2023-03-02,3265.278,3302.585,3260.502,3281.516,4723803000,33426559000.0,建筑装饰
72,2023-03-03,3285.771,3324.681,3277.142,3321.83,5182842000,35777827000.0,建筑装饰
73,2023-03-06,3332.991,3336.533,3297.451,3304.299,4170253500,29748419000.0,建筑装饰
74,2023-03-07,3308.173,3356.193,3296.417,3297.948,4959593000,35980277000.0,建筑装饰
75,2023-03-08,3285.392,3335.676,3282.608,3335.676,3016712000,23988452000.0,建筑装饰
76,2023-03-09,3337.432,3358.482,3314.971,3349.962,806096230,7023515100.0,建筑装饰
77,2023-03-02,4630.673,4647.635,4604.985,4609.911,1890622200,19878908000.0,专用设备
78,2023-03-03,4607.992,4631.041,4587.214,4612.57,1664518400,17267926000.0,专用设备
79,2023-03-06,4622.655,4642.321,4601.789,4636.88,2044259500,22421344000.0,专用设备
80,2023-03-07,4633.92,4634.213,4537.699,4537.83,2036055300,19924860000.0,专用设备
81,2023-03-08,4527.281,4574.707,4526.243,4574.707,1426028600,14772310000.0,专用设备
82,2023-03-09,4577.811,4582.352,4557.058,4572.749,424120510,4439217700.0,专用设备
83,2023-03-02,4821.591,4854.51,4786.928,4789.489,1336928720,15414294000.0,通用设备
84,2023-03-03,4784.234,4798.125,4745.625,4775.432,1221306740,13865480000.0,通用设备
85,2023-03-06,4780.525,4800.063,4757.471,4793.197,1189216010,14680492000.0,通用设备
86,2023-03-07,4791.709,4791.879,4665.277,4665.277,1167400120,13073483000.0,通用设备
87,2023-03-08,4659.761,4707.277,4659.158,4707.277,756337750,8957636300.0,通用设备
88,2023-03-09,4717.062,4717.062,4683.941,4703.366,222362390,2737233200.0,通用设备
89,2023-03-02,4154.638,4170.571,4133.702,4140.022,155006940,2860813300.0,仪器仪表
90,2023-03-03,4145.881,4158.781,4084.26,4106.657,126824584,2149090300.0,仪器仪表
91,2023-03-06,4110.386,4172.807,4107.818,4167.252,135169460,2573545900.0,仪器仪表
92,2023-03-07,4162.522,4162.841,4044.515,4044.515,164133170,2660152600.0,仪器仪表
93,2023-03-08,4035.943,4095.516,4035.943,4095.516,115551894,1995490500.0,仪器仪表
94,2023-03-09,4099.626,4100.36,4068.049,4097.299,25313366,429751150.0,仪器仪表
95,2023-03-02,5308.382,5308.382,5223.203,5228.065,3508612000,81539101000.0,电力设备
96,2023-03-03,5228.96,5249.879,5191.589,5215.853,2799988600,59148584000.0,电力设备
97,2023-03-06,5221.59,5270.917,5160.727,5262.201,3690124600,98278270000.0,电力设备
98,2023-03-07,5256.922,5256.922,5167.24,5167.24,3543485700,77467318000.0,电力设备
99,2023-03-08,5155.036,5221.373,5149.761,5175.716,2699994100,65267176000.0,电力设备
100,2023-03-09,5184.127,5194.549,5151.15,5167.033,2815633400,62507980000.0,电力设备
101,2023-03-02,3108.962,3121.892,3084.97,3088.23,1626322400,12443722300.0,光学光电子
102,2023-03-03,3099.424,3118.029,3065.262,3088.987,1495961200,12375571400.0,光学光电子
103,2023-03-06,3095.357,3100.646,3071.98,3092.01,1433249400,11624171100.0,光学光电子
104,2023-03-07,3097.79,3106.73,3010.308,3010.308,2256691700,15444571000.0,光学光电子
105,2023-03-08,3003.548,3063.007,3003.548,3063.007,1442760600,11501610400.0,光学光电子
106,2023-03-09,3067.292,3082.668,3063.979,3082.565,382977700,4440074100.0,光学光电子
107,2023-03-02,7138.311,7195.252,7068.303,7075.67,1211184760,40225106000.0,半导体及元件
108,2023-03-03,7169.256,7270.78,7103.734,7221.06,1831905300,61967294000.0,半导体及元件
109,2023-03-06,7212.816,7313.25,7154.097,7269.737,1631450700,57696959000.0,半导体及元件
110,2023-03-07,7253.021,7278.106,7036.644,7036.644,1464903000,47626935000.0,半导体及元件
111,2023-03-08,7024.065,7181.06,7022.895,7169.865,1216044210,38816444000.0,半导体及元件
112,2023-03-09,7177.955,7314.809,7177.955,7314.809,475548060,16771246000.0,半导体及元件
113,2023-03-02,9302.746,9336.926,9185.85,9216.097,354080850,4197809900.0,其他电子
114,2023-03-03,9266.309,9327.74,9176.886,9260.562,435001940,5065515400.0,其他电子
115,2023-03-06,9265.828,9324.584,9210.335,9283.095,368124730,5107167400.0,其他电子
116,2023-03-07,9275.984,9276.735,9014.412,9014.412,334824670,4109957900.0,其他电子
117,2023-03-08,8998.592,9145.783,8998.592,9145.783,273670530,3357755700.0,其他电子
118,2023-03-09,9177.902,9200.544,9121.264,9198.794,98141316,1053700280.0,其他电子
119,2023-03-02,5981.599,5997.726,5933.283,5940.181,970105730,14858677000.0,消费电子
120,2023-03-03,5949.284,5962.728,5857.388,5911.173,913953200,14191244000.0,消费电子
121,2023-03-06,5917.484,5931.076,5882.863,5920.005,990026420,15556503000.0,消费电子
122,2023-03-07,5915.898,5927.755,5764.4,5764.959,1086932460,15797317000.0,消费电子
123,2023-03-08,5752.185,5845.722,5752.185,5845.722,797414450,12159928100.0,消费电子
124,2023-03-09,5860.118,5869.748,5827.996,5859.507,219551770,3352271600.0,消费电子
125,2023-03-02,2436.607,2454.16,2427.582,2429.787,682613920,10426412700.0,汽车整车
126,2023-03-03,2429.949,2440.067,2414.428,2436.4,605290630,8250926200.0,汽车整车
127,2023-03-06,2434.497,2437.825,2394.712,2417.581,737585110,10380670800.0,汽车整车
128,2023-03-07,2416.857,2463.688,2398.157,2398.571,877142430,11522171900.0,汽车整车
129,2023-03-08,2389.205,2397.392,2374.066,2394.507,669543870,9293730700.0,汽车整车
130,2023-03-09,2396.727,2417.136,2383.211,2387.46,726169230,10226464800.0,汽车整车
131,2023-03-02,2361.755,2379.502,2353.925,2355.976,626506920,6310623000.0,非汽车交运
132,2023-03-03,2357.802,2362.901,2343.29,2358.96,711463020,6375514000.0,非汽车交运
133,2023-03-06,2363.038,2375.468,2359.833,2364.345,631935780,6910074000.0,非汽车交运
134,2023-03-07,2366.728,2366.728,2315.908,2316.33,635234400,6202129900.0,非汽车交运
135,2023-03-08,2315.363,2335.454,2315.363,2335.454,369697770,4461851700.0,非汽车交运
136,2023-03-09,2339.615,2339.615,2327.231,2330.758,83280548,1105822350.0,非汽车交运
137,2023-03-02,3902.726,3902.726,3834.403,3838.987,1771770900,26853422000.0,汽车零部件
138,2023-03-03,3834.981,3849.734,3803.858,3819.15,1389092400,18941674000.0,汽车零部件
139,2023-03-06,3826.391,3826.476,3784.03,3811.918,1462224600,20728421000.0,汽车零部件
140,2023-03-07,3811.257,3811.257,3731.767,3731.767,1507988600,19277840000.0,汽车零部件
141,2023-03-08,3720.185,3756.408,3716.61,3756.408,1043716670,14451026000.0,汽车零部件
142,2023-03-09,3762.74,3762.791,3742.352,3749.594,317296230,4498512300.0,汽车零部件
143,2023-03-02,1127.536,1129.388,1122.349,1124.627,187195650,1056960890.0,汽车服务
144,2023-03-03,1123.537,1135.394,1121.518,1133.22,197214310,1172280400.0,汽车服务
145,2023-03-06,1137.987,1138.414,1127.247,1128.814,211564950,1145746230.0,汽车服务
146,2023-03-07,1131.063,1140.247,1117.308,1117.308,252413360,1492264900.0,汽车服务
147,2023-03-08,1114.247,1122.436,1111.073,1122.352,188482920,921328030.0,汽车服务
148,2023-03-09,1123.064,1123.064,1117.089,1119.514,39765094,208106900.0,汽车服务
149,2023-03-02,3520.063,3614.398,3520.063,3567.329,2238332500,36254022000.0,通信设备
150,2023-03-03,3550.022,3562.337,3487.617,3517.502,1688093800,28040612000.0,通信设备
151,2023-03-06,3515.1,3562.947,3515.1,3532.613,1516978700,26151779000.0,通信设备
152,2023-03-07,3523.13,3528.398,3405.001,3407.8,1555624000,25072871000.0,通信设备
153,2023-03-08,3404.368,3513.12,3404.368,3513.12,1398367300,21066816000.0,通信设备
154,2023-03-09,3517.023,3523.683,3491.541,3500.02,482052850,6576871400.0,通信设备
155,2023-03-02,2509.932,2534.188,2509.86,2522.081,2088167300,36593100000.0,计算机设备
156,2023-03-03,2503.426,2510.502,2466.474,2489.711,1776189900,27970180000.0,计算机设备
157,2023-03-06,2489.377,2495.715,2472.512,2480.338,1764074000,34035117000.0,计算机设备
158,2023-03-07,2476.165,2485.497,2417.326,2418.347,1615379900,28587706000.0,计算机设备
159,2023-03-08,2416.998,2474.166,2416.998,2474.166,1399822200,25551149000.0,计算机设备
160,2023-03-09,2474.013,2476.318,2448.044,2455.918,360261980,6414571300.0,计算机设备
161,2023-03-02,4565.944,4579.971,4521.323,4525.557,512886720,9024299900.0,白色家电
162,2023-03-03,4530.393,4540.709,4491.873,4528.809,386304890,7137936700.0,白色家电
163,2023-03-06,4532.648,4532.648,4481.456,4509.686,415962300,8366370500.0,白色家电
164,2023-03-07,4510.585,4510.585,4404.869,4405.116,361590530,6785563500.0,白色家电
165,2023-03-08,4389.051,4431.706,4388.524,4431.706,257671160,4803205100.0,白色家电
166,2023-03-09,4437.704,4442.43,4423.51,4432.593,63412143,1233128960.0,白色家电
167,2023-03-02,2955.816,2983.984,2953.692,2965.619,299523750,2212213800.0,黑色家电
168,2023-03-03,2956.504,2962.999,2919.694,2945.165,306677670,2004883700.0,黑色家电
169,2023-03-06,2949.984,2957.51,2932.317,2938.603,248204070,1543947200.0,黑色家电
170,2023-03-07,2948.962,2959.517,2866.659,2866.659,273361130,1708230900.0,黑色家电
171,2023-03-08,2861.1,2931.106,2860.196,2929.057,225576480,1867634900.0,黑色家电
172,2023-03-09,2932.159,2939.779,2908.357,2918.951,61142694,540185430.0,黑色家电
173,2023-03-02,4957.271,4983.029,4941.316,4970.722,299370500,14769974000.0,饮料制造
174,2023-03-03,4976.458,5011.291,4906.083,4933.212,309113810,16323364000.0,饮料制造
175,2023-03-06,4924.989,4978.881,4882.929,4941.668,310444540,18473422000.0,饮料制造
176,2023-03-07,4938.185,4951.008,4843.522,4843.609,317119220,19917260000.0,饮料制造
177,2023-03-08,4824.602,4870.172,4792.183,4832.992,225892790,15341308000.0,饮料制造
178,2023-03-09,4848.582,4848.605,4749.365,4796.249,276281790,20879532000.0,饮料制造
179,2023-03-02,5506.081,5510.538,5476.019,5493.361,647840770,10489989200.0,食品加工制造
180,2023-03-03,5493.818,5524.377,5421.149,5452.691,620941800,10244943300.0,食品加工制造
181,2023-03-06,5452.217,5510.939,5417.659,5500.987,714107960,11788139100.0,食品加工制造
182,2023-03-07,5496.607,5496.647,5369.302,5371.36,689820270,12158979900.0,食品加工制造
183,2023-03-08,5359.568,5370.786,5327.635,5359.735,462121330,8235257800.0,食品加工制造
184,2023-03-09,5367.67,5370.935,5286.122,5309.825,454724800,8057269800.0,食品加工制造
185,2023-03-02,2475.935,2505.391,2475.935,2498.123,919728790,7810886100.0,服装家纺
186,2023-03-03,2495.303,2495.436,2459.216,2470.057,789804640,7261699000.0,服装家纺
187,2023-03-06,2467.195,2467.195,2431.501,2439.558,643562750,5579239100.0,服装家纺
188,2023-03-07,2438.305,2439.738,2391.448,2392.952,600550720,4948660100.0,服装家纺
189,2023-03-08,2390.446,2409.364,2384.121,2408.661,440265500,3925211100.0,服装家纺
190,2023-03-09,2411.818,2411.818,2385.599,2394.329,125766394,1157108990.0,服装家纺
191,2023-03-02,1889.075,1902.753,1884.478,1896.652,329528380,2329323900.0,纺织制造
192,2023-03-03,1899.711,1899.711,1873.124,1879.643,274144590,2289126800.0,纺织制造
193,2023-03-06,1877.64,1879.337,1856.148,1861.184,237620330,1738269200.0,纺织制造
194,2023-03-07,1862.181,1862.181,1823.891,1823.891,291836500,1939118400.0,纺织制造
195,2023-03-08,1821.721,1836.959,1818.376,1836.612,184008460,1215056230.0,纺织制造
196,2023-03-09,1839.92,1839.92,1821.807,1828.6,44652081,290471260.0,纺织制造
197,2023-03-02,1924.447,1941.607,1917.489,1927.541,514472820,3507445100.0,造纸
198,2023-03-03,1923.915,1924.71,1897.498,1910.417,484321730,2990408100.0,造纸
199,2023-03-06,1910.894,1911.611,1893.566,1898.185,361673760,2405748500.0,造纸
200,2023-03-07,1898.107,1899.7,1864.692,1865.267,377508640,3007271000.0,造纸
201,2023-03-08,1865.908,1899.51,1865.908,1899.325,461049800,3954406200.0,造纸
202,2023-03-09,1905.848,1905.848,1886.958,1891.532,223335190,1667709200.0,造纸
203,2023-03-02,3391.539,3405.508,3381.39,3388.472,636471640,6668528400.0,家用轻工
204,2023-03-03,3388.745,3390.661,3343.828,3366.438,557157490,6234276600.0,家用轻工
205,2023-03-06,3369.9,3369.9,3324.033,3332.098,659742260,7845785100.0,家用轻工
206,2023-03-07,3334.311,3334.311,3259.269,3259.269,652672260,7022857700.0,家用轻工
207,2023-03-08,3257.13,3280.465,3250.698,3280.465,418412090,4510494700.0,家用轻工
208,2023-03-09,3286.208,3286.277,3254.682,3266.284,132733860,1202992550.0,家用轻工
209,2023-03-02,3206.636,3211.609,3193.314,3197.488,542868080,6179267900.0,包装印刷
210,2023-03-03,3200.434,3205.588,3167.653,3184.865,525409390,5840611100.0,包装印刷
211,2023-03-06,3191.592,3196.028,3175.788,3193.89,458132180,5015644100.0,包装印刷
212,2023-03-07,3191.742,3192.729,3134.038,3134.435,518614240,5503975600.0,包装印刷
213,2023-03-08,3132.334,3156.214,3127.623,3156.214,372484560,4300724000.0,包装印刷
214,2023-03-09,3156.489,3156.489,3138.636,3146.337,101391656,1303708470.0,包装印刷
215,2023-03-02,5271.238,5271.238,5205.004,5208.346,1198544090,17280083000.0,化学制药
216,2023-03-03,5208.262,5248.148,5183.87,5199.5,1058673320,15215329000.0,化学制药
217,2023-03-06,5198.776,5236.513,5175.892,5231.87,1072121270,16412811000.0,化学制药
218,2023-03-07,5235.688,5256.686,5125.271,5125.486,1287759370,18376118000.0,化学制药
219,2023-03-08,5118.742,5147.064,5106.653,5132.634,806495400,12653090300.0,化学制药
220,2023-03-09,5143.113,5179.379,5142.759,5157.945,265079860,4158324400.0,化学制药
221,2023-03-02,6486.84,6488.569,6413.728,6416.556,225870830,5595716400.0,生物制品
222,2023-03-03,6430.623,6484.318,6404.259,6429.595,190848290,4791051200.0,生物制品
223,2023-03-06,6429.013,6476.266,6409.611,6469.563,249651320,6441750700.0,生物制品
224,2023-03-07,6463.94,6499.869,6326.607,6329.731,247966510,6364431500.0,生物制品
225,2023-03-08,6316.285,6341.48,6299.103,6324.715,162129900,4442059700.0,生物制品
226,2023-03-09,6334.561,6385.233,6334.561,6357.255,50393679,1732677400.0,生物制品
227,2023-03-02,3848.193,3848.193,3801.403,3806.078,966153190,13341291300.0,中药
228,2023-03-03,3806.061,3825.389,3776.142,3796.629,766150290,10672197800.0,中药
229,2023-03-06,3798.519,3849.648,3771.198,3832.151,841860530,13877229000.0,中药
230,2023-03-07,3827.525,3853.557,3751.604,3752.143,1063729120,15699569000.0,中药
231,2023-03-08,3742.101,3772.639,3733.155,3763.104,626518460,8967501400.0,中药
232,2023-03-09,3770.531,3814.077,3770.531,3781.384,263665360,3818010600.0,中药
233,2023-03-02,5071.229,5071.229,5019.115,5025.307,224763220,3471793300.0,医药商业
234,2023-03-03,5026.235,5071.291,5021.046,5041.799,206202400,3403083100.0,医药商业
235,2023-03-06,5043.74,5084.675,5016.888,5067.249,281496510,4608085100.0,医药商业
236,2023-03-07,5060.326,5101.371,4979.248,4980.476,324630480,5215195600.0,医药商业
237,2023-03-08,4974.388,5013.608,4954.55,4999.977,209382120,3552952700.0,医药商业
238,2023-03-09,5001.586,5041.555,5000.559,5009.951,54204813,823886830.0,医药商业
239,2023-03-02,11626.634,11632.39,11504.578,11509.444,393567720,10742990400.0,医疗器械
240,2023-03-03,11515.243,11623.629,11466.291,11514.694,374313200,9604065300.0,医疗器械
241,2023-03-06,11531.057,11648.987,11475.24,11648.289,444007380,12176832900.0,医疗器械
242,2023-03-07,11653.988,11713.013,11433.375,11436.284,506390260,13046997800.0,医疗器械
243,2023-03-08,11414.861,11497.913,11401.602,11477.099,393620330,9385061500.0,医疗器械
244,2023-03-09,11473.413,11536.233,11466.797,11526.145,114678868,2500802000.0,医疗器械
245,2023-03-02,1299.059,1303.864,1295.381,1295.689,150252140,1632291800.0,燃气
246,2023-03-03,1294.687,1295.413,1286.799,1292.222,124806848,1267269040.0,燃气
247,2023-03-06,1293.459,1296.062,1288.991,1292.754,117627840,1062579390.0,燃气
248,2023-03-07,1293.691,1303.884,1282.766,1282.766,175228380,1616354300.0,燃气
249,2023-03-08,1277.711,1282.105,1274.157,1281.894,112003157,1066753760.0,燃气
250,2023-03-09,1283.152,1285.069,1281.293,1282.822,27093776,250757020.0,燃气
251,2023-03-02,1518.448,1526.374,1512.311,1513.99,2563239700,15441667000.0,电力
252,2023-03-03,1515.354,1529.998,1514.651,1528.702,2873549500,17092068000.0,电力
253,2023-03-06,1531.087,1537.168,1523.308,1536.221,2647012500,16666377000.0,电力
254,2023-03-07,1536.873,1542.881,1518.106,1518.615,2924163500,17570737000.0,电力
255,2023-03-08,1513.687,1521.621,1507.32,1516.459,2029152200,12587344100.0,电力
256,2023-03-09,1519.154,1519.275,1510.44,1511.987,409869380,2582183000.0,电力
257,2023-03-02,2286.864,2308.413,2283.004,2298.015,309054100,2857753500.0,机场航运
258,2023-03-03,2298.836,2321.758,2298.396,2309.691,381985980,3235837100.0,机场航运
259,2023-03-06,2315.597,2341.063,2308.037,2315.451,392255450,3948826100.0,机场航运
260,2023-03-07,2313.535,2322.693,2271.32,2273.825,387737870,3258176300.0,机场航运
261,2023-03-08,2268.754,2296.917,2265.487,2289.246,233439590,2244499600.0,机场航运
262,2023-03-09,2290.484,2303.386,2272.665,2284.135,227968500,2369154900.0,机场航运
263,2023-03-02,948.484,954.606,947.785,952.733,962745300,5768839500.0,港口航运
264,2023-03-03,953.479,962.592,951.333,960.812,1019007350,6269735600.0,港口航运
265,2023-03-06,962.526,964.588,956.215,958.08,853073780,5207072100.0,港口航运
266,2023-03-07,957.859,964.808,947.174,947.174,1119573320,6861425800.0,港口航运
267,2023-03-08,946.393,953.69,944.448,952.789,612767750,3636703500.0,港口航运
268,2023-03-09,957.451,964.662,957.451,962.121,363619410,2395434900.0,港口航运
269,2023-03-02,995.734,1006.229,995.123,1002.541,641242740,3143769900.0,公路铁路运输
270,2023-03-03,1003.763,1011.811,1000.64,1011.183,581905450,2999031800.0,公路铁路运输
271,2023-03-06,1013.407,1015.776,1010.11,1011.322,657941740,3549376000.0,公路铁路运输
272,2023-03-07,1012.058,1018.841,999.756,999.756,654253830,3540027400.0,公路铁路运输
273,2023-03-08,999.308,1010.126,997.846,1008.463,427726530,2267107400.0,公路铁路运输
274,2023-03-09,1010.281,1011.028,1007.371,1009.428,100366887,511030420.0,公路铁路运输
275,2023-03-02,4883.545,4899.163,4878.292,4891.694,469736580,4621343800.0,物流
276,2023-03-03,4900.062,4934.519,4891.236,4932.491,534994990,5140953200.0,物流
277,2023-03-06,4936.298,4945.541,4902.427,4920.615,551119070,5396104000.0,物流
278,2023-03-07,4920.72,4958.339,4860.837,4860.891,627720780,6338250300.0,物流
279,2023-03-08,4842.776,4889.197,4830.992,4888.782,410403450,4444371200.0,物流
280,2023-03-09,4900.243,4920.059,4888.319,4911.23,101481829,1189110430.0,物流
281,2023-03-02,1895.657,1899.607,1885.15,1886.891,2174797200,13580220000.0,房地产开发
282,2023-03-03,1888.674,1900.306,1883.912,1899.324,2301236100,12567011400.0,房地产开发
283,2023-03-06,1899.036,1899.036,1870.662,1873.953,2363883900,13944154000.0,房地产开发
284,2023-03-07,1874.302,1877.666,1841.229,1841.229,2196983100,11851881800.0,房地产开发
285,2023-03-08,1838.88,1852.711,1833.617,1852.5,1614799700,9090406500.0,房地产开发
286,2023-03-09,1857.784,1857.851,1851.024,1851.106,556499720,2823845500.0,房地产开发
287,2023-03-02,1244.09,1247.889,1239.295,1241.903,1541408200,15604254000.0,证券
288,2023-03-03,1244.171,1251.104,1234.675,1247.998,1847794700,19174799000.0,证券
289,2023-03-06,1248.686,1248.998,1229.148,1230.936,1688886800,17904141000.0,证券
290,2023-03-07,1229.843,1241.021,1209.051,1209.051,2145702600,24140332000.0,证券
291,2023-03-08,1204.191,1210.465,1201.709,1210.465,1246978600,12965556100.0,证券
292,2023-03-09,1210.715,1211.0,1199.964,1203.0,1048119520,11168843300.0,证券
293,2023-03-02,898.396,902.858,896.739,901.3,1872368900,12188234000.0,银行
294,2023-03-03,902.541,910.572,900.348,909.898,2981226300,16451707000.0,银行
295,2023-03-06,910.111,912.12,899.4,900.177,2821398400,19288286000.0,银行
296,2023-03-07,900.528,921.201,899.361,904.646,5310482400,29769053000.0,银行
297,2023-03-08,900.064,900.958,893.414,900.448,2668211700,16826019000.0,银行
298,2023-03-09,901.752,905.556,900.752,901.723,779136570,4260485300.0,银行
299,2023-03-02,1788.81,1796.783,1787.399,1793.187,894927220,7361019300.0,保险及其他
300,2023-03-03,1795.747,1801.509,1787.289,1799.408,1141618720,8468926300.0,保险及其他
301,2023-03-06,1801.999,1808.471,1785.371,1788.921,1365811000,12178381500.0,保险及其他
302,2023-03-07,1786.969,1809.161,1772.737,1773.115,1482442000,12036888700.0,保险及其他
303,2023-03-08,1765.295,1775.216,1762.883,1775.216,946644520,8396308000.0,保险及其他
304,2023-03-09,1774.015,1774.015,1763.041,1763.181,226197780,1622873500.0,保险及其他
305,2023-03-02,1557.467,1561.134,1548.067,1549.883,892717280,6574069600.0,零售
306,2023-03-03,1552.115,1565.07,1545.699,1564.025,1178875160,8374703200.0,零售
307,2023-03-06,1565.272,1574.979,1559.496,1574.678,1188611720,11366625900.0,零售
308,2023-03-07,1575.06,1578.846,1546.687,1546.687,1034563910,9301672200.0,零售
309,2023-03-08,1542.99,1554.909,1537.447,1554.472,742814050,6001842700.0,零售
310,2023-03-09,1557.768,1557.768,1533.741,1539.04,740686660,7241716400.0,零售
311,2023-03-02,2735.729,2746.147,2728.376,2731.822,181529060,1475770600.0,贸易
312,2023-03-03,2727.116,2757.969,2722.362,2754.8,203202470,1572068000.0,贸易
313,2023-03-06,2780.111,2795.684,2775.639,2785.535,278869950,2590388300.0,贸易
314,2023-03-07,2794.432,2806.762,2759.539,2759.539,284623060,2824589100.0,贸易
315,2023-03-08,2746.887,2765.897,2734.016,2761.977,190907970,1947432800.0,贸易
316,2023-03-09,2757.837,2757.837,2721.655,2742.922,150035980,1420896400.0,贸易
317,2023-03-02,2312.275,2371.582,2283.999,2349.557,265487520,4272700400.0,酒店及餐饮
318,2023-03-03,2332.897,2390.718,2325.482,2355.507,299151910,4635162700.0,酒店及餐饮
319,2023-03-06,2348.142,2482.105,2337.213,2452.596,389008330,6277956900.0,酒店及餐饮
320,2023-03-07,2423.215,2454.375,2392.219,2405.271,312890510,5186499200.0,酒店及餐饮
321,2023-03-08,2388.989,2417.154,2365.668,2373.126,191469080,3296825300.0,酒店及餐饮
322,2023-03-09,2363.975,2365.344,2324.964,2331.461,58708961,906395640.0,酒店及餐饮
323,2023-03-02,2801.462,2834.979,2799.313,2813.907,200481190,2480972700.0,景点及旅游
324,2023-03-03,2809.639,2832.727,2793.871,2824.797,169229180,2036039500.0,景点及旅游
325,2023-03-06,2823.682,2889.04,2812.189,2884.646,293620470,3631855000.0,景点及旅游
326,2023-03-07,2868.667,2887.137,2843.885,2845.542,230247390,2816192200.0,景点及旅游
327,2023-03-08,2855.681,2882.309,2832.559,2857.054,185810690,2314128300.0,景点及旅游
328,2023-03-09,2864.621,2864.621,2791.149,2793.497,173790800,2074451300.0,景点及旅游
329,2023-03-02,1929.314,1949.616,1927.898,1934.882,2477067300,18756930000.0,通信服务
330,2023-03-03,1919.785,1938.472,1906.122,1920.519,2280120700,17292711000.0,通信服务
331,2023-03-06,1922.915,1946.206,1917.023,1924.504,2035455100,16773035000.0,通信服务
332,2023-03-07,1918.292,1920.474,1859.881,1864.714,1974249300,15880124000.0,通信服务
333,2023-03-08,1864.175,1927.093,1864.175,1927.093,1672754200,13097651700.0,通信服务
334,2023-03-09,1927.35,1930.406,1907.08,1914.638,730557860,5421914400.0,通信服务
335,2023-03-02,10337.145,10458.25,10332.605,10400.589,6655219600,101785926000.0,计算机应用
336,2023-03-03,10325.35,10366.997,10149.857,10286.4,5658330600,88644273000.0,计算机应用
337,2023-03-06,10295.072,10319.006,10230.731,10277.762,4366770400,69462823000.0,计算机应用
338,2023-03-07,10287.711,10367.109,10038.814,10040.579,4575380000,70109093000.0,计算机应用
339,2023-03-08,10058.14,10319.623,10056.514,10319.623,4422578000,69558065000.0,计算机应用
340,2023-03-09,10317.534,10350.662,10163.675,10187.548,1289340550,20708467000.0,计算机应用
341,2023-03-02,2097.538,2137.743,2096.747,2131.037,5756393500,45732713000.0,传媒
342,2023-03-03,2124.85,2134.462,2100.937,2121.487,4384286400,36465803000.0,传媒
343,2023-03-06,2124.556,2135.559,2113.737,2117.965,3658164300,30970349000.0,传媒
344,2023-03-07,2118.501,2130.27,2076.963,2076.963,3865589400,33142373000.0,传媒
345,2023-03-08,2075.36,2115.617,2075.096,2115.617,3388499700,27511894000.0,传媒
346,2023-03-09,2118.16,2120.598,2099.341,2103.64,1171271700,9484001300.0,传媒
347,2023-03-02,17893.135,17978.835,17819.487,17876.956,28416354,1672830500.0,非金属材料
348,2023-03-03,17911.94,17913.065,17685.298,17737.598,24174350,1374550600.0,非金属材料
349,2023-03-06,17804.466,18001.52,17622.433,17976.296,35051800,2873957100.0,非金属材料
350,2023-03-07,17954.045,17977.332,17703.611,17743.263,25146857,1900660000.0,非金属材料
351,2023-03-08,17738.846,17848.048,17678.606,17786.809,21425685,1751186300.0,非金属材料
352,2023-03-09,17822.041,18002.685,17760.385,17999.869,6101080,486651010.0,非金属材料
353,2023-03-02,2394.312,2394.312,2370.745,2373.303,213280270,1304893830.0,综合
354,2023-03-03,2378.822,2387.565,2366.612,2385.82,209324470,1275870310.0,综合
355,2023-03-06,2385.547,2386.193,2366.299,2373.219,197444250,1263913850.0,综合
356,2023-03-07,2378.82,2378.82,2329.317,2329.317,209613950,1292263310.0,综合
357,2023-03-08,2326.722,2350.243,2323.728,2350.199,143573050,866709090.0,综合
358,2023-03-09,2348.693,2348.71,2335.579,2341.117,38721937,268522600.0,综合
359,2023-03-02,1770.702,1796.652,1767.279,1770.781,2093320900,39772490000.0,国防军工
360,2023-03-03,1769.033,1787.777,1761.108,1785.14,2390639200,46198241000.0,国防军工
361,2023-03-06,1796.229,1823.59,1796.229,1810.233,2724653500,55521171000.0,国防军工
362,2023-03-07,1805.259,1805.259,1749.822,1749.966,2531821300,47458573000.0,国防军工
363,2023-03-08,1743.68,1792.579,1743.562,1789.947,2238754000,42625627000.0,国防军工
364,2023-03-09,1791.981,1796.893,1777.615,1782.994,596547640,11308389600.0,国防军工
365,2023-03-02,1684.752,1685.154,1664.731,1667.476,189395950,1975418900.0,贵金属
366,2023-03-03,1672.938,1704.913,1672.938,1694.968,192773430,2125742900.0,贵金属
367,2023-03-06,1711.145,1735.157,1710.292,1735.157,364922200,4038894500.0,贵金属
368,2023-03-07,1744.382,1787.532,1744.382,1763.721,503181100,5160315800.0,贵金属
369,2023-03-08,1751.719,1753.846,1728.434,1747.139,368380190,3707108800.0,贵金属
370,2023-03-09,1764.576,1767.78,1755.358,1757.379,75596683,691430940.0,贵金属
371,2023-03-02,2479.741,2479.741,2453.401,2455.901,1284139730,11517306500.0,工业金属
372,2023-03-03,2456.448,2459.8,2440.161,2453.632,1149769140,9904428000.0,工业金属
373,2023-03-06,2458.657,2461.051,2424.782,2445.241,1319248620,11540757400.0,工业金属
374,2023-03-07,2445.496,2464.139,2411.164,2411.164,1505828300,12743330000.0,工业金属
375,2023-03-08,2399.875,2407.769,2388.246,2407.769,1143493110,10137439600.0,工业金属
376,2023-03-09,2414.304,2418.049,2387.804,2403.228,983509770,8321933000.0,工业金属
377,2023-03-02,15605.52,15768.662,15508.876,15528.722,580944490,12376277400.0,自动化设备
378,2023-03-03,15501.954,15588.194,15302.808,15415.342,417644710,8686759700.0,自动化设备
379,2023-03-06,15435.106,15492.765,15308.831,15458.958,378728740,9082301600.0,自动化设备
380,2023-03-07,15470.193,15470.193,15030.235,15033.713,385007390,8556767800.0,自动化设备
381,2023-03-08,15012.671,15138.73,14989.086,15135.996,270487010,6199510900.0,自动化设备
382,2023-03-09,15157.804,15205.046,15082.269,15205.046,75103828,1645113700.0,自动化设备
383,2023-03-02,5042.338,5042.389,4989.114,4990.248,953081400,22172361000.0,小金属
384,2023-03-03,4976.057,4993.619,4934.598,4959.034,642709670,15013389000.0,小金属
385,2023-03-06,4962.927,4969.934,4887.946,4960.195,717701690,17774685000.0,小金属
386,2023-03-07,4952.417,4960.002,4863.798,4863.798,600828860,13540862000.0,小金属
387,2023-03-08,4841.597,4859.789,4820.585,4852.213,476747670,10225211400.0,小金属
388,2023-03-09,4884.591,4894.05,4831.246,4838.911,501846170,11817060000.0,小金属
389,2023-03-02,3459.552,3473.017,3424.346,3430.071,99262608,1971009100.0,小家电
390,2023-03-03,3433.681,3441.58,3388.364,3418.265,102810963,2013341600.0,小家电
391,2023-03-06,3419.339,3427.356,3402.621,3419.74,120157747,2451627500.0,小家电
392,2023-03-07,3420.682,3420.699,3333.928,3333.928,136411140,2184218800.0,小家电
393,2023-03-08,3328.779,3339.175,3315.453,3335.836,97234844,1486548000.0,小家电
394,2023-03-09,3340.456,3345.82,3304.982,3320.658,89714222,1419783300.0,小家电
395,2023-03-02,31360.799,31549.996,31037.742,31056.095,132056224,3130279000.0,电子化学品
396,2023-03-03,31242.246,31566.764,31159.293,31350.133,146284080,3688632100.0,电子化学品
397,2023-03-06,31275.223,31787.551,31007.283,31756.476,163208080,4108255700.0,电子化学品
398,2023-03-07,31755.221,31863.473,30921.796,30951.407,145604860,3323177200.0,电子化学品
399,2023-03-08,30853.959,31915.162,30848.776,31915.162,233750600,5378766400.0,电子化学品
400,2023-03-09,32053.808,33218.101,32045.713,33216.894,192143130,4803369400.0,电子化学品
401,2023-03-02,6808.878,6886.845,6808.878,6860.025,137169780,1605220700.0,厨卫电器
402,2023-03-03,6812.849,6843.385,6728.691,6747.777,186055330,1837104800.0,厨卫电器
403,2023-03-06,6736.306,6736.306,6611.306,6696.012,177449560,1690819900.0,厨卫电器
404,2023-03-07,6671.203,6671.203,6465.511,6466.541,123340092,1288865130.0,厨卫电器
405,2023-03-08,6451.438,6479.812,6410.314,6463.702,64933768,723360810.0,厨卫电器
406,2023-03-09,6465.758,6465.758,6357.96,6393.808,71954625,780904680.0,厨卫电器
407,2023-03-02,3219.507,3219.6,3188.235,3194.13,74887066,363366310.0,房地产服务
408,2023-03-03,3194.88,3215.184,3178.625,3212.256,67344065,373808950.0,房地产服务
409,2023-03-06,3214.069,3214.069,3139.773,3160.957,116310421,570495510.0,房地产服务
410,2023-03-07,3161.923,3168.1,3071.54,3073.081,98586120,596763910.0,房地产服务
411,2023-03-08,3065.202,3110.847,3060.427,3105.761,68462986,363585790.0,房地产服务
412,2023-03-09,3110.935,3113.05,3098.165,3106.563,13671994,70127108.0,房地产服务
413,2023-03-02,18633.365,18644.701,18412.925,18431.661,357723270,7682010300.0,医疗服务
414,2023-03-03,18452.069,18734.708,18398.575,18504.769,356942890,9260945400.0,医疗服务
415,2023-03-06,18498.768,18653.606,18397.374,18621.796,439988920,10996617300.0,医疗服务
416,2023-03-07,18639.511,18903.672,18396.738,18401.037,486959380,10453473800.0,医疗服务
417,2023-03-08,18349.88,18579.436,18326.64,18410.776,459639420,8742903100.0,医疗服务
418,2023-03-09,18439.753,18513.777,18374.848,18454.929,159062370,2387977200.0,医疗服务
419,2023-03-02,6953.387,6972.685,6910.593,6921.759,167349470,1748531800.0,互联网电商
420,2023-03-03,6924.209,6962.508,6876.77,6931.171,175529580,1640185600.0,互联网电商
421,2023-03-06,6936.856,6943.888,6881.506,6895.371,158741760,1751317000.0,互联网电商
422,2023-03-07,6891.883,6894.096,6741.258,6741.258,270274190,2190111300.0,互联网电商
423,2023-03-08,6729.941,6869.571,6721.777,6869.123,237640220,2252698500.0,互联网电商
424,2023-03-09,6878.494,6878.864,6827.833,6845.331,58304822,538571410.0,互联网电商
425,2023-03-02,4854.724,4949.315,4852.657,4865.788,511633580,3431602300.0,教育
426,2023-03-03,4885.673,4999.613,4876.102,4973.909,837314640,6203241600.0,教育
427,2023-03-06,4933.273,4949.711,4811.393,4821.596,948531700,6434341700.0,教育
428,2023-03-07,4807.141,4810.779,4710.996,4712.954,600628300,3946898600.0,教育
429,2023-03-08,4704.882,4757.658,4687.614,4757.658,394525300,2549865600.0,教育
430,2023-03-09,4761.381,4761.986,4682.161,4697.875,130154277,852059120.0,教育
431,2023-03-02,15121.147,15266.338,15121.147,15215.313,128058001,1859494000.0,其他社会服务
432,2023-03-03,15236.19,15373.049,15220.786,15340.336,188930800,2486350200.0,其他社会服务
433,2023-03-06,15350.634,15464.278,15335.9,15460.968,212029150,2954745900.0,其他社会服务
434,2023-03-07,15445.031,15465.131,15175.694,15179.678,178105240,2475163900.0,其他社会服务
435,2023-03-08,15153.31,15343.066,15153.31,15341.151,135858540,1927184600.0,其他社会服务
436,2023-03-09,15386.792,15386.792,15271.791,15289.122,46150937,567756080.0,其他社会服务
437,2023-03-02,3129.813,3149.652,3129.759,3132.16,621430880,3935224200.0,石油加工贸易
438,2023-03-03,3132.015,3148.773,3124.95,3145.708,832221420,5052481300.0,石油加工贸易
439,2023-03-06,3156.572,3170.267,3123.08,3136.379,704249230,4747990600.0,石油加工贸易
440,2023-03-07,3138.877,3203.669,3133.289,3140.044,1390956400,8617324300.0,石油加工贸易
441,2023-03-08,3117.238,3124.807,3092.183,3124.02,768188960,4927757700.0,石油加工贸易
442,2023-03-09,3132.969,3137.768,3096.209,3109.936,621997660,3954892800.0,石油加工贸易
443,2023-03-02,3175.135,3182.264,3146.456,3151.149,91657711,986079870.0,种子生产
444,2023-03-03,3150.338,3159.422,3132.428,3159.422,85582627,919443280.0,种子生产
445,2023-03-06,3161.226,3226.855,3150.921,3223.576,197073140,2177910700.0,种子生产
446,2023-03-07,3221.882,3221.882,3125.125,3128.216,149521220,1632391700.0,种子生产
447,2023-03-08,3110.956,3130.917,3094.669,3117.187,90798032,934953160.0,种子生产
448,2023-03-09,3114.823,3114.94,3067.539,3078.996,87009265,908860600.0,种子生产
449,2023-03-02,3362.056,3368.887,3343.653,3346.661,1034331720,7888867100.0,环保
450,2023-03-03,3349.277,3359.797,3336.819,3354.305,933260460,7069983200.0,环保
451,2023-03-06,3364.485,3370.294,3349.982,3361.778,971663640,7819439400.0,环保
452,2023-03-07,3363.538,3363.538,3303.122,3304.253,1154389120,8949273400.0,环保
453,2023-03-08,3294.161,3331.402,3292.363,3331.402,795756300,6339363500.0,环保
454,2023-03-09,3338.535,3338.535,3327.102,3336.084,205748270,1791215400.0,环保
455,2023-03-02,1582.409,1592.494,1579.857,1589.004,25345468,347484630.0,粮食种植
456,2023-03-03,1588.45,1595.548,1585.43,1595.548,28519455,387244350.0,粮食种植
457,2023-03-06,1596.105,1615.653,1590.63,1604.533,43964822,609871780.0,粮食种植
458,2023-03-07,1599.851,1602.234,1567.936,1570.319,32974341,451847890.0,粮食种植
459,2023-03-08,1564.837,1580.307,1563.483,1576.097,20695157,282947940.0,粮食种植
460,2023-03-09,1578.301,1578.391,1553.812,1557.208,19986844,269391770.0,粮食种植
461,2023-03-02,5241.65,5249.08,5204.422,5215.222,119595581,3392209100.0,美容护理
462,2023-03-03,5212.047,5231.127,5152.836,5185.616,104149987,2809278300.0,美容护理
463,2023-03-06,5188.996,5191.111,5148.005,5176.683,131083036,3079545100.0,美容护理
464,2023-03-07,5174.837,5174.837,5052.257,5052.257,137519320,4653354700.0,美容护理
465,2023-03-08,5051.791,5079.029,5033.203,5074.659,86300799,2744876000.0,美容护理
466,2023-03-09,5090.543,5090.934,5029.526,5060.389,94925632,3926426400.0,美容护理
467,2023-03-02,1547.047,1558.085,1531.24,1534.385,87336465,803368570.0,其他种植业
468,2023-03-03,1538.628,1543.326,1528.033,1538.785,100754368,723785700.0,其他种植业
469,2023-03-06,1541.237,1585.663,1541.237,1578.012,137799850,1093185700.0,其他种植业
470,2023-03-07,1579.374,1610.818,1575.345,1576.084,130002646,1191628760.0,其他种植业
471,2023-03-08,1573.696,1600.77,1561.915,1596.689,88156679,973223440.0,其他种植业
472,2023-03-09,1595.208,1596.632,1564.343,1574.793,89205343,899791000.0,其他种植业
473,2023-03-02,1671.85,1678.108,1658.098,1672.721,6508000,74857411.0,海洋捕捞
474,2023-03-03,1672.015,1696.012,1666.838,1686.446,11932700,140247140.0,海洋捕捞
475,2023-03-06,1689.684,1721.055,1687.3,1721.055,14318109,167319740.0,海洋捕捞
476,2023-03-07,1716.518,1730.809,1680.318,1682.519,15864566,188342610.0,海洋捕捞
477,2023-03-08,1681.807,1693.595,1671.704,1680.252,10460001,121513857.0,海洋捕捞
478,2023-03-09,1686.475,1687.187,1644.772,1653.382,9271848,105813761.0,海洋捕捞
479,2023-03-02,1054.784,1058.748,1048.281,1050.067,50444159,211593120.0,林业
480,2023-03-03,1050.419,1054.095,1041.607,1049.775,34774975,161152600.0,林业
481,2023-03-06,1052.81,1056.37,1046.078,1050.845,29027200,157531450.0,林业
482,2023-03-07,1050.455,1054.132,1029.879,1030.706,41968479,189472510.0,林业
483,2023-03-08,1030.153,1042.001,1026.77,1040.872,23215103,117069681.0,林业
484,2023-03-09,1040.491,1040.491,1027.575,1030.054,22903937,112632545.0,林业
485,2023-03-02,1115.043,1116.738,1104.561,1111.186,66217581,340332310.0,水产养殖
486,2023-03-03,1110.265,1114.383,1100.816,1110.758,71473387,356873960.0,水产养殖
487,2023-03-06,1112.754,1123.96,1108.127,1121.747,91615126,456001790.0,水产养殖
488,2023-03-07,1121.101,1122.068,1095.896,1096.874,84347010,408912390.0,水产养殖
489,2023-03-08,1094.05,1107.442,1091.889,1106.514,46739395,214686300.0,水产养殖
490,2023-03-09,1107.458,1107.946,1086.774,1092.818,57712841,283462440.0,水产养殖
491,2023-03-02,1342.354,1342.483,1332.131,1336.807,243237090,3282811100.0,畜禽养殖
492,2023-03-03,1337.58,1346.365,1326.764,1337.537,203754820,3128366200.0,畜禽养殖
493,2023-03-06,1337.871,1373.506,1330.903,1361.723,360936250,5897207600.0,畜禽养殖
494,2023-03-07,1363.783,1367.766,1344.273,1345.264,335383350,5285095800.0,畜禽养殖
495,2023-03-08,1341.261,1342.732,1327.415,1340.958,233123780,3889206600.0,畜禽养殖
496,2023-03-09,1343.495,1351.188,1323.093,1326.2,229789310,3633196600.0,畜禽养殖
497,2023-03-02,1482.966,1491.706,1471.841,1473.679,31444176,170352810.0,果蔬加工
498,2023-03-03,1463.18,1480.784,1458.727,1477.091,41980040,206365230.0,果蔬加工
499,2023-03-06,1477.689,1500.746,1471.391,1493.861,51555931,304995270.0,果蔬加工
500,2023-03-07,1490.712,1495.622,1468.859,1469.105,39663634,235554230.0,果蔬加工
501,2023-03-08,1466.604,1477.323,1464.319,1476.158,29974369,162818440.0,果蔬加工
502,2023-03-09,1479.52,1480.711,1465.92,1475.948,32435391,177067520.0,果蔬加工
503,2023-03-02,2142.484,2142.484,2126.534,2128.714,180896080,2004675800.0,饲料
504,2023-03-03,2128.667,2132.801,2111.737,2123.935,168583050,1982780900.0,饲料
505,2023-03-06,2127.578,2140.379,2116.026,2134.96,237047750,2662286400.0,饲料
506,2023-03-07,2133.202,2135.002,2085.738,2086.047,235645040,2605423900.0,饲料
507,2023-03-08,2092.491,2100.947,2081.886,2093.312,157595270,1817089800.0,饲料
508,2023-03-09,2104.803,2108.521,2078.433,2083.949,173169000,1825942200.0,饲料
509,2023-03-02,2133.017,2135.037,2118.758,2120.051,91136231,783844460.0,粮油加工
510,2023-03-03,2120.23,2134.24,2113.725,2134.24,92430176,773713820.0,粮油加工
511,2023-03-06,2136.841,2153.529,2127.38,2152.057,108310840,1160786610.0,粮油加工
512,2023-03-07,2151.255,2151.503,2090.322,2090.773,119802944,1035097410.0,粮油加工
513,2023-03-08,2083.587,2100.059,2082.592,2099.78,62506574,556449930.0,粮油加工
514,2023-03-09,2097.09,2112.425,2080.053,2101.241,278459860,1242464890.0,粮油加工
515,2023-03-02,2103.59,2105.015,2089.446,2091.285,69270274,729700580.0,其他农产品加工
516,2023-03-03,2095.818,2103.477,2086.509,2100.146,105528500,1066734520.0,其他农产品加工
517,2023-03-06,2110.53,2129.439,2106.385,2122.387,186316750,1656932400.0,其他农产品加工
518,2023-03-07,2131.456,2140.642,2094.031,2094.481,190899890,1797118500.0,其他农产品加工
519,2023-03-08,2100.311,2104.841,2088.321,2097.074,110576905,1029536670.0,其他农产品加工
520,2023-03-09,2100.057,2106.341,2075.503,2076.515,88756147,849742340.0,其他农产品加工
521,2023-03-02,1082.346,1083.877,1072.692,1079.034,13560127,86750441.0,农业综合
522,2023-03-03,1080.124,1083.519,1071.558,1077.676,14530792,89128958.0,农业综合
523,2023-03-06,1080.456,1081.702,1072.759,1075.983,15102206,91961445.0,农业综合
524,2023-03-07,1077.801,1077.801,1051.703,1052.758,23130973,149187650.0,农业综合
525,2023-03-08,1052.618,1060.259,1049.77,1055.653,12893289,82036771.0,农业综合
526,2023-03-09,1057.951,1060.917,1051.369,1058.335,16017459,95967990.0,农业综合
527,2023-03-02,1531.185,1532.053,1512.031,1514.948,58014602,937455530.0,动物保健
528,2023-03-03,1516.519,1519.503,1492.585,1496.407,63057743,974189470.0,动物保健
529,2023-03-06,1499.961,1507.233,1491.561,1503.903,51423664,845932640.0,动物保健
530,2023-03-07,1506.749,1508.775,1464.907,1466.49,98327723,1260200690.0,动物保健
531,2023-03-08,1461.815,1473.625,1460.414,1469.809,55618008,795958620.0,动物保健
532,2023-03-09,1472.846,1484.799,1467.201,1472.216,52722967,747114660.0,动物保健
533,2023-03-02,1475.892,1483.312,1470.158,1473.833,136551530,874371960.0,焦炭加工
534,2023-03-03,1474.186,1474.825,1465.506,1471.96,105278073,665458860.0,焦炭加工
535,2023-03-06,1471.612,1476.252,1451.25,1453.39,117689890,752710200.0,焦炭加工
536,2023-03-07,1456.618,1468.633,1437.617,1437.617,141699320,879138400.0,焦炭加工
537,2023-03-08,1434.55,1440.581,1428.172,1439.864,87842643,540397230.0,焦炭加工
538,2023-03-09,1441.958,1447.652,1430.537,1434.168,74552340,452532930.0,焦炭加工
539,2023-03-02,2632.989,2658.443,2623.352,2641.387,596355380,7068733800.0,煤炭开采
540,2023-03-03,2637.563,2650.141,2621.098,2641.62,459544150,5939859500.0,煤炭开采
541,2023-03-06,2643.305,2653.192,2588.339,2592.645,728592500,9100532500.0,煤炭开采
542,2023-03-07,2600.521,2642.781,2595.817,2598.532,749601270,10129056000.0,煤炭开采
543,2023-03-08,2588.057,2597.964,2570.982,2590.644,436743530,5369555200.0,煤炭开采
544,2023-03-09,2593.217,2622.283,2574.408,2581.895,451962360,5580114200.0,煤炭开采
545,2023-03-02,953.909,962.29,952.576,958.637,303403940,3000065900.0,油气开采
546,2023-03-03,959.284,968.815,954.336,967.058,311755070,3227455100.0,油气开采
547,2023-03-06,970.169,970.169,958.704,963.845,269253820,2554474200.0,油气开采
548,2023-03-07,965.264,994.699,963.88,972.953,619367510,5096291200.0,油气开采
549,2023-03-08,965.194,965.194,956.813,962.091,324640140,2740253600.0,油气开采
550,2023-03-09,961.058,965.881,953.237,959.15,260685150,2169278700.0,油气开采
551,2023-03-02,1309.976,1323.106,1309.976,1316.099,251003130,1273342170.0,油服工程
552,2023-03-03,1317.937,1327.005,1311.792,1326.021,317025270,1435350200.0,油服工程
553,2023-03-06,1332.68,1338.847,1319.802,1323.11,297866640,1375748000.0,油服工程
554,2023-03-07,1325.514,1368.08,1324.599,1336.001,632396980,3031702300.0,油服工程
555,2023-03-08,1321.502,1321.502,1300.878,1314.584,426001280,2062279900.0,油服工程
556,2023-03-09,1315.237,1318.823,1296.777,1304.482,278534720,1300350590.0,油服工程
557,2023-03-02,1585.596,1596.943,1585.596,1586.924,600195800,3721656000.0,石油加工
558,2023-03-03,1586.833,1598.124,1585.416,1596.345,809907800,4848216100.0,石油加工
559,2023-03-06,1602.133,1609.851,1584.583,1593.076,684418300,4558485300.0,石油加工
560,2023-03-07,1594.556,1623.539,1588.501,1589.757,1292324370,7787560300.0,石油加工
561,2023-03-08,1580.442,1584.826,1566.749,1584.309,703060930,4385321300.0,石油加工
562,2023-03-09,1588.722,1593.14,1570.268,1576.958,588125970,3672449200.0,石油加工
563,2023-03-02,1237.514,1243.984,1235.612,1238.081,21235083,213568300.0,油品石化贸易
564,2023-03-03,1238.068,1240.791,1229.168,1236.786,22313620,204265160.0,油品石化贸易
565,2023-03-06,1240.208,1245.35,1226.883,1229.335,19830934,189505200.0,油品石化贸易
566,2023-03-07,1229.771,1268.256,1228.776,1244.097,98632056,829763960.0,油品石化贸易
567,2023-03-08,1229.242,1235.308,1220.758,1230.798,65128032,542436430.0,油品石化贸易
568,2023-03-09,1234.714,1234.714,1219.732,1225.789,33871687,282443620.0,油品石化贸易
569,2023-03-02,3067.375,3122.33,3067.375,3110.153,135937300,1275663610.0,纯碱
570,2023-03-03,3116.933,3116.933,3059.048,3089.628,92475427,866342000.0,纯碱
571,2023-03-06,3080.525,3092.768,3025.103,3054.995,79147859,706124420.0,纯碱
572,2023-03-07,3054.919,3086.813,2997.951,2999.387,79850856,708487850.0,纯碱
573,2023-03-08,2988.218,2998.687,2958.581,2978.417,68023653,589657300.0,纯碱
574,2023-03-09,2981.766,2982.613,2953.354,2965.169,46225736,398635970.0,纯碱
575,2023-03-02,2007.425,2016.143,1993.581,1995.364,314536510,1932068600.0,氯碱
576,2023-03-03,1995.001,2003.452,1989.347,1997.791,296606060,2142716200.0,氯碱
577,2023-03-06,2002.069,2009.745,1987.168,1989.899,377643310,2403212300.0,氯碱
578,2023-03-07,1988.72,1994.877,1950.423,1950.423,350330500,2149846900.0,氯碱
579,2023-03-08,1946.84,1961.357,1945.584,1961.253,192492710,1241807480.0,氯碱
580,2023-03-09,1960.319,1962.514,1948.406,1955.796,176586460,1132371610.0,氯碱
581,2023-03-02,2701.847,2709.837,2691.619,2694.655,74028029,978540110.0,无机盐
582,2023-03-03,2699.011,2699.011,2678.286,2693.414,63429112,877211280.0,无机盐
583,2023-03-06,2694.805,2707.463,2676.523,2687.858,60080952,802521280.0,无机盐
584,2023-03-07,2688.418,2698.627,2637.593,2637.593,78893550,1070125130.0,无机盐
585,2023-03-08,2628.324,2641.447,2623.091,2639.475,41574841,556130050.0,无机盐
586,2023-03-09,2647.221,2649.162,2626.129,2636.643,38582665,510771730.0,无机盐
587,2023-03-02,2066.15,2070.77,2053.064,2053.064,132213440,1572783200.0,其他化学原料
588,2023-03-03,2061.918,2061.975,2044.721,2055.356,169294530,1759886500.0,其他化学原料
589,2023-03-06,2056.616,2057.291,2034.375,2050.902,144541230,1696106500.0,其他化学原料
590,2023-03-07,2052.139,2059.385,2017.216,2017.216,157886220,1889098100.0,其他化学原料
591,2023-03-08,2010.31,2019.183,2005.236,2019.052,105389326,1224138530.0,其他化学原料
592,2023-03-09,2021.772,2025.651,2009.09,2018.73,90758509,1069052860.0,其他化学原料
593,2023-03-02,1499.058,1508.717,1492.392,1492.98,58003566,744334100.0,氮肥
594,2023-03-03,1492.762,1497.557,1482.481,1485.402,46865194,607605770.0,氮肥
595,2023-03-06,1488.719,1488.755,1474.035,1483.509,57514063,735221020.0,氮肥
596,2023-03-07,1483.022,1489.386,1457.136,1457.771,57500853,547996140.0,氮肥
597,2023-03-08,1450.929,1459.525,1447.955,1457.237,36178527,373674180.0,氮肥
598,2023-03-09,1459.022,1460.815,1444.144,1447.895,31355989,372112070.0,氮肥
599,2023-03-02,5032.922,5089.337,4975.593,4977.504,226272540,3515379700.0,磷肥及磷化工
600,2023-03-03,4967.795,4982.909,4928.504,4980.468,182588900,2654955000.0,磷肥及磷化工
601,2023-03-06,4973.843,4975.212,4883.932,4908.877,179079960,2678432800.0,磷肥及磷化工
602,2023-03-07,4911.461,4958.262,4849.84,4851.335,242692620,2675092800.0,磷肥及磷化工
603,2023-03-08,4839.007,4881.45,4818.315,4877.877,156388670,1666274200.0,磷肥及磷化工
604,2023-03-09,4871.866,4891.338,4823.218,4825.68,164092500,1922726700.0,磷肥及磷化工
605,2023-03-02,1900.068,1906.973,1886.49,1888.551,210364730,3208015100.0,农药
606,2023-03-03,1892.019,1892.019,1878.125,1882.062,186488310,2585319600.0,农药
607,2023-03-06,1886.123,1886.123,1868.126,1882.03,174491500,2430328500.0,农药
608,2023-03-07,1883.47,1883.47,1849.14,1850.242,177961390,2576030700.0,农药
609,2023-03-08,1849.231,1854.246,1843.355,1854.246,134933440,1996982600.0,农药
610,2023-03-09,1858.982,1858.982,1846.88,1848.774,140218850,1946507400.0,农药
611,2023-03-02,2116.814,2129.217,2106.622,2110.688,31185271,464335560.0,涂料油墨
612,2023-03-03,2113.544,2117.912,2087.052,2099.845,39075275,577925980.0,涂料油墨
613,2023-03-06,2103.541,2103.541,2078.523,2083.97,37650624,533210310.0,涂料油墨
614,2023-03-07,2086.908,2089.056,2041.063,2041.081,35304619,444931150.0,涂料油墨
615,2023-03-08,2040.433,2095.896,2039.322,2095.896,68929698,680779960.0,涂料油墨
616,2023-03-09,2096.662,2163.207,2089.882,2163.045,130217372,1337474310.0,涂料油墨
617,2023-03-02,6207.665,6226.284,6148.481,6149.332,39479124,924305000.0,钾肥
618,2023-03-03,6154.511,6182.002,6101.727,6124.952,36347662,844953030.0,钾肥
619,2023-03-06,6147.039,6149.504,6070.122,6132.977,33073196,754989520.0,钾肥
620,2023-03-07,6113.238,6130.591,6028.347,6037.171,48829153,1129147950.0,钾肥
621,2023-03-08,6025.635,6082.981,6006.475,6064.767,40175583,936060020.0,钾肥
622,2023-03-09,6066.664,6111.128,6050.42,6081.48,45789196,1047475520.0,钾肥
623,2023-03-02,2613.283,2624.142,2591.405,2594.757,95459926,1165373500.0,民爆用品
624,2023-03-03,2600.563,2612.129,2588.824,2604.041,79071892,923365390.0,民爆用品
625,2023-03-06,2607.499,2607.499,2584.739,2599.451,75219806,852183690.0,民爆用品
626,2023-03-07,2598.802,2608.938,2545.114,2545.114,104100819,1090750490.0,民爆用品
627,2023-03-08,2540.346,2561.73,2535.609,2561.73,63082498,675668200.0,民爆用品
628,2023-03-09,2562.063,2572.58,2543.818,2550.71,62585219,674435170.0,民爆用品
629,2023-03-02,877.243,883.063,874.79,876.136,63900242,567817090.0,纺织化学用品
630,2023-03-03,878.02,878.02,868.15,872.574,54535920,459448090.0,纺织化学用品
631,2023-03-06,874.069,875.39,867.57,868.496,44788673,362660800.0,纺织化学用品
632,2023-03-07,869.392,871.633,854.624,855.349,60385981,513651600.0,纺织化学用品
633,2023-03-08,853.91,868.434,853.725,868.434,47764742,438578040.0,纺织化学用品
634,2023-03-09,868.61,875.911,864.013,875.37,58827704,498000210.0,纺织化学用品
635,2023-03-02,2322.147,2326.884,2305.321,2308.87,274325460,4845597200.0,其他化学制品
636,2023-03-03,2307.937,2309.755,2290.501,2300.716,239149350,4213210300.0,其他化学制品
637,2023-03-06,2306.732,2311.787,2286.554,2308.771,297455930,5288306200.0,其他化学制品
638,2023-03-07,2305.819,2305.819,2255.111,2255.111,318295500,5263462700.0,其他化学制品
639,2023-03-08,2249.903,2272.066,2246.333,2271.99,229149800,3978754200.0,其他化学制品
640,2023-03-09,2272.49,2297.107,2272.263,2292.555,278287410,4862603200.0,其他化学制品
641,2023-03-02,2326.251,2339.469,2304.742,2309.241,93662274,823654280.0,复合肥
642,2023-03-03,2325.432,2327.077,2308.54,2323.103,87187464,637584720.0,复合肥
643,2023-03-06,2328.436,2328.436,2290.689,2298.491,118490707,742019680.0,复合肥
644,2023-03-07,2299.866,2314.27,2265.152,2267.848,121384206,852206620.0,复合肥
645,2023-03-08,2261.062,2277.63,2257.672,2276.54,75925048,502066480.0,复合肥
646,2023-03-09,2277.263,2281.124,2257.39,2262.936,61010849,432125250.0,复合肥
647,2023-03-02,4306.188,4308.689,4247.05,4254.299,84967137,2179053800.0,氟化工
648,2023-03-03,4262.422,4295.339,4247.537,4274.045,82571331,2075271400.0,氟化工
649,2023-03-06,4266.127,4278.347,4191.444,4248.294,89155557,2165927500.0,氟化工
650,2023-03-07,4242.159,4251.277,4173.309,4173.309,73615700,1735220900.0,氟化工
651,2023-03-08,4165.305,4205.442,4145.359,4174.589,58089529,1376037700.0,氟化工
652,2023-03-09,4189.334,4196.338,4158.959,4162.959,48205293,1202406880.0,氟化工
653,2023-03-02,2938.246,2945.872,2924.168,2924.794,56775549,1977400200.0,聚氨酯
654,2023-03-03,2922.266,2931.913,2908.937,2928.633,52025649,1337801340.0,聚氨酯
655,2023-03-06,2925.576,2945.603,2911.07,2938.221,81736318,1879421200.0,聚氨酯
656,2023-03-07,2948.611,2948.611,2882.389,2884.953,88574702,1575285400.0,聚氨酯
657,2023-03-08,2883.179,2897.303,2867.649,2895.854,63056967,1572201300.0,聚氨酯
658,2023-03-09,2908.109,2923.517,2895.709,2911.538,77217819,1921644000.0,聚氨酯
659,2023-03-02,1523.247,1536.747,1515.07,1516.933,159756630,1467034000.0,涤纶
660,2023-03-03,1521.337,1526.124,1504.986,1515.037,103600923,1081435370.0,涤纶
661,2023-03-06,1516.236,1516.236,1482.504,1495.67,165747500,1854851100.0,涤纶
662,2023-03-07,1497.599,1500.519,1469.941,1469.941,134612280,1368539600.0,涤纶
663,2023-03-08,1468.775,1475.294,1462.093,1474.915,95814818,947185290.0,涤纶
664,2023-03-09,1483.852,1483.852,1471.956,1476.443,108760088,1112224790.0,涤纶
665,2023-03-02,2031.125,2031.125,1990.082,1994.084,25540643,120027251.0,粘胶
666,2023-03-03,1996.266,1998.806,1976.602,1987.152,16633131,77359510.0,粘胶
667,2023-03-06,1992.315,2003.987,1980.308,1987.977,19980527,93213227.0,粘胶
668,2023-03-07,1984.336,2008.002,1944.649,1944.649,34080423,156868400.0,粘胶
669,2023-03-08,1945.852,1960.684,1941.041,1953.067,15707729,71529238.0,粘胶
670,2023-03-09,1954.875,1963.673,1945.833,1952.041,18046238,82160244.0,粘胶
671,2023-03-02,1738.105,1748.286,1729.179,1732.151,103857566,806596250.0,其他纤维
672,2023-03-03,1741.612,1746.55,1723.516,1729.172,122539595,833086830.0,其他纤维
673,2023-03-06,1731.07,1738.015,1714.56,1718.428,97611383,756887750.0,其他纤维
674,2023-03-07,1722.801,1722.801,1680.223,1680.644,79696952,632881170.0,其他纤维
675,2023-03-08,1675.884,1686.971,1672.015,1683.643,59582368,468733160.0,其他纤维
676,2023-03-09,1685.017,1693.65,1683.987,1693.083,37616162,313977060.0,其他纤维
677,2023-03-02,2331.769,2360.401,2320.989,2327.668,31863279,337488430.0,氨纶
678,2023-03-03,2331.199,2340.023,2305.978,2315.362,28025653,257214290.0,氨纶
679,2023-03-06,2317.803,2320.638,2280.203,2283.627,42581820,410491570.0,氨纶
680,2023-03-07,2284.604,2290.803,2244.087,2244.087,45236419,369707220.0,氨纶
681,2023-03-08,2246.903,2268.075,2240.181,2264.727,26725454,272168750.0,氨纶
682,2023-03-09,2261.66,2272.835,2243.585,2247.645,21980191,213140650.0,氨纶
683,2023-03-02,1797.801,1805.119,1793.345,1793.939,70194779,1151191940.0,改性塑料
684,2023-03-03,1794.082,1800.274,1774.998,1789.525,75229361,1295366760.0,改性塑料
685,2023-03-06,1787.05,1796.77,1783.127,1795.797,81965843,1375769900.0,改性塑料
686,2023-03-07,1799.609,1799.609,1752.569,1752.868,71673838,1126423730.0,改性塑料
687,2023-03-08,1751.92,1797.039,1748.469,1796.879,73158246,1187765960.0,改性塑料
688,2023-03-09,1800.493,1836.922,1795.737,1836.824,86842914,1436203600.0,改性塑料
689,2023-03-02,1392.943,1401.633,1382.078,1384.473,98832929,777797950.0,其他塑料制品
690,2023-03-03,1384.415,1385.84,1370.113,1376.172,87550274,774423100.0,其他塑料制品
691,2023-03-06,1379.121,1380.421,1369.46,1376.928,82845083,768886830.0,其他塑料制品
692,2023-03-07,1376.641,1376.856,1343.963,1344.435,79392945,671659440.0,其他塑料制品
693,2023-03-08,1344.262,1357.31,1342.261,1357.31,57949274,512293280.0,其他塑料制品
694,2023-03-09,1362.167,1373.228,1359.427,1372.764,63716149,583929110.0,其他塑料制品
695,2023-03-02,2595.394,2607.053,2575.422,2578.422,43254440,767340670.0,其他橡胶制品
696,2023-03-03,2589.031,2598.897,2557.62,2569.31,37625039,611894580.0,其他橡胶制品
697,2023-03-06,2574.1,2574.136,2537.19,2571.411,43296276,754880500.0,其他橡胶制品
698,2023-03-07,2577.135,2577.135,2511.518,2517.077,43623152,764931940.0,其他橡胶制品
699,2023-03-08,2514.275,2526.137,2503.073,2524.749,38262575,767406980.0,其他橡胶制品
700,2023-03-09,2538.217,2555.486,2525.968,2552.69,51207149,1223934750.0,其他橡胶制品
701,2023-03-02,1173.057,1190.627,1167.894,1185.669,1159947510,4069691500.0,普钢
702,2023-03-03,1187.075,1200.743,1180.714,1199.279,1100502150,3788058800.0,普钢
703,2023-03-06,1200.077,1201.097,1184.238,1187.281,923858220,3304938400.0,普钢
704,2023-03-07,1186.498,1196.739,1174.14,1176.512,1072184580,3564454500.0,普钢
705,2023-03-08,1175.453,1193.615,1171.785,1186.026,886503900,2909298900.0,普钢
706,2023-03-09,1189.761,1197.137,1183.177,1191.22,799362940,2675426500.0,普钢
707,2023-03-02,966.296,967.059,949.768,950.039,30752286,412080590.0,炭黑
708,2023-03-03,952.839,955.44,941.326,944.34,20856653,275949890.0,炭黑
709,2023-03-06,947.164,953.193,936.068,950.203,23694740,301097220.0,炭黑
710,2023-03-07,953.166,961.112,935.575,935.769,43788728,619308440.0,炭黑
711,2023-03-08,929.696,943.269,929.696,941.92,32897424,459367360.0,炭黑
712,2023-03-09,945.55,957.888,945.55,951.479,51395631,505416510.0,炭黑
713,2023-03-02,1673.656,1677.254,1659.709,1661.568,442127780,3919914100.0,铜
714,2023-03-03,1662.276,1662.871,1644.64,1654.802,329747200,2657273400.0,铜
715,2023-03-06,1661.872,1661.872,1640.649,1653.09,411380440,3265289400.0,铜
716,2023-03-07,1652.409,1664.377,1628.091,1629.56,502748050,4359625300.0,铜
717,2023-03-08,1617.834,1622.239,1609.703,1622.239,407212650,3716060700.0,铜
718,2023-03-09,1627.513,1629.64,1613.116,1624.446,270243850,2350034000.0,铜
719,2023-03-02,2394.78,2394.808,2360.185,2363.728,486474650,4690252300.0,铝
720,2023-03-03,2364.319,2371.435,2350.082,2362.909,473471330,4397488400.0,铝
721,2023-03-06,2365.515,2366.752,2326.338,2348.089,603995400,5536677000.0,铝
722,2023-03-07,2348.672,2361.45,2311.436,2311.436,601560230,5109411400.0,铝
723,2023-03-08,2305.294,2313.808,2293.696,2313.808,434471150,3762928700.0,铝
724,2023-03-09,2319.137,2323.592,2291.172,2306.061,460084160,3844675800.0,铝
725,2023-03-02,1798.405,1800.14,1785.954,1789.204,355537300,2907140100.0,铅锌
726,2023-03-03,1789.1,1795.676,1779.977,1791.357,346550590,2849666200.0,铅锌
727,2023-03-06,1794.222,1802.497,1776.928,1791.573,303872760,2738791000.0,铅锌
728,2023-03-07,1792.161,1815.944,1773.57,1773.57,401520000,3274293300.0,铅锌
729,2023-03-08,1762.154,1768.384,1751.534,1767.699,301809300,2658450100.0,铅锌
730,2023-03-09,1773.118,1776.148,1752.951,1763.76,253181750,2127223300.0,铅锌
731,2023-03-02,2879.63,2879.868,2777.115,2795.152,391777940,6339912600.0,磁性材料
732,2023-03-03,2781.593,2785.328,2745.342,2776.786,174527280,2942236100.0,磁性材料
733,2023-03-06,2775.518,2809.077,2753.347,2804.127,131162849,2374443800.0,磁性材料
734,2023-03-07,2802.053,2816.373,2761.553,2761.553,124081253,2102704900.0,磁性材料
735,2023-03-08,2747.604,2769.255,2734.719,2756.618,86355857,1500176200.0,磁性材料
736,2023-03-09,2772.015,2776.309,2728.24,2732.095,107777252,1884396500.0,磁性材料
737,2023-03-02,2045.93,2046.227,2020.755,2028.031,61486084,843324100.0,其他金属新材料
738,2023-03-03,2028.638,2032.802,1999.597,2009.583,58075831,711795360.0,其他金属新材料
739,2023-03-06,2018.55,2041.721,2011.165,2038.769,100867130,1404811200.0,其他金属新材料
740,2023-03-07,2039.884,2040.263,1987.892,1988.814,86833412,1151584020.0,其他金属新材料
741,2023-03-08,1980.202,1992.421,1971.134,1980.896,66254605,878270760.0,其他金属新材料
742,2023-03-09,1992.357,2009.857,1980.116,1996.207,104049833,890164340.0,其他金属新材料
743,2023-03-02,2001.64,2033.174,1995.459,2011.512,253450140,4814395700.0,其他建材
744,2023-03-03,2012.321,2024.89,1999.555,2008.789,195070110,3301278400.0,其他建材
745,2023-03-06,2014.856,2014.972,1976.221,1991.477,223372490,3959545200.0,其他建材
746,2023-03-07,1990.128,2015.323,1968.228,1968.275,225239200,3443010400.0,其他建材
747,2023-03-08,1965.631,1977.732,1960.54,1974.851,234431120,3890322400.0,其他建材
748,2023-03-09,1976.906,1980.398,1961.776,1977.138,210647760,3415022300.0,其他建材
749,2023-03-02,1523.398,1548.301,1518.019,1535.585,498165160,4294651800.0,水泥
750,2023-03-03,1535.03,1547.897,1530.173,1540.497,438646830,3807548300.0,水泥
751,2023-03-06,1541.74,1541.933,1518.486,1520.214,401227520,4160523500.0,水泥
752,2023-03-07,1520.964,1539.248,1506.114,1506.114,348056350,3453714800.0,水泥
753,2023-03-08,1503.77,1505.413,1494.165,1504.159,253343270,2489420700.0,水泥
754,2023-03-09,1503.652,1504.284,1490.189,1499.672,252911610,2460814000.0,水泥
755,2023-03-02,1537.255,1560.162,1532.792,1546.459,38823389,268748810.0,耐火材料
756,2023-03-03,1548.679,1583.202,1537.682,1580.886,63995581,566551340.0,耐火材料
757,2023-03-06,1588.875,1588.897,1556.698,1560.353,68836620,719903400.0,耐火材料
758,2023-03-07,1578.574,1586.069,1546.761,1549.115,115781654,774490370.0,耐火材料
759,2023-03-08,1539.995,1549.811,1529.341,1549.811,71862203,479210060.0,耐火材料
760,2023-03-09,1551.882,1551.882,1523.736,1537.624,64058912,477572140.0,耐火材料
761,2023-03-02,1425.834,1456.877,1425.834,1444.116,109996001,997177960.0,管材
762,2023-03-03,1442.052,1444.402,1430.875,1439.058,73427431,729357420.0,管材
763,2023-03-06,1443.666,1444.643,1421.312,1428.412,66485236,666681200.0,管材
764,2023-03-07,1431.299,1446.135,1416.118,1417.328,78382377,757609890.0,管材
765,2023-03-08,1410.976,1418.982,1406.683,1416.88,50867492,476716120.0,管材
766,2023-03-09,1418.951,1420.867,1403.143,1419.141,50968365,485521040.0,管材
767,2023-03-02,988.592,993.241,982.702,984.356,515287030,3158908700.0,装饰园林
768,2023-03-03,984.449,990.379,981.525,989.575,459305530,2469435100.0,装饰园林
769,2023-03-06,991.111,992.438,983.57,988.167,512758740,2910086000.0,装饰园林
770,2023-03-07,989.624,1000.019,982.816,983.347,522303460,3027586900.0,装饰园林
771,2023-03-08,980.0,998.927,979.075,998.927,476184780,2816995500.0,装饰园林
772,2023-03-09,1001.895,1007.718,996.29,1007.256,391043850,2732463200.0,装饰园林
773,2023-03-02,1415.899,1457.147,1414.306,1442.27,835722210,5092287100.0,房屋建设
774,2023-03-03,1442.082,1473.506,1436.864,1463.504,973725490,5925846400.0,房屋建设
775,2023-03-06,1467.962,1472.054,1441.679,1443.524,672057370,4097802000.0,房屋建设
776,2023-03-07,1441.885,1464.464,1428.426,1428.52,790545180,4802602300.0,房屋建设
777,2023-03-08,1424.079,1437.553,1418.641,1436.485,376985140,2231836400.0,房屋建设
778,2023-03-09,1436.277,1436.81,1419.44,1427.923,401242110,2261747900.0,房屋建设
779,2023-03-02,1518.864,1547.899,1514.906,1534.827,2082247500,12877296900.0,基础建设
780,2023-03-03,1536.171,1569.845,1535.074,1564.49,2417420800,14983347000.0,基础建设
781,2023-03-06,1567.153,1568.16,1547.88,1551.538,1887737500,11935567200.0,基础建设
782,2023-03-07,1550.121,1575.19,1542.861,1543.53,2186846700,14058192000.0,基础建设
783,2023-03-08,1537.662,1549.775,1532.906,1547.833,1217752740,7887573200.0,基础建设
784,2023-03-09,1549.577,1550.595,1532.647,1546.822,1056017060,6473454100.0,基础建设
785,2023-03-02,1670.017,1695.482,1668.375,1681.763,1057017220,9140896700.0,专业工程
786,2023-03-03,1687.076,1707.646,1685.575,1705.706,1066731950,8838769700.0,专业工程
787,2023-03-06,1714.846,1717.947,1690.822,1694.154,877905330,7940052300.0,专业工程
788,2023-03-07,1696.212,1716.658,1682.967,1684.071,1171076650,9789496200.0,专业工程
789,2023-03-08,1679.224,1691.019,1675.047,1690.864,672909130,6756696900.0,专业工程
790,2023-03-09,1691.517,1695.399,1679.274,1690.375,660274850,5833870300.0,专业工程
791,2023-03-02,1889.462,1905.674,1859.547,1862.946,323895000,3157909400.0,机床工具
792,2023-03-03,1862.573,1875.579,1843.164,1861.451,229351680,2124471700.0,机床工具
793,2023-03-06,1868.96,1892.976,1868.558,1886.781,241154920,2707141900.0,机床工具
794,2023-03-07,1882.101,1882.174,1824.336,1824.477,231104270,2311223700.0,机床工具
795,2023-03-08,1814.225,1845.727,1814.225,1843.223,162132120,1607337900.0,机床工具
796,2023-03-09,1843.344,1843.819,1823.014,1838.948,217769380,1794618000.0,机床工具
797,2023-03-02,2226.021,2240.464,2204.115,2207.506,70499892,914517610.0,磨具磨料
798,2023-03-03,2206.695,2213.427,2190.832,2200.334,88488620,1061093770.0,磨具磨料
799,2023-03-06,2208.738,2217.125,2190.051,2211.645,81287525,1199549900.0,磨具磨料
800,2023-03-07,2213.846,2213.846,2148.105,2151.532,91616600,1094828040.0,磨具磨料
801,2023-03-08,2142.329,2175.245,2142.329,2174.552,56825947,761685460.0,磨具磨料
802,2023-03-09,2184.224,2184.224,2167.783,2169.834,50715064,674959000.0,磨具磨料
803,2023-03-02,3138.851,3183.089,3135.866,3140.517,167658360,1974999600.0,制冷空调设备
804,2023-03-03,3128.687,3140.81,3096.668,3117.499,161456600,1959380200.0,制冷空调设备
805,2023-03-06,3117.765,3152.63,3098.349,3150.911,198879410,2715523700.0,制冷空调设备
806,2023-03-07,3150.889,3151.237,3053.537,3053.651,152657150,1987001300.0,制冷空调设备
807,2023-03-08,3071.596,3119.743,3071.288,3114.637,96052963,1370703400.0,制冷空调设备
808,2023-03-09,3144.082,3144.082,3101.477,3110.278,148345100,2059165300.0,制冷空调设备
809,2023-03-02,1456.458,1466.995,1448.339,1449.616,317497710,3926625400.0,其他通用设备
810,2023-03-03,1447.117,1450.718,1435.551,1444.348,275253270,3643690000.0,其他通用设备
811,2023-03-06,1442.289,1446.863,1436.053,1445.076,273922200,3472209100.0,其他通用设备
812,2023-03-07,1444.454,1444.711,1408.219,1408.219,278176270,3348586500.0,其他通用设备
813,2023-03-08,1406.81,1419.753,1406.708,1419.753,193358130,2475670700.0,其他通用设备
814,2023-03-09,1421.102,1432.136,1414.382,1428.829,213437670,2584245600.0,其他通用设备
815,2023-03-02,2007.429,2018.454,1991.75,1992.937,457377720,5440242300.0,金属制品
816,2023-03-03,1991.971,1996.44,1977.382,1988.852,466756510,5076843400.0,金属制品
817,2023-03-06,1992.454,1995.546,1980.261,1992.064,393971940,4586068200.0,金属制品
818,2023-03-07,1992.267,1992.267,1942.675,1942.675,413845810,4331843300.0,金属制品
819,2023-03-08,1941.322,1955.639,1940.079,1955.639,247968560,2742238500.0,金属制品
820,2023-03-09,1958.402,1964.505,1943.751,1961.119,282407950,3259968500.0,金属制品
821,2023-03-02,976.923,982.535,974.751,979.745,60698100,595966770.0,纺织服装设备
822,2023-03-03,979.085,981.136,968.695,975.908,56845448,420664240.0,纺织服装设备
823,2023-03-06,976.555,981.481,974.555,979.131,61044784,449769430.0,纺织服装设备
824,2023-03-07,979.178,979.946,957.163,958.079,67118142,481387870.0,纺织服装设备
825,2023-03-08,958.995,972.011,958.4,971.493,47086015,350633530.0,纺织服装设备
826,2023-03-09,972.036,973.265,964.031,970.513,44982840,288328380.0,纺织服装设备
827,2023-03-02,1692.832,1701.632,1690.146,1693.877,569449090,6130714100.0,工程机械
828,2023-03-03,1687.326,1702.87,1685.552,1690.656,466924990,4835497500.0,工程机械
829,2023-03-06,1692.187,1697.565,1683.909,1689.697,684730850,7901367900.0,工程机械
830,2023-03-07,1687.486,1687.555,1660.138,1660.654,517570560,5205255200.0,工程机械
831,2023-03-08,1656.533,1669.552,1654.858,1668.684,341447230,3649635700.0,工程机械
832,2023-03-09,1669.421,1671.433,1648.587,1658.032,290627500,3281761500.0,工程机械
833,2023-03-02,2044.761,2047.039,2019.089,2023.217,54526118,631809410.0,农用机械
834,2023-03-03,2024.197,2037.91,2018.425,2031.071,56106910,836272550.0,农用机械
835,2023-03-06,2033.981,2034.911,2004.08,2024.586,78686857,1276722760.0,农用机械
836,2023-03-07,2021.856,2029.174,1995.003,1998.307,66595072,942841840.0,农用机械
837,2023-03-08,1990.175,2010.142,1989.363,2006.95,55718979,614135920.0,农用机械
838,2023-03-09,2007.555,2007.908,1982.6,1982.6,59164525,752980290.0,农用机械
839,2023-03-02,1627.431,1639.101,1625.988,1628.728,543502570,3972668300.0,能源及重型设备
840,2023-03-03,1629.553,1644.016,1628.632,1640.501,531555380,3908571100.0,能源及重型设备
841,2023-03-06,1650.547,1655.36,1640.56,1646.349,668291750,4968806100.0,能源及重型设备
842,2023-03-07,1645.258,1652.027,1620.446,1620.973,751895950,5611348300.0,能源及重型设备
843,2023-03-08,1613.681,1625.008,1612.868,1624.969,503512370,4125352800.0,能源及重型设备
844,2023-03-09,1625.323,1628.923,1615.776,1623.745,493431830,3966530600.0,能源及重型设备
845,2023-03-02,1665.843,1673.986,1654.101,1667.517,73997221,827042810.0,印刷包装机械
846,2023-03-03,1658.289,1675.782,1655.35,1658.954,65193883,689463890.0,印刷包装机械
847,2023-03-06,1658.628,1668.313,1651.037,1655.325,48143731,498141350.0,印刷包装机械
848,2023-03-07,1654.9,1655.588,1620.724,1622.209,50006341,498212680.0,印刷包装机械
849,2023-03-08,1624.102,1641.845,1614.634,1640.815,41931845,442932780.0,印刷包装机械
850,2023-03-09,1637.514,1647.726,1628.674,1644.139,32436137,351147140.0,印刷包装机械
851,2023-03-02,2093.456,2099.674,2066.952,2069.901,527026030,7135366100.0,其他专用设备
852,2023-03-03,2071.418,2083.193,2054.614,2068.55,432152860,6012732800.0,其他专用设备
853,2023-03-06,2070.877,2090.337,2060.521,2090.315,451640130,6781548100.0,其他专用设备
854,2023-03-07,2088.709,2088.709,2034.815,2034.815,499739080,6480145800.0,其他专用设备
855,2023-03-08,2030.43,2058.974,2030.354,2058.974,386337480,5079806900.0,其他专用设备
856,2023-03-09,2061.764,2077.752,2055.322,2074.505,423808320,6130719900.0,其他专用设备
857,2023-03-02,1438.92,1444.921,1430.159,1432.862,61423089,585338490.0,楼宇设备
858,2023-03-03,1433.211,1437.04,1421.506,1426.814,55738668,564724630.0,楼宇设备
859,2023-03-06,1427.335,1438.914,1426.619,1438.336,51721126,544986300.0,楼宇设备
860,2023-03-07,1439.894,1439.894,1396.356,1396.356,83130090,705666340.0,楼宇设备
861,2023-03-08,1395.959,1409.064,1395.959,1409.064,49994628,509812510.0,楼宇设备
862,2023-03-09,1411.339,1426.977,1402.892,1419.777,59594750,528647060.0,楼宇设备
863,2023-03-02,989.894,991.058,977.38,978.925,137007010,2095962600.0,环保设备
864,2023-03-03,979.702,983.275,974.417,978.734,108877018,1637437000.0,环保设备
865,2023-03-06,980.519,983.473,974.339,983.364,113869997,1680595500.0,环保设备
866,2023-03-07,984.178,984.178,959.079,959.671,175117620,1980617500.0,环保设备
867,2023-03-08,957.507,969.441,956.225,968.785,96816495,1261658890.0,环保设备
868,2023-03-09,974.905,989.13,972.119,987.875,141647800,1928063900.0,环保设备
869,2023-03-02,2262.361,2278.652,2237.918,2243.678,151395410,2891059900.0,电机
870,2023-03-03,2241.802,2248.287,2222.346,2233.176,138208300,2484617400.0,电机
871,2023-03-06,2236.277,2250.343,2219.295,2239.88,132832987,2523225100.0,电机
872,2023-03-07,2244.28,2244.42,2182.366,2182.366,144965500,2471717900.0,电机
873,2023-03-08,2178.875,2202.939,2178.875,2202.5,104320700,1930737300.0,电机
874,2023-03-09,2203.895,2216.475,2200.609,2209.195,91814706,1692005800.0,电机
875,2023-03-02,2439.753,2440.814,2396.57,2399.263,404606160,5371716200.0,电气自控设备
876,2023-03-03,2397.271,2410.254,2371.341,2385.279,309505560,4281043200.0,电气自控设备
877,2023-03-06,2386.837,2406.887,2359.29,2399.415,360769520,4973642400.0,电气自控设备
878,2023-03-07,2396.873,2396.873,2339.22,2339.22,307669660,4109034900.0,电气自控设备
879,2023-03-08,2341.177,2379.322,2341.177,2361.523,247924260,3618595700.0,电气自控设备
880,2023-03-09,2367.267,2372.596,2351.25,2365.898,255816190,3573919800.0,电气自控设备
881,2023-03-02,2047.978,2048.145,2023.109,2025.644,356912370,3646576400.0,线缆部件及其他
882,2023-03-03,2027.181,2029.748,2011.437,2020.571,272032420,2820169900.0,线缆部件及其他
883,2023-03-06,2024.378,2040.019,2013.305,2039.959,343524390,3828601800.0,线缆部件及其他
884,2023-03-07,2036.391,2036.595,2006.874,2009.58,417137180,4449439200.0,线缆部件及其他
885,2023-03-08,2003.617,2021.253,2001.713,2014.47,289461150,3050799100.0,线缆部件及其他
886,2023-03-09,2031.687,2039.341,2005.144,2013.492,528415810,4188357500.0,线缆部件及其他
887,2023-03-02,1824.695,1826.723,1802.238,1805.066,598431660,6922310000.0,输变电设备
888,2023-03-03,1806.647,1812.975,1798.479,1809.266,553369760,6147366400.0,输变电设备
889,2023-03-06,1811.076,1813.685,1787.398,1811.633,609752230,7476388700.0,输变电设备
890,2023-03-07,1809.419,1809.419,1780.36,1780.883,695396720,8064718200.0,输变电设备
891,2023-03-08,1777.385,1797.058,1777.385,1789.131,562388040,6650054600.0,输变电设备
892,2023-03-09,1792.499,1798.866,1785.854,1792.946,543890240,5779617700.0,输变电设备
893,2023-03-02,4061.376,4067.934,3996.652,3998.631,93598041,3328051300.0,分立器件
894,2023-03-03,4047.136,4116.029,4038.413,4106.887,164467560,5106729600.0,分立器件
895,2023-03-06,4096.923,4155.213,4053.119,4136.428,138051210,4987281500.0,分立器件
896,2023-03-07,4136.78,4149.989,4024.326,4024.326,128496825,4326715300.0,分立器件
897,2023-03-08,4009.219,4072.25,4008.236,4065.399,103188986,3235382600.0,分立器件
898,2023-03-09,4069.533,4148.731,4069.533,4109.316,126060238,4226928700.0,分立器件
899,2023-03-02,4564.851,4579.074,4487.295,4488.239,68365647,2044634200.0,半导体材料
900,2023-03-03,4547.671,4628.956,4537.398,4600.98,133034130,3285749000.0,半导体材料
901,2023-03-06,4602.005,4682.473,4542.372,4653.912,170199020,4171418000.0,半导体材料
902,2023-03-07,4641.008,4673.06,4512.068,4512.524,116342397,3118387300.0,半导体材料
903,2023-03-08,4494.43,4616.255,4490.748,4603.897,93842841,2518741200.0,半导体材料
904,2023-03-09,4604.084,4767.863,4604.084,4717.957,169477520,4468555400.0,半导体材料
905,2023-03-02,1555.192,1569.648,1549.536,1552.016,387903180,6410308300.0,印制电路板
906,2023-03-03,1561.334,1574.03,1545.084,1558.351,423682630,7013516800.0,印制电路板
907,2023-03-06,1558.14,1568.462,1551.745,1563.529,375489670,6345635100.0,印制电路板
908,2023-03-07,1559.626,1561.361,1511.044,1511.044,416290160,7022673900.0,印制电路板
909,2023-03-08,1510.246,1562.127,1510.089,1562.127,363883280,6457848600.0,印制电路板
910,2023-03-09,1564.938,1595.65,1564.91,1593.895,328499890,5961888200.0,印制电路板
911,2023-03-02,1698.233,1706.759,1688.723,1690.409,906081650,5358364800.0,面板
912,2023-03-03,1695.64,1702.332,1674.755,1687.99,788392580,4927486800.0,面板
913,2023-03-06,1692.22,1695.518,1682.076,1690.212,847313160,5084125800.0,面板
914,2023-03-07,1697.28,1705.548,1650.265,1650.265,1601416700,8699513400.0,面板
915,2023-03-08,1648.2,1675.178,1648.2,1675.178,848644260,5219360500.0,面板
916,2023-03-09,1677.49,1688.694,1674.045,1683.644,525464430,3902385300.0,面板
917,2023-03-02,1425.546,1434.32,1412.532,1414.326,560372520,4699540800.0,LED
918,2023-03-03,1420.083,1430.123,1408.601,1420.728,500239240,4050497500.0,LED
919,2023-03-06,1422.005,1426.276,1413.808,1424.869,404471980,3466807200.0,LED
920,2023-03-07,1424.1,1427.237,1388.102,1388.102,449904200,3697450100.0,LED
921,2023-03-08,1384.779,1410.334,1384.632,1410.173,397401390,3228503700.0,LED
922,2023-03-09,1411.57,1422.759,1409.758,1422.439,416189060,3645932800.0,LED
923,2023-03-02,1851.39,1855.39,1834.543,1836.798,869649480,12777849200.0,消费电子零部件及组装
924,2023-03-03,1839.369,1843.124,1809.802,1826.523,847248320,12632324000.0,消费电子零部件及组装
925,2023-03-06,1828.318,1833.474,1817.78,1829.809,925764450,14053352000.0,消费电子零部件及组装
926,2023-03-07,1828.658,1831.747,1779.308,1779.426,999548330,13939190000.0,消费电子零部件及组装
927,2023-03-08,1775.83,1806.462,1775.83,1806.462,722776500,10709235300.0,消费电子零部件及组装
928,2023-03-09,1810.945,1820.677,1801.744,1817.43,805499720,12060044600.0,消费电子零部件及组装
929,2023-03-02,1497.88,1502.664,1482.258,1484.329,159868140,2385816700.0,光学元件
930,2023-03-03,1490.184,1504.943,1466.352,1476.653,207329360,3397587000.0,光学元件
931,2023-03-06,1482.057,1482.663,1459.043,1470.525,181464230,3073238100.0,光学元件
932,2023-03-07,1473.016,1473.06,1419.618,1419.618,205370820,3047608100.0,光学元件
933,2023-03-08,1413.51,1458.602,1413.51,1457.709,196715010,3053746300.0,光学元件
934,2023-03-09,1461.102,1474.388,1457.071,1471.577,202689040,4536417200.0,光学元件
0,2023-03-02,2592.812,2632.831,2592.812,2621.087,265538080,2668916100.0,商用载货车
1,2023-03-03,2618.785,2619.023,2587.72,2600.521,205967600,2221848600.0,商用载货车
2,2023-03-06,2589.745,2600.47,2533.641,2550.843,298632930,2850451800.0,商用载货车
3,2023-03-07,2558.927,2625.703,2555.602,2555.602,375297520,3223474100.0,商用载货车
4,2023-03-08,2555.069,2568.753,2533.653,2552.911,328280100,2618391200.0,商用载货车
5,2023-03-09,2550.007,2594.22,2544.1,2550.581,346290350,3020408700.0,商用载货车
6,2023-03-02,3273.086,3285.053,3248.182,3250.37,190870380,2032579700.0,玻璃玻纤
7,2023-03-03,3253.711,3256.515,3223.146,3241.973,152413740,1615808400.0,玻璃玻纤
8,2023-03-06,3248.857,3248.857,3205.614,3234.836,200570990,2213934600.0,玻璃玻纤
9,2023-03-07,3241.574,3241.574,3169.718,3170.004,192044120,2148738800.0,玻璃玻纤
10,2023-03-08,3159.37,3194.734,3158.256,3192.81,147356270,1657981200.0,玻璃玻纤
11,2023-03-09,3195.754,3196.431,3155.159,3163.767,164289270,1859529700.0,玻璃玻纤
12,2023-03-02,3548.508,3583.602,3509.604,3517.981,98097044,1674475800.0,被动元件
13,2023-03-03,3531.32,3555.382,3493.733,3524.202,83792009,1375607500.0,被动元件
14,2023-03-06,3518.131,3533.466,3490.938,3525.858,90009802,1645047300.0,被动元件
15,2023-03-07,3519.216,3525.221,3436.017,3437.183,111507842,1847528600.0,被动元件
16,2023-03-08,3426.323,3492.542,3426.323,3492.542,86382909,1369683800.0,被动元件
17,2023-03-09,3497.262,3531.974,3487.036,3503.458,98256148,1615552200.0,被动元件
18,2023-03-02,2742.637,2756.691,2713.278,2717.324,337601580,7105476300.0,乘用车
19,2023-03-03,2717.677,2728.448,2695.21,2718.864,262400440,4727955500.0,乘用车
20,2023-03-06,2720.702,2727.858,2690.735,2723.364,321479690,6487187400.0,乘用车
21,2023-03-07,2717.261,2750.214,2680.029,2681.071,365193460,7092558600.0,乘用车
22,2023-03-08,2663.025,2679.081,2653.609,2679.081,239676280,5830019500.0,乘用车
23,2023-03-09,2684.552,2707.494,2669.171,2675.148,304891070,6565060900.0,乘用车
24,2023-03-02,1799.104,1800.815,1774.481,1774.481,79474250,652020400.0,商用载客车
25,2023-03-03,1776.945,1815.936,1776.945,1813.176,136922580,1301122000.0,商用载客车
26,2023-03-06,1816.941,1818.097,1783.626,1804.611,117472468,1043031650.0,商用载客车
27,2023-03-07,1799.937,1841.477,1783.25,1784.838,136651450,1206139380.0,商用载客车
28,2023-03-08,1775.539,1779.429,1756.935,1777.548,101587488,845320000.0,商用载客车
29,2023-03-09,1781.727,1781.727,1757.724,1762.97,74987801,640995150.0,商用载客车
30,2023-03-02,808.924,813.393,805.293,805.764,561147760,4680620400.0,轨交设备
31,2023-03-03,806.087,809.142,801.304,806.557,653135080,5092256600.0,轨交设备
32,2023-03-06,809.049,815.946,809.049,812.818,568780650,4472547200.0,轨交设备
33,2023-03-07,813.111,813.925,795.761,796.437,565755550,4250852200.0,轨交设备
34,2023-03-08,796.807,805.255,796.807,805.255,314855860,2555430700.0,轨交设备
35,2023-03-09,807.013,811.085,801.777,809.962,316084100,2832026100.0,轨交设备
36,2023-03-02,2326.449,2356.889,2321.698,2327.759,65359154,1630002600.0,其他交运设备
37,2023-03-03,2331.236,2335.643,2315.033,2332.071,58327954,1283257420.0,其他交运设备
38,2023-03-06,2329.526,2330.839,2308.225,2310.922,63155140,2437527000.0,其他交运设备
39,2023-03-07,2316.147,2316.147,2263.097,2263.298,69478833,1951277700.0,其他交运设备
40,2023-03-08,2258.759,2271.39,2255.083,2269.664,54841918,1906421100.0,其他交运设备
41,2023-03-09,2272.006,2272.006,2241.494,2247.179,51788866,1556710300.0,其他交运设备
42,2023-03-02,1648.203,1676.251,1646.39,1668.031,81497080,3229940300.0,空调
43,2023-03-03,1674.375,1682.681,1660.579,1674.339,74943220,2921815800.0,空调
44,2023-03-06,1671.722,1671.722,1651.103,1656.222,77255225,3087344500.0,空调
45,2023-03-07,1648.139,1660.744,1620.176,1620.176,73360373,2710182200.0,空调
46,2023-03-08,1606.084,1625.173,1606.084,1621.293,50841837,1863483400.0,空调
47,2023-03-09,1616.251,1628.055,1610.544,1625.086,41504165,1500900700.0,空调
48,2023-03-02,2080.058,2087.077,2058.358,2062.736,59457136,1048644720.0,冰洗
49,2023-03-03,2071.625,2076.49,2051.112,2064.888,51621110,856443550.0,冰洗
50,2023-03-06,2068.195,2068.195,2038.09,2042.27,62958487,1088330230.0,冰洗
51,2023-03-07,2045.162,2051.558,2006.482,2006.482,59598130,955660930.0,冰洗
52,2023-03-08,2002.144,2015.043,1995.654,2005.632,46126027,713557320.0,冰洗
53,2023-03-09,2011.738,2012.724,1986.955,1995.106,39998229,670632240.0,冰洗
54,2023-03-02,1685.636,1685.636,1662.558,1666.699,160600110,638558280.0,彩电
55,2023-03-03,1667.431,1687.528,1665.487,1686.366,213360000,895547200.0,彩电
56,2023-03-06,1689.764,1690.63,1658.181,1662.372,160264120,667913390.0,彩电
57,2023-03-07,1665.003,1670.956,1624.814,1624.814,159237640,671108740.0,彩电
58,2023-03-08,1620.419,1642.878,1620.419,1640.069,95714248,407807990.0,彩电
59,2023-03-09,1638.39,1649.198,1627.611,1645.543,90647543,397533930.0,彩电
60,2023-03-02,1931.841,1934.906,1906.597,1908.492,371932510,4745714800.0,其他白色家电
61,2023-03-03,1908.459,1913.055,1892.606,1908.882,259740550,3359677300.0,其他白色家电
62,2023-03-06,1910.948,1910.948,1890.036,1905.067,275748590,4190695800.0,其他白色家电
63,2023-03-07,1906.49,1906.49,1858.093,1858.492,228632030,3119720300.0,其他白色家电
64,2023-03-08,1852.628,1873.405,1852.042,1873.405,160703290,2226164200.0,其他白色家电
65,2023-03-09,1876.645,1878.885,1863.826,1874.175,164296200,2297471600.0,其他白色家电
66,2023-03-02,1562.204,1588.116,1562.204,1580.399,138923640,1573655500.0,其他黑色家电
67,2023-03-03,1572.369,1574.31,1540.915,1552.614,93317666,1109336490.0,其他黑色家电
68,2023-03-06,1554.818,1570.737,1553.577,1559.802,87939943,876033850.0,其他黑色家电
69,2023-03-07,1567.032,1575.061,1518.165,1519.93,114123492,1037122160.0,其他黑色家电
70,2023-03-08,1517.648,1564.088,1516.159,1563.764,129862233,1459826900.0,其他黑色家电
71,2023-03-09,1567.282,1574.114,1545.871,1567.517,107033448,1145928010.0,其他黑色家电
72,2023-03-02,7929.63,7951.949,7885.805,7926.886,64739618,810598880.0,其他酒类
73,2023-03-03,7921.083,7964.051,7806.558,7853.361,65392428,847599570.0,其他酒类
74,2023-03-06,7841.769,7903.972,7791.533,7851.491,60326644,793806140.0,其他酒类
75,2023-03-07,7847.298,7848.117,7675.853,7678.561,65800785,810546840.0,其他酒类
76,2023-03-08,7673.939,7734.621,7628.79,7682.956,40629932,516940970.0,其他酒类
77,2023-03-09,7718.386,7718.386,7565.925,7638.183,44740965,564702410.0,其他酒类
78,2023-03-02,1607.325,1608.172,1598.835,1602.608,52740525,667871830.0,肉制品
79,2023-03-03,1603.755,1612.271,1588.139,1594.133,61718014,804983740.0,肉制品
80,2023-03-06,1594.729,1616.659,1586.659,1606.071,76678428,948625700.0,肉制品
81,2023-03-07,1603.662,1612.74,1574.673,1574.673,89948924,1104722760.0,肉制品
82,2023-03-08,1570.894,1574.447,1557.354,1570.973,57460915,705147960.0,肉制品
83,2023-03-09,1574.88,1578.649,1558.699,1564.725,49644242,592156210.0,肉制品
84,2023-03-02,1797.51,1808.472,1790.755,1805.641,47840639,642557370.0,软饮料
85,2023-03-03,1807.054,1819.213,1788.201,1799.02,50580269,645644830.0,软饮料
86,2023-03-06,1800.211,1809.839,1784.525,1805.445,61945536,780006200.0,软饮料
87,2023-03-07,1805.447,1808.47,1763.661,1763.661,60723129,748057640.0,软饮料
88,2023-03-08,1757.614,1762.88,1737.478,1757.384,44304766,556675070.0,软饮料
89,2023-03-09,1765.05,1765.05,1741.268,1749.035,40435513,547043940.0,软饮料
90,2023-03-02,1959.938,1959.979,1940.598,1946.443,106826837,2403269100.0,调味发酵品
91,2023-03-03,1946.435,1957.645,1917.469,1924.432,105012596,2351795300.0,调味发酵品
92,2023-03-06,1925.143,1944.587,1912.898,1940.228,115562320,2344000100.0,调味发酵品
93,2023-03-07,1937.606,1941.152,1894.941,1894.941,116201748,2481219300.0,调味发酵品
94,2023-03-08,1894.099,1899.691,1885.202,1899.129,82198726,1773945500.0,调味发酵品
95,2023-03-09,1900.387,1902.553,1871.898,1875.72,80574233,1914631500.0,调味发酵品
96,2023-03-02,1672.095,1676.443,1659.313,1664.997,170184540,2365155400.0,乳品
97,2023-03-03,1663.948,1673.294,1641.605,1659.172,139114410,2133212800.0,乳品
98,2023-03-06,1658.766,1666.312,1646.586,1663.526,161929840,2397216100.0,乳品
99,2023-03-07,1662.771,1662.771,1618.307,1619.052,180434830,2977141700.0,乳品
100,2023-03-08,1612.619,1621.342,1604.809,1615.322,105730542,1699246500.0,乳品
101,2023-03-09,1616.557,1618.248,1587.598,1598.391,114717847,1825130500.0,乳品
102,2023-03-02,2113.764,2124.611,2106.009,2115.206,68871802,1627210000.0,其他食品
103,2023-03-03,2116.865,2124.115,2084.125,2093.66,61786047,1358233600.0,其他食品
104,2023-03-06,2097.192,2114.141,2081.587,2111.711,77594985,1855382100.0,其他食品
105,2023-03-07,2110.381,2111.871,2069.797,2071.793,70396774,1418840300.0,其他食品
106,2023-03-08,2069.726,2076.687,2059.306,2071.464,47947392,1188219990.0,其他食品
107,2023-03-09,2075.933,2076.055,2049.214,2061.885,53089625,1198615150.0,其他食品
108,2023-03-02,1166.113,1181.001,1165.486,1178.531,114267242,592344370.0,棉纺
109,2023-03-03,1180.826,1180.826,1160.82,1167.328,94619765,482229570.0,棉纺
110,2023-03-06,1167.806,1168.046,1153.411,1158.651,76023718,381395520.0,棉纺
111,2023-03-07,1157.856,1157.856,1133.342,1134.513,89125239,428907660.0,棉纺
112,2023-03-08,1131.072,1139.878,1128.571,1139.416,58428248,278254010.0,棉纺
113,2023-03-09,1142.021,1142.021,1129.294,1138.546,46482332,233812180.0,棉纺
114,2023-03-02,1215.499,1240.349,1214.979,1228.05,39175237,305089740.0,印染
115,2023-03-03,1228.371,1232.966,1211.463,1219.164,24123689,174684080.0,印染
116,2023-03-06,1218.389,1225.656,1214.038,1217.374,23575942,165705320.0,印染
117,2023-03-07,1216.462,1219.707,1195.574,1195.583,29223972,210520280.0,印染
118,2023-03-08,1202.363,1212.661,1193.955,1211.24,16765079,116515820.0,印染
119,2023-03-09,1215.999,1215.999,1203.148,1208.808,14224794,96974817.0,印染
120,2023-03-02,2247.446,2261.287,2243.29,2255.407,10264189,94053080.0,辅料
121,2023-03-03,2257.093,2266.526,2229.578,2230.876,9629673,92176825.0,辅料
122,2023-03-06,2234.246,2234.246,2202.331,2213.054,9127310,82571326.0,辅料
123,2023-03-07,2217.993,2218.177,2186.598,2186.598,10387210,92399200.0,辅料
124,2023-03-08,2185.369,2191.985,2174.603,2190.171,6611043,61611457.0,辅料
125,2023-03-09,2193.733,2194.42,2165.65,2172.313,7494515,72857574.0,辅料
126,2023-03-02,1253.041,1276.43,1253.041,1273.702,122451486,1567140200.0,鞋帽及其他
127,2023-03-03,1271.276,1271.513,1250.367,1256.004,91101119,1058910050.0,鞋帽及其他
128,2023-03-06,1255.731,1255.731,1231.949,1241.39,82397861,961196130.0,鞋帽及其他
129,2023-03-07,1241.468,1241.468,1211.55,1211.637,69540134,887297910.0,鞋帽及其他
130,2023-03-08,1211.064,1221.284,1206.503,1221.1,54186427,686866170.0,鞋帽及其他
131,2023-03-09,1223.816,1223.916,1212.054,1214.848,52582626,657419740.0,鞋帽及其他
132,2023-03-02,1195.658,1200.829,1186.384,1195.623,165821720,1337836820.0,其他纺织
133,2023-03-03,1197.832,1198.581,1180.405,1185.095,145771460,1540036300.0,其他纺织
134,2023-03-06,1182.506,1183.508,1166.633,1169.838,128893357,1108596890.0,其他纺织
135,2023-03-07,1171.069,1171.069,1144.77,1144.77,163100080,1207291300.0,其他纺织
136,2023-03-08,1142.53,1154.573,1142.089,1153.523,102204088,758674940.0,其他纺织
137,2023-03-09,1154.88,1155.125,1143.907,1149.051,88401684,703773950.0,其他纺织
138,2023-03-02,1191.341,1200.025,1186.914,1191.13,21207787,199359970.0,家纺
139,2023-03-03,1190.607,1195.454,1181.964,1193.552,21642248,237375740.0,家纺
140,2023-03-06,1194.421,1194.807,1182.161,1186.303,30661372,260830190.0,家纺
141,2023-03-07,1186.004,1190.318,1167.867,1169.318,28002190,238507690.0,家纺
142,2023-03-08,1169.09,1175.036,1162.54,1169.877,15430181,140629680.0,家纺
143,2023-03-09,1174.829,1175.548,1159.925,1164.239,11249712,103216825.0,家纺
144,2023-03-02,1301.23,1308.739,1298.086,1300.533,119723559,2088237300.0,家具
145,2023-03-03,1300.158,1300.757,1275.559,1283.673,104293739,1870373100.0,家具
146,2023-03-06,1282.541,1282.541,1259.83,1262.044,129010658,2638697400.0,家具
147,2023-03-07,1262.823,1262.823,1230.93,1231.831,118122063,1980307200.0,家具
148,2023-03-08,1231.033,1236.312,1225.881,1234.755,74641936,1281903640.0,家具
149,2023-03-09,1235.831,1235.831,1217.652,1222.782,72692995,1226032970.0,家具
150,2023-03-02,1253.819,1259.396,1249.461,1251.356,122279690,1318096770.0,其他家用轻工
151,2023-03-03,1253.243,1253.983,1237.339,1245.169,115596282,1490751400.0,其他家用轻工
152,2023-03-06,1245.181,1245.866,1228.633,1235.175,132002092,1577791300.0,其他家用轻工
153,2023-03-07,1234.119,1234.55,1208.501,1208.501,123575869,1367122300.0,其他家用轻工
154,2023-03-08,1207.138,1220.211,1205.34,1220.211,95992659,1058098270.0,其他家用轻工
155,2023-03-09,1222.692,1222.803,1212.391,1220.633,88196565,982787150.0,其他家用轻工
156,2023-03-02,938.34,939.599,931.113,936.146,199891370,1261998770.0,饰品
157,2023-03-03,935.726,943.067,933.613,942.281,170946590,1154942940.0,饰品
158,2023-03-06,948.587,948.615,940.405,944.442,195583030,1720259800.0,饰品
159,2023-03-07,947.817,947.817,929.966,930.526,230645560,1900128600.0,饰品
160,2023-03-08,928.939,934.999,927.067,934.999,127352906,1041953380.0,饰品
161,2023-03-09,937.159,937.159,922.11,928.729,151425310,1024335610.0,饰品
162,2023-03-02,1885.989,1893.944,1867.423,1873.597,101270044,1091631000.0,文娱用品
163,2023-03-03,1871.332,1877.664,1845.923,1860.847,93897743,1040037580.0,文娱用品
164,2023-03-06,1862.164,1863.001,1842.762,1848.611,80596395,1002615250.0,文娱用品
165,2023-03-07,1851.015,1851.015,1805.0,1805.0,87853766,1047637040.0,文娱用品
166,2023-03-08,1804.182,1822.218,1802.282,1821.165,58082582,628400070.0,文娱用品
167,2023-03-09,1827.982,1834.119,1811.839,1830.369,89274664,979517200.0,文娱用品
168,2023-03-02,2461.055,2461.186,2425.321,2427.228,252486890,5019343800.0,原料药
169,2023-03-03,2425.652,2445.888,2413.423,2420.297,207228910,4268397500.0,原料药
170,2023-03-06,2417.69,2429.551,2407.976,2421.462,199387680,4075794800.0,原料药
171,2023-03-07,2421.741,2432.098,2370.262,2370.383,225100100,4488279700.0,原料药
172,2023-03-08,2368.635,2376.338,2358.915,2370.715,149534380,2971926000.0,原料药
173,2023-03-09,2374.385,2395.51,2374.385,2393.475,163333710,3643798400.0,原料药
174,2023-03-02,1567.0,1567.0,1548.163,1549.218,946057200,12260737600.0,化学制剂
175,2023-03-03,1549.551,1561.229,1542.401,1547.237,851444420,10946933200.0,化学制剂
176,2023-03-06,1547.518,1561.023,1540.564,1560.094,872733600,12337018300.0,化学制剂
177,2023-03-07,1561.558,1568.073,1528.669,1528.801,1062659250,13887836000.0,化学制剂
178,2023-03-08,1526.489,1536.244,1523.816,1531.629,656961020,9681164300.0,化学制剂
179,2023-03-09,1535.024,1545.358,1531.838,1539.359,641267000,9125935700.0,化学制剂
180,2023-03-02,2461.172,2464.122,2433.303,2434.162,123196197,4319594300.0,医疗设备
181,2023-03-03,2434.074,2462.336,2428.961,2435.012,125066445,4235373300.0,医疗设备
182,2023-03-06,2441.654,2479.425,2430.24,2476.981,155005080,5578839500.0,医疗设备
183,2023-03-07,2476.487,2488.501,2425.08,2427.651,146227590,5318334700.0,医疗设备
184,2023-03-08,2417.286,2436.107,2414.473,2430.653,99295674,3507660900.0,医疗设备
185,2023-03-09,2428.517,2456.041,2424.874,2447.552,116724012,3986772300.0,医疗设备
186,2023-03-02,1760.663,1770.262,1754.834,1759.93,986694220,4129152900.0,火电
187,2023-03-03,1760.665,1796.939,1758.69,1793.856,1261438240,6037022300.0,火电
188,2023-03-06,1794.731,1816.57,1790.903,1812.647,1173274020,5951014400.0,火电
189,2023-03-07,1811.93,1826.556,1791.524,1792.808,1319592510,6123434700.0,火电
190,2023-03-08,1788.522,1791.842,1773.818,1784.698,859837590,3764875700.0,火电
191,2023-03-09,1789.275,1789.275,1770.29,1772.56,636970460,2940949000.0,火电
192,2023-03-02,2017.337,2029.387,2014.094,2026.378,149863950,2037964300.0,水电
193,2023-03-03,2018.754,2036.599,2016.869,2034.758,169248990,2205621200.0,水电
194,2023-03-06,2038.419,2039.295,2026.552,2031.932,159366480,2165868300.0,水电
195,2023-03-07,2035.275,2046.393,2014.644,2015.012,167062620,2315556900.0,水电
196,2023-03-08,2011.879,2025.201,2006.915,2018.917,147894240,2222377100.0,水电
197,2023-03-09,2022.371,2023.574,2009.939,2010.139,128776686,1834148500.0,水电
198,2023-03-02,1719.91,1731.265,1710.192,1711.459,112963318,714781880.0,热力
199,2023-03-03,1715.807,1715.807,1699.76,1708.078,89621618,596954770.0,热力
200,2023-03-06,1714.758,1719.217,1707.777,1713.896,101332816,675553290.0,热力
201,2023-03-07,1716.123,1716.123,1685.24,1687.684,89537874,613692980.0,热力
202,2023-03-08,1678.618,1688.589,1675.041,1688.176,69214922,486292950.0,热力
203,2023-03-09,1690.394,1691.914,1682.4,1689.761,62912807,399057600.0,热力
204,2023-03-02,1929.347,1941.442,1916.729,1918.267,1115914550,6778113200.0,新能源发电
205,2023-03-03,1920.196,1937.956,1920.196,1934.992,1122613290,6340171000.0,新能源发电
206,2023-03-06,1938.903,1945.522,1920.63,1943.58,1013565210,6059064400.0,新能源发电
207,2023-03-07,1944.783,1950.498,1922.839,1925.435,1137153560,6752278400.0,新能源发电
208,2023-03-08,1917.53,1937.291,1915.814,1926.735,789080620,4638190500.0,新能源发电
209,2023-03-09,1931.274,1931.61,1914.33,1915.728,701175680,4235737000.0,新能源发电
210,2023-03-02,1186.269,1199.645,1186.269,1198.275,443043450,1748853600.0,港口
211,2023-03-03,1198.88,1209.599,1194.614,1206.012,433954790,1722017600.0,港口
212,2023-03-06,1209.284,1211.334,1201.517,1203.982,329976240,1353353800.0,港口
213,2023-03-07,1204.7,1214.926,1194.282,1194.302,478333770,1785673100.0,港口
214,2023-03-08,1192.809,1204.822,1191.143,1203.467,278301160,1088259590.0,港口
215,2023-03-09,1205.283,1209.769,1198.018,1205.124,312105540,1218967210.0,港口
216,2023-03-02,1431.645,1453.277,1430.937,1446.429,243566510,1183395120.0,高速公路
217,2023-03-03,1447.46,1459.412,1441.981,1458.501,201543420,1083074550.0,高速公路
218,2023-03-06,1460.6,1465.764,1456.73,1458.932,184586480,990604340.0,高速公路
219,2023-03-07,1460.925,1468.212,1441.529,1441.557,201718690,1046770990.0,高速公路
220,2023-03-08,1441.687,1456.617,1439.721,1454.861,165838040,850484200.0,高速公路
221,2023-03-09,1456.727,1459.573,1447.677,1457.004,153884350,740023730.0,高速公路
222,2023-03-02,983.627,992.928,983.542,990.158,356315340,1546993200.0,铁路运输
223,2023-03-03,990.626,1004.107,985.459,1002.586,345513450,1594003000.0,铁路运输
224,2023-03-06,1004.991,1007.982,996.489,998.136,429134200,2111024600.0,铁路运输
225,2023-03-07,999.268,1014.869,992.888,993.906,405338850,2076313400.0,铁路运输
226,2023-03-08,991.843,999.008,987.581,996.905,225811770,1085023610.0,铁路运输
227,2023-03-09,999.923,1000.606,987.42,993.064,205194470,997798240.0,铁路运输
228,2023-03-02,1238.463,1248.367,1237.102,1242.681,72919092,991386060.0,机场
229,2023-03-03,1245.805,1267.56,1244.509,1262.422,132801716,1673274100.0,机场
230,2023-03-06,1266.116,1285.734,1266.116,1273.063,134166516,2041717400.0,机场
231,2023-03-07,1272.405,1274.759,1239.721,1241.835,133648521,1522558300.0,机场
232,2023-03-08,1241.06,1260.771,1237.433,1255.183,76763203,1043114840.0,机场
233,2023-03-09,1254.908,1263.705,1247.037,1251.728,59279181,939521350.0,机场
234,2023-03-02,1439.699,1455.975,1436.356,1448.044,236135010,1866367400.0,航空运输
235,2023-03-03,1446.609,1454.597,1441.778,1445.622,249184260,1562563100.0,航空运输
236,2023-03-06,1448.985,1460.846,1439.213,1443.864,258088930,1907108800.0,航空运输
237,2023-03-07,1442.389,1450.445,1422.338,1423.821,254089340,1735617900.0,航空运输
238,2023-03-08,1419.217,1434.072,1415.461,1429.947,156676400,1201384870.0,航空运输
239,2023-03-09,1431.399,1439.283,1418.679,1427.219,168689330,1429633500.0,航空运输
240,2023-03-02,951.58,955.592,950.596,953.279,738434630,4135823300.0,多元金融
241,2023-03-03,953.925,958.05,949.709,956.884,989719160,5646751000.0,多元金融
242,2023-03-06,958.786,962.485,951.969,953.852,1133662390,6438883300.0,多元金融
243,2023-03-07,952.573,965.022,946.311,946.428,1246998370,7137523100.0,多元金融
244,2023-03-08,942.184,949.353,941.996,949.353,790314450,4473805100.0,多元金融
245,2023-03-09,948.233,948.233,935.671,938.308,682286960,3725964900.0,多元金融
246,2023-03-02,826.2,835.538,825.684,831.233,156492590,3225196100.0,保险
247,2023-03-03,835.851,839.997,827.836,832.689,151899560,2822175400.0,保险
248,2023-03-06,831.38,833.401,813.001,815.654,232148610,5739498200.0,保险
249,2023-03-07,815.884,828.159,802.377,803.726,235443620,4899365500.0,保险
250,2023-03-08,800.511,800.583,791.182,796.253,156330060,3922502900.0,保险
251,2023-03-09,797.917,798.296,784.614,789.945,135736890,3650150400.0,保险
252,2023-03-02,1398.389,1402.259,1389.47,1390.604,546882830,2981742500.0,百货零售
253,2023-03-03,1393.107,1410.02,1388.075,1408.964,825227840,4632755000.0,百货零售
254,2023-03-06,1410.429,1431.136,1408.507,1431.112,841677150,5524286400.0,百货零售
255,2023-03-07,1429.555,1434.692,1405.23,1405.23,710748320,5045786000.0,百货零售
256,2023-03-08,1401.608,1413.355,1395.851,1411.606,476555320,3182555300.0,百货零售
257,2023-03-09,1416.439,1416.457,1390.554,1394.44,465815290,3374890700.0,百货零售
258,2023-03-02,1497.729,1497.895,1477.902,1484.333,104257364,1037843570.0,专业连锁
259,2023-03-03,1479.687,1491.885,1473.425,1488.135,88135948,914372570.0,专业连锁
260,2023-03-06,1485.316,1485.316,1450.704,1460.427,105961692,1093565360.0,专业连锁
261,2023-03-07,1469.693,1470.767,1432.814,1432.814,81576430,833943320.0,专业连锁
262,2023-03-08,1427.746,1448.642,1425.446,1447.673,105056103,709843970.0,专业连锁
263,2023-03-09,1447.394,1447.394,1419.563,1429.573,82669745,593662640.0,专业连锁
264,2023-03-02,1143.884,1149.509,1140.098,1142.49,234237880,1115478380.0,商业物业经营
265,2023-03-03,1145.292,1147.265,1138.07,1145.262,257892060,1333953420.0,商业物业经营
266,2023-03-06,1146.625,1147.26,1139.548,1142.843,221947350,1093829120.0,商业物业经营
267,2023-03-07,1143.782,1147.79,1123.939,1123.939,230702630,1224956140.0,商业物业经营
268,2023-03-08,1122.583,1128.922,1117.301,1128.922,154272910,810359080.0,商业物业经营
269,2023-03-09,1128.97,1129.057,1121.28,1125.602,179872930,991661200.0,商业物业经营
270,2023-03-02,1444.519,1456.337,1442.572,1448.771,51414731,646297440.0,人工景点
271,2023-03-03,1448.607,1456.888,1441.887,1455.832,39190661,485913280.0,人工景点
272,2023-03-06,1459.569,1495.994,1453.22,1491.836,100154752,1330329990.0,人工景点
273,2023-03-07,1484.972,1493.16,1468.517,1468.517,58800911,759105500.0,人工景点
274,2023-03-08,1474.205,1497.204,1463.344,1477.97,53953216,701915510.0,人工景点
275,2023-03-09,1488.158,1488.158,1455.911,1457.707,41723171,521337330.0,人工景点
276,2023-03-02,1665.346,1690.179,1664.172,1677.124,90040352,1163413820.0,自然景点
277,2023-03-03,1672.163,1688.918,1663.651,1684.258,82346954,1026889000.0,自然景点
278,2023-03-06,1681.213,1719.247,1674.72,1717.342,117560202,1480614800.0,自然景点
279,2023-03-07,1706.796,1713.079,1690.093,1692.571,100176904,1303530960.0,自然景点
280,2023-03-08,1698.344,1710.903,1680.655,1695.956,72533961,982011570.0,自然景点
281,2023-03-09,1698.181,1698.181,1654.389,1658.286,64449477,829154760.0,自然景点
282,2023-03-02,1187.774,1201.993,1183.515,1186.69,59026100,671261350.0,旅游综合
283,2023-03-03,1187.51,1196.137,1174.386,1188.542,47691563,523237340.0,旅游综合
284,2023-03-06,1188.292,1215.901,1182.952,1213.504,75905529,820910000.0,旅游综合
285,2023-03-07,1207.652,1226.858,1202.1,1203.1,71269574,753555530.0,旅游综合
286,2023-03-08,1207.424,1225.455,1196.985,1211.14,59323517,630201280.0,旅游综合
287,2023-03-09,1212.375,1214.461,1170.542,1171.163,67618147,723959130.0,旅游综合
288,2023-03-02,2206.324,2244.864,2188.866,2223.634,97335555,1627141700.0,酒店
289,2023-03-03,2211.324,2245.878,2198.157,2225.965,115188876,1617684900.0,酒店
290,2023-03-06,2223.575,2326.232,2217.356,2301.421,169582670,2513255300.0,酒店
291,2023-03-07,2281.433,2291.999,2248.55,2250.521,116882766,1806320500.0,酒店
292,2023-03-08,2248.414,2267.378,2220.16,2232.759,66859371,1137975980.0,酒店
293,2023-03-09,2227.775,2227.775,2187.714,2188.547,67219015,1027286460.0,酒店
294,2023-03-02,2649.495,2767.16,2592.728,2736.059,168151960,2645558600.0,餐饮
295,2023-03-03,2708.149,2830.113,2694.115,2751.11,183963020,3017477800.0,餐饮
296,2023-03-06,2731.21,2967.544,2707.796,2904.779,219425660,3764701600.0,餐饮
297,2023-03-07,2850.842,2961.449,2801.833,2865.117,196007750,3380178700.0,餐饮
298,2023-03-08,2812.297,2865.647,2788.59,2795.471,124609718,2158849400.0,餐饮
299,2023-03-09,2775.612,2791.917,2671.893,2679.783,110918765,1810407800.0,餐饮
300,2023-03-02,1251.226,1267.561,1251.153,1264.349,381149550,2511144500.0,有线电视网络
301,2023-03-03,1263.924,1264.038,1248.497,1259.948,224523680,1432455000.0,有线电视网络
302,2023-03-06,1260.546,1271.929,1254.746,1263.664,277804920,1920559000.0,有线电视网络
303,2023-03-07,1264.315,1271.446,1231.868,1231.868,272417240,1887093900.0,有线电视网络
304,2023-03-08,1229.705,1263.217,1229.376,1262.813,430564250,2285283500.0,有线电视网络
305,2023-03-09,1262.299,1262.432,1242.115,1257.307,325533590,1884140000.0,有线电视网络
