代码,总股本
688018,80484430.0
600486,309898907.0
301380,68000000.0
301369,46400179.0
002629,436648000.0
001217,331870000.0
300725,199664227.0
002975,139380126.0
002748,240000000.0
002036,1073347092.0
688323,180000000.0
688233,160000000.0
603758,438797049.0
603615,241820000.0
603267,232400000.0
601608,4339419293.0
600865,376240316.0
600861,316804949.0
600719,404599600.0
600507,2331805223.0
600408,1006800000.0
600388,1071464473.0
600332,1405890949.0
600168,709569692.0
301226,68000000.0
301049,94253334.0
300346,543702550.0
300286,214716125.0
300211,303359723.0
300146,1700362763.0
300087,676665537.0
300059,13214162544.0
300006,1055911205.0
002972,176320000.0
002879,193107640.0
002419,1168847750.0
002321,2132890071.0
002233,1192275016.0
002188,292538575.0
002134,245849768.0
002080,1678123584.0
001914,1060346060.0
000708,5047154263.0
000683,3621758560.0
000608,749913309.0
000407,880084656.0
870866,
838971,
835892,
688678,173350000.0
688569,210666700.0
688508,113319360.0
688301,72691466.0
688195,129350000.0
605555,265972000.0
605399,240253000.0
605299,411499000.0
603860,66680000.0
603601,1020258062.0
601718,4391629404.0
600862,1393049107.0
600419,320190246.0
301338,76000000.0
301299,60000000.0
301289,60000000.0
301255,68000000.0
301248,102470000.0
301192,
301182,95821700.0
301179,132000000.0
301126,206505700.0
301046,149790000.0
301042,68850000.0
300977,102209704.0
300965,60000000.0
300890,107839341.0
300765,618926162.0
300724,348233546.0
300654,211875580.0
300564,164592000.0
300558,417467045.0
300528,372608054.0
300474,455076384.0
300383,1797592847.0
300337,821920000.0
300334,302065356.0
300301,790108769.0
300292,1341764974.0
300281,418923580.0
300248,481092495.0
300114,590760499.0
300070,3624209363.0
300048,1108301357.0
300047,637744672.0
002873,231969454.0
002865,141524273.0
002857,128000000.0
002805,200044649.0
002777,408231038.0
002660,356626019.0
002451,439200000.0
002430,984542213.0
002424,1411200000.0
002384,1709867327.0
002353,1026952941.0
002117,545666421.0
002073,969506674.0
002012,467625470.0
001313,700000000.0
000886,988828300.0
000848,1076419000.0
000713,614014980.0
000666,704130000.0
000629,8602447902.0
000564,19163777335.0
000413,5382749947.0
000158,1598616721.0
000037,338908150.0
838227,
688597,176472980.0
688303,2137396215.0
603955,135720000.0
603813,106280000.0
603335,428144600.0
603319,208792798.0
603105,500000000.0
601318,10832664498.0
600423,798695026.0
600316,717114512.0
600038,589476716.0
301439,389101809.0
301268,400010000.0
301131,47780000.0
301127,418405800.0
300975,630000000.0
300916,95805000.0
300747,566756060.0
300680,231024278.0
300412,497756637.0
300327,342039282.0
300261,963309471.0
300223,481569911.0
300188,859477310.0
300167,360550000.0
300014,2045721497.0
003816,39334986100.0
002922,301946455.0
002900,316600050.0
002841,701239045.0
002826,190682250.0
002791,321540000.0
002712,544276198.0
002677,646051647.0
002630,1180800000.0
002418,1136400000.0
002386,1015114122.0
002380,239991649.0
002371,528754806.0
002347,504702276.0
002299,1243639674.0
002261,1255827674.0
002198,507509848.0
002179,1630804888.0
002161,739757400.0
002136,215020000.0
001332,80000000.0
001298,96000000.0
000995,177408000.0
000969,1026008097.0
000875,2790208174.0
000851,1157860020.0
000786,1689507842.0
000762,521171240.0
000667,2466988633.0
000663,336683929.0
000519,1392558982.0
000411,309485536.0
000408,1580435073.0
000069,8201793915.0
835640,
834033,
688687,170908422.0
688667,51812140.0
688586,565242254.0
688380,400365000.0
688370,106400000.0
688228,67133440.0
605389,136266760.0
605366,436319000.0
605178,99251600.0
603798,200000000.0
603577,339139100.0
603393,423921327.0
603289,295721200.0
603214,140516936.0
603186,142011646.0
603073,116000000.0
601138,19859592893.0
601137,790044972.0
600976,153398600.0
600973,1371366248.0
600800,1185787580.0
600765,1472049090.0
600705,8830692012.0
600449,478181042.0
600356,298731378.0
600256,6565755139.0
600243,438850000.0
600076,1344543367.0
301391,68000000.0
301286,400100000.0
301259,120000000.0
301185,153417600.0
301171,471885905.0
301092,133333334.0
301029,481557600.0
301013,233743056.0
301003,99053333.0
301000,96000300.0
300995,84160000.0
300952,144927653.0
300915,90000000.0
300907,96000000.0
300877,120000000.0
300851,86933400.0
300831,320000000.0
300686,265624240.0
300661,357166237.0
300603,357934999.0
300600,294234480.0
300467,203204897.0
300425,675708786.0
300388,698962023.0
300271,824561023.0
300208,749475000.0
300173,734725698.0
300164,590908629.0
300121,404770870.0
002959,156000000.0
002916,512877535.0
002891,294112698.0
002875,212817152.0
002851,497569343.0
002793,1087588486.0
002727,596023425.0
002681,1824667620.0
002574,528000000.0
002560,528619670.0
002552,435612051.0
002514,720034264.0
002432,481650022.0
002425,956665066.0
002378,924167436.0
002356,1311254521.0
002334,782286810.0
002333,674924800.0
002314,2707782513.0
002289,280253733.0
002239,3243258144.0
002237,1148014400.0
002232,408548455.0
002225,1010368272.0
002152,2483382898.0
002144,176762528.0
002081,2655323689.0
002004,1979919191.0
001323,400010000.0
001267,775446428.0
000937,3533546850.0
000913,468931000.0
000852,941003689.0
000759,681021500.0
000757,640205880.0
000737,1772456167.0
000567,929651442.0
000400,1008327309.0
000062,1045909322.0
000050,2457747661.0
000048,523239250.0
688400,463500000.0
688398,80000000.0
688275,85215178.0
688203,202678068.0
605339,427976616.0
605189,124800051.0
605166,315553230.0
605099,401703500.0
603978,165951873.0
603937,208880000.0
603929,213360000.0
603458,313804147.0
603338,506347879.0
603282,133820000.0
603227,966567854.0
603225,1529469839.0
603058,419081442.0
601699,2991409200.0
601059,3243000000.0
600732,1302116033.0
600523,404311320.0
600515,11425309602.0
600470,521600000.0
600416,1325406445.0
600372,1917798835.0
600261,1414659630.0
600237,564369565.0
301302,105470000.0
301258,91670000.0
301235,105600000.0
301180,400010000.0
301177,400010000.0
301161,120000000.0
301150,101020762.0
301090,1479416553.0
301067,54020000.0
301048,533333400.0
301041,106680000.0
301022,64000000.0
300998,106400000.0
300996,141964567.0
300991,144000000.0
300960,102385812.0
300955,100800000.0
300911,107398200.0
300894,405000000.0
300889,156000000.0
300880,193196160.0
300855,302010000.0
300770,231058146.0
300730,240419437.0
300623,736525851.0
300530,158139450.0
300514,200000000.0
300504,272566880.0
300476,862688641.0
300413,1870720815.0
300397,517636745.0
300363,546027420.0
300355,1604242081.0
300294,504248738.0
300266,1553807314.0
300212,665814309.0
300177,744169066.0
300168,1443191991.0
300079,1429008862.0
003031,209066666.0
003027,132419000.0
002971,160000000.0
002939,4034426956.0
002932,156193021.0
002929,232127370.0
002915,327957575.0
002792,402056966.0
002779,132000000.0
002767,150000000.0
002683,748760423.0
002641,1235153866.0
002637,470401000.0
002606,439391220.0
002567,1381343588.0
002548,806103205.0
002497,1152562520.0
002494,377310718.0
002480,769168670.0
002466,1477099383.0
002438,507537461.0
002426,3441517719.0
002389,996985000.0
002357,313489036.0
002272,438260000.0
002256,1882411872.0
002246,549034794.0
002167,775134000.0
002149,488214274.0
002124,1839192626.0
002122,1990899926.0
002114,323395267.0
002105,368500000.0
002092,2600819517.0
002090,404264936.0
002061,1856527072.0
002055,604490017.0
002035,847653618.0
000999,988346000.0
000955,538395000.0
000926,949322474.0
000912,1568000000.0
000752,263758491.0
000735,1151513578.0
000688,1117647825.0
000635,304610502.0
000603,689969346.0
000576,442861324.0
000571,814064000.0
000543,2266863331.0
000423,654021537.0
000038,522777419.0
000035,2523777297.0
000027,4757389916.0
000021,1560587588.0
000019,1100785974.0
688001,440591727.0
605567,200000000.0
605500,296000000.0
605338,248000000.0
605098,118078600.0
605016,177520000.0
603706,189382714.0
603421,652190511.0
603327,521300000.0
603113,855086679.0
603090,100000000.0
603038,206674697.0
601636,2683499506.0
601086,666000000.0
600967,1704251817.0
600935,3507401812.0
600850,685074346.0
600794,1212152157.0
600658,1118585045.0
600647,139143550.0
600575,3886261065.0
600488,1096362680.0
600435,1489320000.0
600397,989959882.0
600355,492089200.0
600302,346009804.0
600206,846553332.0
301419,100000000.0
301367,64000000.0
301333,60000000.0
301312,41717762.0
301311,240000000.0
301308,412864254.0
301279,100000000.0
301265,302973182.0
301175,1471880000.0
301158,150370510.0
301153,108000000.0
301137,181813400.0
301123,233600000.0
301122,94035122.0
301099,80000000.0
301097,58947368.0
301089,126000000.0
301079,83893334.0
301076,103480000.0
301068,84000000.0
301062,400391800.0
301056,266786667.0
301045,103154344.0
301031,66277427.0
301028,378912000.0
301023,56000250.0
301007,153340000.0
300997,450000000.0
300987,173368000.0
300985,133333400.0
300979,1167000000.0
300971,84000000.0
300962,264001897.0
300951,120672000.0
300950,150000000.0
300941,204750000.0
300933,458507718.0
300927,144360000.0
300896,216360000.0
300884,252000000.0
300860,137331308.0
300818,70001544.0
300817,145532160.0
300814,175796000.0
300810,118050000.0
300786,184015879.0
300782,533757954.0
300777,439574787.0
300763,396688445.0
300743,138369482.0
300737,1180878627.0
300732,324341264.0
300717,102775000.0
300703,181999640.0
300698,134000000.0
300691,267880679.0
300679,422157000.0
300668,120381273.0
300667,200840639.0
300662,196837115.0
300644,107969800.0
300634,444011100.0
300632,305181620.0
300615,189947200.0
300610,212877000.0
300598,160102077.0
300597,272570030.0
300595,894826637.0
300594,90927950.0
300567,278144604.0
300561,328107975.0
300538,181918573.0
300537,193027584.0
300534,303345000.0
300523,232637638.0
300522,270140605.0
300510,828623861.0
300500,173974869.0
300491,173453199.0
300490,394193274.0
300488,165679281.0
300481,296382447.0
300478,126673000.0
300442,953867583.0
300421,247585404.0
300407,305105075.0
300394,393975113.0
300378,267034230.0
300374,245912337.0
300371,167681080.0
300319,864383949.0
300314,288000000.0
300311,673630150.0
300291,930354651.0
300289,544011487.0
300256,2268393386.0
300236,313381402.0
300197,2822872279.0
300195,423387356.0
300184,1154011922.0
300137,545374010.0
300124,2658480871.0
300092,273923271.0
300072,2349720302.0
300066,1040033262.0
300057,909854275.0
300049,263053100.0
300036,489550063.0
003041,120000000.0
003037,503836583.0
003035,3787878787.0
003023,105341600.0
003013,400010000.0
003002,200000000.0
003000,451099159.0
002997,183605041.0
002996,439000000.0
002991,93215831.0
002986,228151400.0
002961,445029223.0
002957,410762170.0
002956,223277669.0
002947,230171765.0
002946,866582827.0
002941,645056973.0
002912,171831718.0
002895,501816371.0
002890,93338000.0
002878,223170841.0
002871,168877148.0
002864,86713634.0
002859,434259299.0
002849,157595726.0
002827,276000000.0
002811,272042826.0
002705,826727780.0
002698,1022550000.0
002697,1360000000.0
002695,512304224.0
002692,718146000.0
002690,882482900.0
002687,507500000.0
002663,1795890452.0
002661,337998561.0
002639,772602178.0
002600,7038674975.0
002533,733941062.0
002532,4651885415.0
002527,662985291.0
002518,582445394.0
002510,941645290.0
002500,3589771547.0
002487,637749349.0
002460,1613529459.0
002448,588409646.0
002385,4140741853.0
002368,591697969.0
002343,474949686.0
002316,393120000.0
002310,2685462004.0
002302,1262354304.0
002290,248112330.0
002287,530223760.0
002277,1394172800.0
002271,2518464191.0
002222,427500000.0
002219,3381758753.0
002205,185843228.0
002204,1931370032.0
002200,184132890.0
002190,358729343.0
002182,646422538.0
002164,532173689.0
002163,844957867.0
002162,926500000.0
002150,356517053.0
002140,708182622.0
002125,629481713.0
002100,1354339175.0
002084,650859649.0
002060,3393714625.0
002053,920729464.0
002052,745959694.0
002039,427558126.0
002020,861029140.0
001260,115000000.0
001255,80000000.0
001238,110000000.0
001228,103864609.0
001218,125993700.0
001206,132067006.0
001202,128800000.0
000980,5042547739.0
000970,1215725773.0
000960,1645801952.0
000950,1743367337.0
000933,2250986609.0
000927,6050353641.0
000922,596540053.0
000895,3464661213.0
000892,980980473.0
000876,4538319345.0
000831,980888981.0
000810,1150216072.0
000803,351994105.0
000793,1997245457.0
000791,1600540535.0
000768,2781740071.0
000753,991481071.0
000729,2818539341.0
000728,4363777891.0
000700,917106450.0
000686,2340452915.0
000628,352280000.0
000612,1192199394.0
000589,1147571791.0
000563,5113970358.0
000554,480793318.0
000548,499215811.0
000547,1603685112.0
000537,1862520720.0
000530,601712507.0
000523,1612420134.0
000510,609182254.0
000505,661975251.0
000426,1837192219.0
000401,2658213720.0
000159,480685993.0
000068,1006671464.0
000066,3225799087.0
000063,3980609974.0
000042,664831139.0
000036,1483934025.0
000004,132848008.0
000636,1157013211.0
688786,85440800.0
688621,80000000.0
603881,328927197.0
603595,232442326.0
603303,476944575.0
603169,1306291798.0
603093,610065893.0
600963,1804213109.0
600665,864122521.0
600433,1848227178.0
600255,1805987355.0
600211,247937843.0
600113,411431160.0
600063,2159249374.0
301113,70000000.0
301071,144892752.0
301043,68000000.0
300675,146666700.0
002635,683244203.0
002596,1147580518.0
002440,1150500000.0
002428,653120000.0
002379,926400000.0
002363,419160301.0
002171,1334533577.0
002014,612491866.0
001301,259774600.0
000915,234331485.0
000795,1133684103.0
831039,153820000.0
603927,593600000.0
603606,687715368.0
603153,409861106.0
603103,634200000.0
600989,7333360000.0
600321,1510550000.0
600292,780816890.0
301181,90000000.0
301105,50000000.0
301047,129200000.0
300849,150000000.0
300750,2442514524.0
300699,518350000.0
300557,71276123.0
300428,616956965.0
300403,603000000.0
300354,138320201.0
300201,1040921518.0
300044,770161228.0
002778,124753300.0
002667,243222000.0
002621,822237930.0
002523,1416640800.0
002457,334992000.0
002387,1381486540.0
002254,862934983.0
002192,259655203.0
001368,112000000.0
001205,171061333.0
000739,1178523492.0
000710,354605865.0
000560,2355500851.0
000008,2716377683.0
603166,646208651.0
601121,800000000.0
600050,31804436237.0
301217,829015544.0
301070,64555200.0
301024,63585000.0
300830,430125000.0
300578,200349740.0
300085,706640535.0
300017,2437230675.0
002564,858904477.0
002485,544000000.0
002406,624168167.0
002074,1778874835.0
002056,1626712074.0
000978,468130000.0
000049,299386862.0
000001,19405918198.0
688502,52800000.0
605377,332241440.0
605090,625414024.0
603305,666582095.0
301290,100173334.0
301157,60000000.0
300801,217410000.0
300796,200634929.0
300740,388938617.0
300547,216906174.0
300321,88800000.0
300182,2618966007.0
300160,772946292.0
300002,1961091984.0
002741,398321893.0
002686,566239133.0
002668,1084111428.0
002561,415763000.0
002373,1580188215.0
000738,1315184001.0
688246,137877502.0
600873,3042465447.0
600681,1363010801.0
600605,206282429.0
301336,40000000.0
301152,121982307.0
301091,208000000.0
300775,549291984.0
300673,253420605.0
300630,436352407.0
300144,2614694040.0
300109,323905337.0
002981,96000000.0
002978,401000000.0
002885,181436100.0
002883,156227282.0
002734,372565078.0
002601,2390145256.0
002590,479646926.0
002475,7122786109.0
002274,952364646.0
002270,896225431.0
002240,911895872.0
002085,2141567428.0
001278,123733400.0
688661,89874453.0
605258,88000000.0
600697,159088075.0
600439,1131985440.0
301229,80000000.0
301002,122876000.0
300883,346000000.0
300862,131869930.0
300839,175760000.0
300706,152852499.0
300576,213454755.0
300543,268126820.0
300287,1435273808.0
300045,662675236.0
003004,81840000.0
002998,326398400.0
002966,3666731275.0
002829,156311000.0
002672,679129602.0
002488,1001914821.0
002456,3257817490.0
002417,270272800.0
002410,1191386962.0
001366,160680000.0
001211,72000000.0
000826,1430578784.0
000788,595987425.0
000718,3034636384.0
000558,1289223949.0
000151,337370728.0
000070,844588171.0
002449,618477169.0
301183,80000000.0
300700,121532581.0
300464,369122175.0
605288,70565530.0
600889,366346010.0
600513,287145674.0
600466,3034930435.0
301322,69933799.0
301155,217391478.0
301128,73886622.0
301112,110266600.0
300793,338388800.0
300681,167961479.0
300647,457321024.0
300586,524545176.0
300485,481666400.0
300445,212430013.0
300238,265155701.0
300228,575406349.0
300187,645622165.0
300122,1600000000.0
300102,903579111.0
300042,200400000.0
002960,564277212.0
002945,2700000000.0
002812,892411690.0
002517,2152517634.0
002513,373936278.0
002376,655203505.0
002375,1339996498.0
002252,6740787907.0
000961,3826558901.0
000938,2860079874.0
000731,585723752.0
000720,1256531571.0
000715,415718940.0
603496,227799938.0
603317,763294090.0
603200,173615827.0
603061,60000000.0
601996,1145622800.0
600971,1200004884.0
600955,550000000.0
600425,1604703707.0
600308,1083478697.0
301206,202325700.0
301205,72080000.0
301069,420640000.0
300923,78600000.0
300918,360000000.0
300847,296010000.0
300602,507941948.0
300555,200000000.0
300373,512772787.0
300119,468018786.0
300054,947922645.0
300008,1728029133.0
002955,233993066.0
002837,434597230.0
002808,268800000.0
002755,928160351.0
002659,598280384.0
002382,1007095048.0
002340,5135586557.0
002328,771770000.0
002286,371812900.0
002258,800437228.0
002111,534474505.0
002030,1403446032.0
001337,420000000.0
000966,2749327699.0
000758,1969378424.0
000721,573914308.0
000678,459611797.0
000672,969395450.0
000657,1075526842.0
000631,2432519168.0
000592,1931780892.0
000552,4611017333.0
000541,1058321409.0
000410,2064746603.0
000402,2988929907.0
688363,481085277.0
688091,143888000.0
605286,178000000.0
603528,624118447.0
601686,1430457636.0
600901,2987022064.0
600477,2369111152.0
301361,116336000.0
301303,292000000.0
301227,94800000.0
301211,240000000.0
301196,124800000.0
301108,81209818.0
301077,120000000.0
300844,64640000.0
300683,130894391.0
300645,137940362.0
300637,234750130.0
300633,427861745.0
300626,180000000.0
300549,133340000.0
300461,160022492.0
300340,213574120.0
300333,336000000.0
300183,462609137.0
003019,147464025.0
003008,80000000.0
002993,276040000.0
002987,314898267.0
002896,151171285.0
002858,159925838.0
002846,318441603.0
002839,2169649522.0
002818,748458940.0
002807,2172051204.0
002801,229632000.0
002798,384969672.0
002751,154529613.0
002679,235756000.0
002569,144010000.0
002476,612000000.0
002436,1689546322.0
002276,1035489098.0
002244,3111443890.0
002241,3420400600.0
002135,1165549740.0
002129,3231733699.0
001309,80176800.0
000997,1032062937.0
000993,457951455.0
000988,1005502707.0
000977,1463709516.0
000878,2003628310.0
000828,1039516992.0
000668,146841890.0
000553,2177071961.0
000403,732433303.0
000034,668853180.0
000009,2579213965.0
688689,128895062.0
688522,154666800.0
688100,500000000.0
603916,420308798.0
603682,472500000.0
603160,458074341.0
603021,319948070.0
601901,8232101395.0
600720,776290282.0
600305,1002956032.0
600123,1142400000.0
301408,400010000.0
301256,480000000.0
300708,544689246.0
300660,262128736.0
300496,457478344.0
300399,197600000.0
300264,430857518.0
300033,537600000.0
002813,120000000.0
002616,741952074.0
002413,1340345016.0
002315,310851807.0
002297,573104819.0
002218,1413020549.0
002138,806318354.0
002002,3122037848.0
001207,183860000.0
000975,2776722265.0
000534,500623096.0
000061,1696964131.0
000059,1599442537.0
603280,108406667.0
600745,1246344564.0
600517,5718435744.0
002800,108752191.0
002740,454061077.0
002733,384214913.0
002666,754329268.0
002591,300199484.0
002148,560899430.0
001316,80000000.0
000919,511136000.0
688082,433557100.0
002408,2842788828.0
000972,771283579.0
601228,7544531351.0
600847,153287400.0
300713,157781250.0
300627,535259566.0
300099,737265255.0
003009,155392313.0
002931,199172306.0
002860,306726517.0
002640,1558041330.0
002620,377494000.0
002165,735269837.0
002157,3184688415.0
002097,1087212465.0
002049,849608551.0
002019,1226024827.0
001311,141333334.0
000976,1595678796.0
000798,365858712.0
000040,1486873870.0
300402,202000000.0
300218,216987000.0
002906,476178610.0
000936,886012887.0
000736,695433689.0
000627,4940629165.0
000572,1644636426.0
000509,1073128052.0
603018,683780952.0
301186,72758822.0
300999,5421591536.0
300936,75200000.0
300752,207679134.0
300613,229622136.0
300520,246322260.0
300489,136125000.0
300359,633333422.0
002766,847208028.0
002713,419536980.0
002691,340000000.0
002007,1824366726.0
000506,929017761.0
605168,101407289.0
603959,490298992.0
603856,257386600.0
603151,168000000.0
603077,8831250228.0
600557,584597952.0
301365,120000000.0
301187,182607661.0
300983,128000000.0
300956,132000000.0
300721,85761967.0
300666,265645419.0
300581,323593851.0
300575,310059000.0
300430,273202096.0
300192,329143329.0
002984,649670707.0
002911,945200000.0
002391,649592550.0
002330,636794790.0
002191,1470887550.0
002046,529129329.0
001872,2319185946.0
001319,141400000.0
001288,160000000.0
001225,64666800.0
000973,967423171.0
000911,400319818.0
688486,69258862.0
688329,77200000.0
301221,92622300.0
300149,499776892.0
000982,4261877053.0
688360,85676599.0
002395,268209000.0
002072,367680000.0
605009,155226949.0
603336,438729118.0
603159,140000000.0
002320,2228933187.0
002132,1401544698.0
000962,440832644.0
603190,120000000.0
603167,469144503.0
600299,2681901273.0
301396,91379493.0
300966,115277000.0
300787,153261920.0
300288,337941402.0
300230,816206041.0
300088,2454916800.0
002282,543944364.0
000026,367691263.0
688307,88000000.0
688012,616244480.0
603307,67000000.0
300854,99094000.0
300811,109886026.0
002843,211680000.0
001222,136350000.0
000930,1865273596.0
000012,1961323047.0
603466,596349441.0
301120,247627370.0
300722,192192000.0
300693,205275493.0
300628,901623135.0
300506,695596569.0
300426,409004600.0
300096,430000000.0
002980,133333400.0
002546,834049096.0
001299,187579697.0
000727,4529566980.0
000520,1012083455.0
300136,967568638.0
300030,309187315.0
002483,942288735.0
001314,140446000.0
000885,642078255.0
000719,1023203749.0
000545,986833096.0
600820,3144096094.0
301298,146800000.0
300959,80000000.0
002750,400500000.0
000815,695263035.0
688515,80000000.0
605081,113247072.0
301083,177866667.0
301081,170670000.0
301059,121660000.0
300214,470812614.0
002700,422426880.0
002467,1385511873.0
002401,371904560.0
001236,758077778.0
001229,100000000.0
301358,757253070.0
002905,376320000.0
002452,620332085.0
002369,566956280.0
601609,1479907994.0
301373,108472091.0
301356,120000000.0
301260,486161968.0
300250,219989902.0
002582,443235414.0
002536,500711814.0
000819,306325255.0
688590,238723764.0
301278,64000000.0
300723,288482665.0
300640,312452427.0
300127,323146360.0
002823,287104308.0
301087,208487500.0
300227,499780023.0
002802,140232300.0
002013,3862254784.0
001230,111393348.0
000920,472621118.0
000005,1058536842.0
301219,226705525.0
300994,194240000.0
300856,169320000.0
300824,326341682.0
300809,252176000.0
300029,200506500.0
002828,200987600.0
002437,2198122950.0
002434,1312600000.0
688500,74274510.0
600985,2481035925.0
300133,1901073701.0
300080,2161880058.0
002897,170672000.0
002670,1935084653.0
002471,1268000000.0
002110,2451576238.0
605123,121170892.0
002366,2080937640.0
688510,258382608.0
603281,266666667.0
301100,200000000.0
300517,200382344.0
300432,1219223766.0
002099,1618715253.0
300609,122439490.0
300165,495511725.0
000983,4096560000.0
603173,160000000.0
301316,400010000.0
001227,5695697168.0
002224,729596474.0
002206,1167757220.0
688435,83500000.0
301317,157190000.0
300672,182057294.0
003005,148400000.0
688485,150292062.0
603380,161403600.0
601939,9593657606.0
600281,514402025.0
600172,1442184476.0
300584,120000000.0
300398,528652031.0
002251,863903951.0
300585,171111111.0
300483,268535293.0
002547,1128057168.0
001338,501730834.0
000685,1475111351.0
300456,733289072.0
002327,829459027.0
688048,135599956.0
002393,183992992.0
000507,919734895.0
300386,418044000.0
001216,251866700.0
002196,498719930.0
300785,132986531.0
002247,850870049.0
300330,169918545.0
000868,733329168.0
832023,
603906,565078903.0
002041,880000000.0
688506,401000000.0
002573,1434486079.0
000800,4653324902.0
301257,60975000.0
300753,126048000.0
300629,182329226.0
002817,299098170.0
000821,622874778.0
002362,244454646.0
688466,102760000.0
300247,804040313.0
688525,430329136.0
301297,338390000.0
002810,342446040.0
300487,335097673.0
002496,1507589677.0
688496,450000000.0
688475,562500000.0
002566,330951600.0
002275,587568600.0
301301,2222800000.0
002999,347592000.0
688410,144730259.0
301280,65133400.0
000948,394360697.0
000839,3919826352.0
688147,454455359.0
688141,446880000.0
002742,432000000.0
000881,945425815.0
000532,344708340.0
688185,114778999.0
601136,2733333800.0
301149,430000018.0
002530,779198175.0
688498,60000000.0
839792,145540000.0
002598,312000000.0
002137,577504854.0
601058,3063484772.0
600711,3141203280.0
300939,120000000.0
300641,489604421.0
300005,883702186.0
002364,563564960.0
002223,1002476929.0
688172,1199104111.0
605222,418134351.0
600589,704033281.0
301398,80000000.0
301368,120100000.0
301223,193127560.0
600493,272000000.0
300253,2147729602.0
300100,402149793.0
002345,888512707.0
600223,1016568775.0
300194,1189712382.0
002852,359000000.0
000790,628573564.0
000637,519875356.0
001318,282660000.0
688253,136060816.0
688143,94134174.0
603477,506093443.0
600185,1885005795.0
001258,933333334.0
001223,66680000.0
688503,111910734.0
688420,88430000.0
688084,75659066.0
601022,1308633334.0
601001,1673700000.0
301065,70680000.0
001333,128000000.0
003038,147622137.0
002265,318566172.0
301019,120000000.0
300670,316920479.0
300590,457808473.0
000779,380095146.0
000622,425226000.0
830809,
603979,595426191.0
603950,231522000.0
601077,8843663959.0
300539,222122046.0
300282,374306455.0
002927,223209090.0
001256,142612558.0
000058,984821029.0
839273,
688489,76556268.0
603308,683146921.0
002445,2391668331.0
600259,336435910.0
600110,1745752471.0
301106,72586668.0
002989,181682853.0
300895,128000598.0
605300,400010000.0
300206,581721846.0
002685,1007690641.0
688480,94826667.0
301277,133360000.0
600603,1254820847.0
834014,
301199,133340000.0
002781,225000000.0
002631,658642559.0
301377,410000000.0
300437,259063097.0
300239,593602983.0
003042,142480000.0
002253,225626095.0
600654,1283020992.0
600139,661890508.0
301165,568181818.0
000032,1137959234.0
688376,134400000.0
688201,137829078.0
605117,238933800.0
603130,140000000.0
301335,90000000.0
001231,100000000.0
833230,
600586,1428770000.0
301017,405340000.0
300821,1200000000.0
002644,510657000.0
002266,5369795962.0
688362,407660000.0
301088,228000000.0
003043,80000000.0
603050,162210100.0
601231,2203505783.0
002877,332553653.0
688235,115055260.0
603290,170742554.0
300949,60000000.0
300827,237600864.0
002089,1374669616.0
603903,255319480.0
002207,262055378.0
688432,1247621058.0
688606,53904145.0
301388,102447600.0
301359,85840000.0
300317,824283865.0
002983,184184000.0
831855,
301052,72039937.0
600758,1322017394.0
688419,82000000.0
301267,560000000.0
300781,109903846.0
300069,117000000.0
000722,464158282.0
301339,407000000.0
301319,58640000.0
002086,756350000.0
002412,503200000.0
870357,
836720,
836270,
836149,
834021,314999983.0
832566,
688799,93800000.0
688798,166000000.0
688793,61640000.0
688772,1121855747.0
688728,2498887173.0
688707,442934810.0
688701,134277372.0
688699,110064640.0
688669,93333334.0
688656,63058328.0
688622,69997606.0
688599,2167587415.0
688596,257751356.0
688580,68619367.0
688567,1070669685.0
688559,201726500.0
688553,423600000.0
688448,71261100.0
688416,82637279.0
688391,57600000.0
688356,60288000.0
688350,122150000.0
688349,1189484215.0
688348,80000000.0
688339,99891387.0
688333,113107750.0
688330,100000000.0
688320,151013668.0
688311,115048000.0
688298,168000000.0
688239,140000000.0
688211,131608698.0
688210,112000000.0
688202,86916299.0
688197,148719343.0
688186,214240000.0
688179,141306782.0
688169,93687403.0
688159,91679495.0
688155,76328136.0
688123,120905867.0
688097,403901750.0
688093,241072440.0
688092,59158392.0
688087,134627593.0
688071,72844774.0
688069,83203600.0
688059,44008000.0
688046,410000000.0
688019,74701640.0
688008,1133656831.0
688002,446023750.0
605378,133340000.0
605336,184653625.0
605318,129171152.0
605287,100000000.0
605268,442795000.0
605177,113600000.0
605128,80000000.0
605116,401000000.0
605056,400010000.0
605050,435000000.0
603998,440182120.0
603992,401009858.0
603871,500048597.0
603801,311847895.0
603757,166777200.0
603719,401000000.0
603717,290146240.0
603687,419101649.0
603617,365194600.0
603598,267862900.0
603488,291990440.0
603399,518650649.0
603388,285142060.0
603356,133340000.0
603330,332825884.0
603297,110477500.0
603237,100743000.0
603229,401866704.0
603211,271808000.0
603203,248483457.0
603181,588700000.0
603100,395000000.0
603098,538799978.0
603088,438025420.0
603085,397100000.0
603078,254763913.0
603068,151279966.0
603067,509016166.0
603057,412000000.0
603051,92010000.0
603048,146880000.0
603036,206638400.0
603033,791876334.0
603030,580070192.0
603029,121342000.0
603020,383237774.0
603005,653212346.0
603002,903875195.0
601949,1822500000.0
601816,49106484611.0
601778,2894375028.0
601698,4000000000.0
601678,2058036276.0
601669,15146035123.0
601619,2434349233.0
601528,1509354919.0
601258,10227225070.0
601162,8665757464.0
601126,813172000.0
601015,2042497639.0
600995,2565430562.0
600981,2242433192.0
600916,1680000000.0
600900,22741859230.0
600867,1993678653.0
600857,224319919.0
600825,1044887850.0
600821,1536356503.0
600811,3659150735.0
600793,176904002.0
600781,627157512.0
600779,488361398.0
600778,311491352.0
600759,2263507518.0
600733,4287310130.0
600731,461789508.0
600694,293718653.0
600689,152204143.0
600673,3013897259.0
600671,121778885.0
600668,344083828.0
600622,1499685402.0
600619,800250298.0
600601,2194891204.0
600596,1145746540.0
600583,4421354800.0
600577,1995790118.0
600556,1807747642.0
600552,763884003.0
600551,484325171.0
600536,659994117.0
600531,1090242634.0
600527,1731760902.0
600522,3412949652.0
600516,3805970368.0
600405,553275448.0
600393,2536247870.0
600366,989113721.0
600359,381512820.0
600337,1495944883.0
600333,609030684.0
600329,573443076.0
600322,1105700000.0
600290,759903511.0
600289,631052069.0
600260,994886058.0
600250,310593879.0
600242,456665122.0
600213,286000000.0
600208,8599343536.0
600201,1120369226.0
600178,475783900.0
600158,959513067.0
600136,584618623.0
600127,641783218.0
600119,365270370.0
600114,616383477.0
600112,509204846.0
600083,230000000.0
600060,1307652222.0
301379,101340000.0
301230,76873333.0
301207,400010000.0
300980,108333234.0
300773,800020000.0
300392,384000000.0
300058,2491037834.0
003032,402447500.0
003026,101017880.0
003020,120432000.0
002990,258041750.0
002965,177988038.0
002950,633265407.0
002936,6428757599.0
002926,2625000000.0
002919,170990043.0
002913,321921936.0
002909,372752452.0
002884,357682509.0
002880,226800000.0
002870,132075636.0
002868,155415837.0
002862,120000000.0
002845,328040025.0
002809,208933682.0
002806,189282950.0
002795,308851970.0
002789,159623514.0
002786,495612000.0
002785,201150000.0
002775,512767053.0
002761,1081340098.0
002760,107988706.0
002739,2179368810.0
002730,362079880.0
002729,182969920.0
002723,318029276.0
002721,959925877.0
002717,1684897609.0
002716,2210479088.0
002708,492011076.0
002707,906416362.0
002688,780422398.0
002649,591664848.0
002636,728000000.0
002615,424571901.0
002610,4479532523.0
002609,649059741.0
002602,7452556968.0
002589,1504710471.0
002581,659735586.0
002575,618720000.0
002563,2694090160.0
002558,2024379932.0
002555,2217864281.0
002549,623700000.0
002538,853555763.0
002529,260000000.0
002512,1147094532.0
002504,1025800523.0
002502,919994639.0
002492,405000000.0
002468,1530802166.0
002455,593165169.0
002446,908098062.0
002442,490820000.0
002441,544543609.0
002422,1416918091.0
002360,401774248.0
002355,620570400.0
002349,814180908.0
002341,1152214592.0
002335,461567391.0
002325,1756514205.0
002322,379147970.0
002313,374400000.0
002308,906214651.0
002280,2177149675.0
002269,2512500000.0
002259,752328267.0
002203,1966739270.0
002195,5724847663.0
002181,1161058174.0
002177,761191294.0
002169,787791994.0
002160,795581976.0
002159,177301325.0
002156,1329036928.0
002146,4348163851.0
002120,2902263500.0
002115,810991332.0
002044,3914253923.0
002037,483883566.0
002027,14442199726.0
001979,7739098182.0
001965,6178245319.0
001330,1374518984.0
001269,137425626.0
001266,102816000.0
000981,9997470888.0
000957,592903936.0
000951,1174869360.0
000949,1466727778.0
000918,1804191500.0
000908,879774351.0
000903,1970800857.0
000901,798201406.0
000880,331320600.0
000806,1099911762.0
000799,324928980.0
000797,1570754217.0
000725,37509632994.0
000695,222147539.0
000681,700577436.0
000680,1501253212.0
000671,4140382950.0
000651,5631405741.0
000638,309400000.0
000620,1896690420.0
000607,1017698410.0
000606,765799353.0
000599,816792487.0
000525,580772873.0
000504,311573901.0
000488,1749517684.0
000156,1852932442.0
000046,5196200656.0
000031,4286313339.0
000023,138756240.0
688819,972100000.0
688789,76000000.0
688788,105747925.0
688787,42800000.0
688767,106666667.0
688682,51920120.0
688680,84020000.0
688679,131689675.0
688658,450000000.0
688630,120800000.0
688626,160000000.0
688618,50527495.0
688611,55900000.0
688609,500000000.0
688601,89600000.0
688598,94074067.0
688595,142156346.0
688588,400010003.0
688578,450000000.0
688575,567000000.0
688566,186941600.0
688565,157871000.0
688561,682089523.0
688558,132000000.0
688557,72670000.0
688538,13889633185.0
688536,119551414.0
688533,160000000.0
688528,168000000.0
688526,465133200.0
688488,420000000.0
688468,401000000.0
688425,5333497000.0
688418,193610000.0
688408,135715480.0
688401,133333600.0
688392,82000000.0
688390,123200000.0
688389,422200000.0
688388,234198073.0
688386,70000000.0
688385,530172000.0
688381,252200000.0
688377,194667000.0
688373,655210084.0
688371,335472356.0
688369,77267683.0
688345,100000000.0
688336,616785793.0
688327,740670562.0
688322,400001000.0
688321,410720500.0
688319,405265000.0
688316,47462175.0
688312,144848536.0
688308,100000000.0
688297,675000000.0
688288,100343920.0
688286,53429801.0
688271,824157988.0
688269,93360000.0
688265,77963513.0
688257,92800000.0
688252,405555600.0
688230,84000000.0
688229,44400000.0
688227,113055275.0
688225,400010000.0
688223,10000000000.0
688222,400680000.0
688218,117714700.0
688216,106270000.0
688213,400010000.0
688209,420000000.0
688206,433804445.0
688199,111226800.0
688193,40000000.0
688192,404183120.0
688189,196000000.0
688182,400000000.0
688176,570000000.0
688175,92906379.0
688173,405307014.0
688170,103360000.0
688165,521780000.0
688162,137347500.0
688161,400000000.0
688160,84000000.0
688158,453095081.0
688148,511718000.0
688136,198700650.0
688135,137249120.0
688130,66560000.0
688129,120000000.0
688128,404500000.0
688121,202666667.0
688115,66670000.0
688108,410000000.0
688106,485653000.0
688105,400010000.0
688102,400010000.0
688099,411120000.0
688096,107995500.0
688088,406000000.0
688086,190381503.0
688083,86674923.0
688081,73600000.0
688076,213183800.0
688072,126478797.0
688067,68000000.0
688066,184881281.0
688060,60000000.0
688058,56000000.0
688055,3333333400.0
688052,101064000.0
688051,77334000.0
688049,122000000.0
688045,69048939.0
688038,116373400.0
688037,92463899.0
688035,142240000.0
688033,449929688.0
688028,95417203.0
688027,80192320.0
688026,140363160.0
688022,108536490.0
688021,77283584.0
688017,168583380.0
688016,71978147.0
688015,187943462.0
688010,153581943.0
688009,8621018000.0
688007,455638398.0
605588,73099561.0
605566,133340000.0
605398,83297492.0
605368,494856340.0
605365,500000000.0
605358,676848359.0
605305,151800000.0
605303,161237408.0
605266,99241450.0
605228,424550000.0
605196,506822098.0
605186,136000000.0
605180,130000000.0
605162,400451000.0
605155,134400000.0
605138,555560000.0
605118,407330500.0
605100,169932000.0
605069,211697778.0
605060,240000000.0
605008,642380414.0
605003,110000000.0
605001,392886000.0
603995,338037284.0
603990,214401344.0
603989,400816278.0
603988,235200000.0
603986,667025148.0
603983,401444780.0
603980,700000000.0
603966,300326143.0
603958,221360000.0
603939,718609730.0
603933,210862200.0
603920,532175253.0
603912,303781587.0
603901,488450811.0
603899,926933050.0
603897,206435681.0
603885,2214005268.0
603883,584902902.0
603876,490458468.0
603869,504500508.0
603863,204650000.0
603861,435969558.0
603839,400102220.0
603836,205235237.0
603828,610460158.0
603825,253336552.0
603819,217730187.0
603810,162293880.0
603808,369092878.0
603806,1331545247.0
603800,208000000.0
603799,1597922519.0
603797,584108729.0
603790,191360000.0
603778,642857142.0
603776,233427145.0
603773,173862774.0
603768,204000000.0
603766,2053541850.0
603755,98613681.0
603739,252412230.0
603738,278133894.0
603737,376437486.0
603733,705975004.0
603730,941740157.0
603727,288334686.0
603726,185651200.0
603725,207770000.0
603722,87937500.0
603721,130000000.0
603718,644000000.0
603711,410745800.0
603709,80000000.0
603707,1617074755.0
603701,261361901.0
603699,749062000.0
603698,535990000.0
603690,320098474.0
603689,470404034.0
603686,415655737.0
603669,721228434.0
603666,207940700.0
603665,160683077.0
603660,494192811.0
603639,340667866.0
603638,840166258.0
603636,590793578.0
603630,225473000.0
603629,182000000.0
603628,273800000.0
603616,381368000.0
603612,460617984.0
603610,358489251.0
603608,419698777.0
603603,417784056.0
603602,203848872.0
603600,302512640.0
603588,1526562732.0
603586,196052780.0
603580,130673200.0
603557,496055236.0
603556,488684040.0
603533,438896835.0
603529,574700004.0
603515,754210692.0
603511,400010000.0
603507,142625500.0
603501,1184301975.0
603486,573722583.0
603439,410862216.0
603408,448980000.0
603396,116293082.0
603386,326322560.0
603379,610479037.0
603377,727843973.0
603369,1254500000.0
603363,871640622.0
603360,258952000.0
603358,439040000.0
603357,467576378.0
603355,574335860.0
603353,173394000.0
603333,621527586.0
603332,166513200.0
603326,315512680.0
603322,160150000.0
603318,378011155.0
603316,264264000.0
603313,485299039.0
603311,210000000.0
603272,103627000.0
603269,112518866.0
603266,198886750.0
603261,76961822.0
603236,188982076.0
603235,437780000.0
603228,847250298.0
603226,355491770.0
603221,240000000.0
603220,336368576.0
603216,224120000.0
603212,440362036.0
603201,79493334.0
603198,800000000.0
603197,208677741.0
603188,570170000.0
603179,487301971.0
603177,207560000.0
603170,400010000.0
603168,322592499.0
603165,278431276.0
603156,1265493600.0
603150,85490000.0
603133,209185200.0
603126,610500000.0
603123,798736665.0
603122,398052633.0
603117,633144502.0
603116,576200800.0
603111,993275484.0
603101,470400000.0
603097,160000000.0
603096,162503585.0
603079,171188958.0
603076,120701344.0
603070,401000000.0
603059,100000000.0
603042,160589840.0
603041,183147692.0
603040,133989109.0
603031,112000000.0
603027,958538590.0
603023,562079807.0
603010,589578593.0
603009,358730089.0
603007,333410786.0
601999,550914700.0
601997,3656198076.0
601995,2923542440.0
601989,22802035324.0
601988,210765514846.0
601969,2034496729.0
601966,1476731513.0
601965,1004847787.0
601933,9075036993.0
601928,2544900000.0
601918,2590541800.0
601890,959400000.0
601878,3878168795.0
601877,2149973551.0
601858,790500000.0
601838,3684400937.0
601825,9644444445.0
601818,41353194743.0
601801,1989204737.0
601800,11747235425.0
601777,4500000000.0
601766,24327798048.0
601702,998530600.0
601696,2778000000.0
601688,7356543347.0
601677,965827999.0
601668,41934432844.0
601601,6845041455.0
601595,448200000.0
601577,4021553754.0
601555,5007502651.0
601518,1350395121.0
601500,1288594400.0
601398,269612212539.0
601388,2201441946.0
601377,8635987294.0
601375,3447519700.0
601366,849733364.0
601336,2085439340.0
601328,39250864015.0
601288,319244210777.0
601236,4716787742.0
601233,2411119493.0
601225,9695000000.0
601222,2060169156.0
601211,7514844894.0
601200,1121858543.0
601198,3232445520.0
601169,21142984272.0
601166,20774243773.0
601158,4800000000.0
601156,1587555556.0
601155,2260535439.0
601139,2876767544.0
601127,1497277309.0
601118,4279427797.0
601117,6109470588.0
601113,1141481073.0
601106,6857782927.0
601099,6816316370.0
601088,16491037955.0
601021,916462713.0
601019,2086900000.0
601018,19454388399.0
601016,5012548456.0
601012,7581662700.0
601010,1848000000.0
601009,10305732847.0
600997,1587799851.0
600996,1198614554.0
600990,211429127.0
600988,1663911378.0
600986,1322425609.0
600984,1257043925.0
600982,1117768211.0
600979,1232259790.0
600977,1867000000.0
600975,805040967.0
600966,1336844288.0
600960,950515518.0
600959,5000717686.0
600956,2348088677.0
600936,1671026239.0
600928,4444444445.0
600919,14769651510.0
600918,6968625756.0
600917,1571340000.0
600908,1861678400.0
600905,28620510000.0
600898,285380986.0
600897,297810000.0
600895,1548689550.0
600894,859946895.0
600893,2665594238.0
600886,7454179797.0
600885,1042674041.0
600883,236088000.0
600882,516180147.0
600881,3248913588.0
600880,1093332092.0
600879,2719271284.0
600859,1135049451.0
600855,450426801.0
600853,1014902546.0
600846,624761516.0
600843,469222730.0
600838,400881981.0
600837,9654631180.0
600836,672753072.0
600834,477381905.0
600833,223086347.0
600830,454322747.0
600828,1731982546.0
600827,1604449920.0
600823,3751168261.0
600822,396147908.0
600816,5469137919.0
600815,1774094480.0
600810,1044175874.0
600807,884634731.0
600804,1657463906.0
600803,3098662607.0
600791,452880000.0
600789,884049513.0
600784,675652277.0
600783,744359294.0
600782,3188722696.0
600777,6800495825.0
600774,295032402.0
600773,819660744.0
600770,1300000000.0
600768,133747200.0
600767,341010182.0
600766,224226822.0
600760,1960526295.0
600756,324098753.0
600754,914044063.0
600748,1844562892.0
600744,1781124274.0
600743,2346100874.0
600739,1529709816.0
600736,1151292907.0
600735,428778219.0
600734,2178303106.0
600730,586656002.0
600729,406528465.0
600728,1759041797.0
600726,1534675151.0
600718,1241805295.0
600715,1854853500.0
600713,1308821012.0
600708,2228636743.0
600707,3588389732.0
600703,4479341308.0
600696,334469431.0
600691,2375981952.0
600686,717047417.0
600682,1346132221.0
600678,348990000.0
600676,1028492944.0
600667,2106190178.0
600666,1227326240.0
600661,286548830.0
600657,2851878595.0
600653,1946380317.0
600651,2507028015.0
600649,2529575634.0
600645,467948890.0
600642,4911721316.0
600641,957930404.0
600640,795695940.0
600638,673396786.0
600637,3414500201.0
600636,446936885.0
600629,970979116.0
600626,1107978710.0
600624,684712010.0
600621,1060899292.0
600616,669004950.0
600615,188020508.0
600609,1311200558.0
600599,166000000.0
600597,1378640863.0
600593,128800000.0
600590,852869750.0
600581,1553788870.0
600580,1314892586.0
600579,499074359.0
600576,619402409.0
600571,480158629.0
600569,2872421386.0
600568,1992869681.0
600565,2491506284.0
600563,225000000.0
600561,284476800.0
600559,914747444.0
600548,1433270326.0
600546,1982456140.0
600545,1895412995.0
600543,321120000.0
600539,230000000.0
600537,1192859268.0
600533,1050000000.0
600532,516065720.0
600530,780000000.0
600529,594967747.0
600525,1305775152.0
600521,1483474941.0
600518,13863866690.0
600512,1598902832.0
600501,431928600.0
600500,2764069672.0
600498,1187828536.0
600495,1208190886.0
600487,2362214913.0
600482,2160682115.0
600476,161070000.0
600475,943894086.0
600463,300000000.0
600462,617080000.0
600460,1416071845.0
600458,802798152.0
600455,62458000.0
600448,629819662.0
600429,1517285426.0
600418,2184009791.0
600410,1098743383.0
600409,2064349448.0
600406,6694249118.0
600400,2303021852.0
600399,1972100000.0
600398,4319607279.0
600392,1752826570.0
600391,330129367.0
600387,468144464.0
600386,806400000.0
600378,918924734.0
600376,2579565242.0
600375,654314844.0
600373,1355063719.0
600370,3896339676.0
600369,6645109124.0
600365,425400000.0
600363,455245750.0
600361,665807918.0
600358,504936660.0
600352,3253331860.0
600348,2405000000.0
600346,7039099786.0
600345,198000000.0
600343,638206348.0
600340,3913720342.0
600331,2032000000.0
600328,971136742.0
600326,920886556.0
600325,2117161116.0
600307,6263357424.0
600306,231574918.0
600303,675604211.0
600300,1617142180.0
600287,443282774.0
600284,970256000.0
600283,352995758.0
600282,6163612911.0
600279,1186866283.0
600278,882260201.0
600276,6379002274.0
600271,1852884638.0
600269,2335407014.0
600266,2256537600.0
600258,1118993124.0
600257,481237188.0
600252,3475107147.0
600248,3688882286.0
600246,2054009302.0
600236,7882377802.0
600234,262520973.0
600232,364718544.0
600231,2852154711.0
600229,702096010.0
600228,823267005.0
600227,1693134201.0
600222,573886283.0
600220,1783340326.0
600218,435599919.0
600217,1388659782.0
600215,465032880.0
600212,511697213.0
600207,862955974.0
600203,592988082.0
600202,383340672.0
600200,712388832.0
600199,657796824.0
600195,1021148260.0
600193,425373000.0
600191,484932000.0
600187,1613781103.0
600186,1793901141.0
600182,340000000.0
600179,4364286051.0
600177,4628902973.0
600170,8904397728.0
600169,3371975400.0
600167,2288119475.0
600166,8003763475.0
600159,830003232.0
600155,1739556648.0
600151,1434252287.0
600150,4472428758.0
600149,380160000.0
600141,1111724663.0
600137,97217588.0
600133,795615587.0
600130,768000000.0
600128,246767500.0
600126,3377189083.0
600125,1305521874.0
600122,1158258350.0
600121,1218412038.0
600120,3415381492.0
600118,1182489135.0
600117,1045118252.0
600107,360000000.0
600106,1329025062.0
600104,11683461365.0
600100,3350297713.0
600099,219120000.0
600098,3544055525.0
600097,240936559.0
600089,3871967205.0
600088,397706400.0
600082,646115826.0
600081,470418905.0
600078,662572861.0
600077,1340122326.0
600073,937729472.0
600072,736249883.0
600071,281573889.0
600070,516075964.0
600064,1730339644.0
600061,6425305853.0
600056,1495879748.0
600055,703061058.0
600048,11970443418.0
600039,4813683889.0
600036,20628944429.0
600035,1610115901.0
600033,2744400000.0
600031,8493286021.0
600030,12200469974.0
600028,95557771046.0
600023,13408732749.0
600022,10946549616.0
600021,2816743645.0
600020,2247371832.0
600018,23284144750.0
600015,15387223983.0
600012,1165600000.0
600009,2488481340.0
600008,7340590677.0
600007,1007282534.0
600006,2000000000.0
600004,2366718283.0
600000,29352173656.0
301238,733333300.0
300946,120006000.0
300802,259923971.0
300642,163834581.0
300449,298258899.0
300418,1177169144.0
300308,800961788.0
300210,484219953.0
300199,916927040.0
300086,450000000.0
300013,446687115.0
003040,461135972.0
002977,100100000.0
002976,120000000.0
002958,5555607550.0
002933,117350000.0
002925,782789273.0
002899,120000000.0
002898,176000000.0
002893,202800000.0
002856,135312808.0
002855,250612402.0
002853,186542748.0
002830,133340000.0
002797,4202400000.0
002796,252426948.0
002765,583225290.0
002736,9612429377.0
002735,213285380.0
002725,256000000.0
002701,2573260436.0
002678,1358320323.0
002671,565725368.0
002669,305402973.0
002665,2538720737.0
002664,403880000.0
002662,1500000000.0
002651,1033460000.0
002647,559936650.0
002626,616481927.0
002622,840000000.0
002612,442445375.0
002607,6167399389.0
002599,537586717.0
002594,1813142855.0
002592,283331157.0
002587,652044158.0
002583,1816079691.0
002577,282880000.0
002570,1080043333.0
002551,844738260.0
002543,743600000.0
002542,1805630157.0
002539,1010100000.0
002524,515366420.0
002507,887630022.0
002506,5850316427.0
002499,189000000.0
002498,3326796000.0
002495,935625600.0
002489,2175736503.0
002486,832000000.0
002482,1537279657.0
002439,952603538.0
002435,1235983020.0
002423,2304105575.0
002415,9433208719.0
002405,2382724314.0
002404,577673641.0
002403,340638579.0
002402,914340685.0
002390,2027228611.0
002381,411573959.0
002374,1087953783.0
002352,4895202373.0
002339,511804800.0
002326,876566295.0
002323,2120855142.0
002317,814431076.0
002291,911230601.0
002278,363909648.0
002236,3033161170.0
002230,2323752783.0
002228,1238631495.0
002221,1576127767.0
002217,3116416220.0
002212,1185371070.0
002199,243442363.0
002186,308463955.0
002183,2597009091.0
002180,1416046938.0
002175,1276780727.0
002158,534724139.0
002153,2099379878.0
002130,1259898562.0
002123,802196280.0
002106,705816160.0
002103,534272953.0
002098,358000000.0
002094,690897549.0
002093,1007500000.0
002091,1627596452.0
002078,2687010774.0
002076,769571569.0
002067,1193944478.0
002058,143448332.0
002047,1516248693.0
002042,1700681355.0
002031,2199395670.0
002024,9310039655.0
002021,687815040.0
002015,1623324614.0
001896,1525781330.0
001696,1145026920.0
001296,106859233.0
001270,111812946.0
001201,212805600.0
000989,869354236.0
000987,5017132462.0
000985,129639500.0
000971,1048590126.0
000935,763440333.0
000932,6908632499.0
000898,7991480451.0
000897,1617272234.0
000889,936291116.0
000888,526913102.0
000887,1316489747.0
000877,8663422814.0
000861,2520995824.0
000860,741766989.0
000837,899370910.0
000830,1919676011.0
000811,745837804.0
000785,6529036899.0
000783,5529957610.0
000776,5919291464.0
000766,966494707.0
000750,5444525514.0
000732,2488901440.0
000716,743999550.0
000705,334123286.0
000697,671616059.0
000679,356400000.0
000669,680408797.0
000656,5339715816.0
000623,1163047306.0
000619,360000000.0
000616,1430234425.0
000615,781180319.0
000597,1424383265.0
000584,760937577.0
000573,638280604.0
000561,604692321.0
000555,983653713.0
000536,2766032803.0
000531,822099384.0
000526,117762709.0
000517,3183922485.0
000501,768992731.0
000422,897866712.0
000420,2458868343.0
000416,531871494.0
000333,7000783000.0
000301,6213245319.0
000166,22535944560.0
000096,528000000.0
000014,242046224.0
000010,1058692292.0
000002,9724196533.0
873169,
873122,
873001,
872925,
872895,
872541,
872190,
871981,
871857,
871753,
871553,
839946,
839729,
839725,
838810,
838402,
838171,
838163,
838030,
837821,
837344,
837242,
837212,
837092,
837046,
836892,
836871,
836826,
836433,
836395,
836077,
835670,
835508,
835305,
835207,
835184,
835174,
834682,
834639,
834415,
834062,
833943,78093368.0
833873,
833819,
833580,
833575,
833533,
833523,
833454,
833427,
833346,
833266,
832885,
832278,
832225,
832171,
832000,
831834,
831832,
831768,
831370,
831305,
831195,
831167,
830946,
830832,
688777,496823000.0
688776,77416728.0
688766,50720207.0
688737,86034976.0
688733,182164340.0
688718,173754389.0
688698,180000000.0
688696,70000000.0
688690,403171823.0
688685,111866667.0
688683,148560000.0
688681,104670000.0
688670,88000000.0
688662,88240000.0
688659,160000000.0
688639,108400000.0
688633,73993334.0
688628,110424000.0
688619,187288015.0
688608,120000000.0
688607,88129027.0
688600,133772630.0
688589,100194770.0
688585,403200000.0
688577,53971720.0
688571,320000000.0
688560,164087736.0
688556,227923360.0
688555,83110000.0
688551,80241110.0
688550,98075383.0
688529,128000000.0
688521,497750682.0
688520,435335714.0
688518,300902200.0
688509,770000000.0
688505,703000000.0
688499,88000000.0
688456,103660000.0
688455,180849167.0
688439,200000000.0
688393,93340000.0
688383,102133600.0
688378,102661216.0
688368,62903780.0
688365,401000000.0
688358,112000000.0
688357,59228885.0
688355,123956072.0
688353,110000000.0
688338,81648000.0
688332,120000000.0
688318,93338000.0
688317,194704350.0
688309,80010733.0
688306,1228282800.0
688302,99015598.0
688299,285177557.0
688290,82400000.0
688287,
688285,376289913.0
688282,88000000.0
688280,590221667.0
688279,92363380.0
688277,419846848.0
688276,412840698.0
688267,176200000.0
688266,240000000.0
688262,240000000.0
688258,86956591.0
688248,564700000.0
688237,89603310.0
688234,429711044.0
688232,330000000.0
688231,246857143.0
688226,156000000.0
688220,418300889.0
688219,459283632.0
688208,450946625.0
688207,184980819.0
688200,91073591.0
688191,153046047.0
688190,120000000.0
688188,145932691.0
688184,134378228.0
688183,831821175.0
688178,84997844.0
688171,83773400.0
688166,410000084.0
688157,79782394.0
688156,92373760.0
688153,408619418.0
688151,344500000.0
688137,70175439.0
688133,84071656.0
688132,152225204.0
688131,104078810.0
688127,402845000.0
688125,80808080.0
688117,80000000.0
688113,63700000.0
688110,442249758.0
688107,400100000.0
688101,333880000.0
688095,66202302.0
688080,52572516.0
688079,401333334.0
688075,90773432.0
688065,583278195.0
688057,276000000.0
688056,67198600.0
688047,401000000.0
688039,80316500.0
688029,187246108.0
688025,93608076.0
688023,78504696.0
688020,80210500.0
688006,405133000.0
605599,777777800.0
605598,172743467.0
605499,400010000.0
605388,430000000.0
605369,112627120.0
605337,303408000.0
605333,436776081.0
605296,524304516.0
605289,108337500.0
605277,189629916.0
605259,88000000.0
605255,134080000.0
605208,253800000.0
605199,400108752.0
605188,495580000.0
605169,282880000.0
605167,449070000.0
605158,511420000.0
605151,134940000.0
605136,401885000.0
605089,100000000.0
605066,401000000.0
605055,440000000.0
605020,269750994.0
605018,468486353.0
605011,400100000.0
605007,400011470.0
603999,576000000.0
603997,1116786419.0
603991,74534998.0
603985,440858003.0
603976,151201911.0
603970,192000096.0
603968,204480000.0
603967,346666710.0
603963,219700000.0
603960,263368500.0
603956,508435363.0
603949,209806100.0
603936,511012097.0
603928,201600000.0
603918,367759038.0
603917,156800000.0
603915,662525360.0
603908,66690000.0
603895,108080000.0
603893,417378500.0
603890,439069005.0
603888,519029360.0
603887,450753333.0
603882,467138775.0
603880,292474000.0
603879,362314440.0
603877,476728241.0
603868,435600000.0
603859,166568333.0
603858,1106042645.0
603855,337574000.0
603848,401000000.0
603843,699623237.0
603838,320016000.0
603833,609151954.0
603823,317945200.0
603818,587460546.0
603817,534347495.0
603816,821891519.0
603803,434175557.0
603789,260000000.0
603787,204000000.0
603786,404098000.0
603777,336559908.0
603729,93338000.0
603728,420367400.0
603712,772000000.0
603708,608402320.0
603703,298610000.0
603697,308529015.0
603693,891475880.0
603685,169001827.0
603683,217154880.0
603681,191129871.0
603679,141572919.0
603678,459864858.0
603667,328533621.0
603662,282998292.0
603661,139067031.0
603657,137158500.0
603656,153000600.0
603655,106000000.0
603648,362412800.0
603637,243678373.0
603626,557549390.0
603619,400000100.0
603618,691056019.0
603613,498655409.0
603611,267184734.0
603607,178516800.0
603605,283519194.0
603596,410302436.0
603589,600000000.0
603587,481077600.0
603585,180001918.0
603579,140003433.0
603578,180357032.0
603567,941963592.0
603555,1571505358.0
603538,212985221.0
603530,432263327.0
603527,243824000.0
603520,342914439.0
603518,347205319.0
603508,381274377.0
603506,187777779.0
603500,245548776.0
603499,201153443.0
603489,120304050.0
603416,140560000.0
603390,351686984.0
603385,383809298.0
603378,431736425.0
603365,266670000.0
603359,446096000.0
603351,135478432.0
603348,263524111.0
603345,293294232.0
603331,178160893.0
603329,158756195.0
603323,1803073107.0
603315,307026264.0
603301,266451202.0
603286,88601000.0
603279,576683100.0
603277,420684000.0
603260,1074165577.0
603258,245783900.0
603256,884370000.0
603255,133466667.0
603233,949118460.0
603230,353523000.0
603217,208206400.0
603215,186660000.0
603213,434800000.0
603208,136585203.0
603199,110680000.0
603196,239918100.0
603195,601152420.0
603192,138666667.0
603189,269548349.0
603187,276087287.0
603180,154256882.0
603176,466660000.0
603161,133400000.0
603158,490799306.0
603155,225562000.0
603136,186294283.0
603131,317984668.0
603121,343916300.0
603118,792133332.0
603110,201226732.0
603109,209581540.0
603106,520520000.0
603095,132000000.0
603089,222500903.0
603087,561540000.0
603080,141500000.0
603069,316000000.0
603066,300702900.0
603056,1026957470.0
603055,868756396.0
603043,567224041.0
603039,260603073.0
603032,168183000.0
603028,287040000.0
603026,202680000.0
603022,200000000.0
603017,278286778.0
603015,404219000.0
603013,513992833.0
603012,650480000.0
603011,494414437.0
603006,254254250.0
603003,402443494.0
601998,34052680680.0
601990,3686361034.0
601985,18850401757.0
601958,3226604400.0
601956,622365100.0
601929,3301280086.0
601921,2222222223.0
601908,2414602861.0
601886,1133002060.0
601881,6446280527.0
601860,3660975366.0
601857,161922077818.0
601827,1678268000.0
601799,285679419.0
601798,354528198.0
601789,1086798590.0
601788,3906698839.0
601700,1141838700.0
601689,1102046572.0
601628,20823530000.0
601615,2272085706.0
601611,2648647755.0
601607,2777341614.0
601519,2035870200.0
601512,1498890000.0
601456,2389133168.0
601399,7213555890.0
601360,7145363197.0
601339,1500000000.0
601319,35497756583.0
601279,1494253157.0
601226,1167010000.0
601218,977360000.0
601216,8438017390.0
601212,7404774511.0
601208,916951112.0
601188,1315878571.0
601179,5125882352.0
601177,400060000.0
601128,2740855925.0
601116,547678400.0
601108,4643731801.0
601107,2162740000.0
601098,1796000000.0
601089,480000000.0
601069,889065700.0
601038,731705275.0
601020,562321429.0
601011,1915664539.0
601008,1240638006.0
601007,390000000.0
601006,14866942480.0
601003,2562793200.0
601002,959282000.0
601000,5925928614.0
600992,245090000.0
600983,766439000.0
600969,370050484.0
600961,527457914.0
600939,1901783721.0
600938,2990000000.0
600933,880322400.0
600909,4697662481.0
600903,1138251848.0
600892,559464188.0
600887,6399345318.0
600884,2238465538.0
600877,1184167119.0
600872,785375950.0
600869,2219352746.0
600868,1898148679.0
600863,6526887811.0
600858,520066589.0
600851,738206110.0
600831,710508937.0
600826,532761055.0
600814,736476758.0
600809,1220073422.0
600798,1206534201.0
600792,989923600.0
600790,1465790928.0
600787,2190316345.0
600780,1146502523.0
600771,491999697.0
600769,374977200.0
600764,710629386.0
600757,1213650273.0
600755,2200982757.0
600753,230307175.0
600749,226965517.0
600741,3152723984.0
600737,2138848228.0
600717,2894001038.0
600706,255059785.0
600704,5194872040.0
600692,351764064.0
600684,853460723.0
600683,740777597.0
600675,6096135252.0
600662,2283296750.0
600655,3891102974.0
600644,538400659.0
600643,1621922452.0
600630,424861597.0
600628,646875384.0
600620,686677113.0
600595,4014298114.0
600594,791927400.0
600588,3433870818.0
600587,411974891.0
600584,1779553000.0
600582,4138588892.0
600578,6690427360.0
600567,4616178950.0
600562,1241857840.0
600560,223645500.0
600558,897604831.0
600550,1841528480.0
600540,581376960.0
600538,524198348.0
600520,158430000.0
600509,1151415017.0
600503,1602290000.0
600499,1948419929.0
600497,5091291568.0
600496,2012874349.0
600491,1529757955.0
600490,2212887079.0
600489,4847312564.0
600480,916965410.0
600479,429807117.0
600478,1660718386.0
600469,731137184.0
600468,1087735321.0
600461,1039357933.0
600452,914608128.0
600446,941081805.0
600428,2146650771.0
600426,2123319999.0
600420,1026983149.0
600396,1472706817.0
600395,2146624894.0
600383,4514583572.0
600382,788933815.0
600381,587060741.0
600379,330201564.0
600367,293236600.0
600360,960295304.0
600354,527802080.0
600353,592007971.0
600351,770000023.0
600350,4827212433.0
600339,5583147471.0
600327,884779518.0
600319,387709384.0
600301,235148140.0
600297,8111237369.0
600293,1160145046.0
600285,567458992.0
600280,1138334820.0
600277,3560622194.0
600273,1401945207.0
600267,1198181562.0
600265,129800000.0
600239,1605686909.0
600238,448200000.0
600235,351300000.0
600226,3115165266.0
600225,3411394363.0
600210,1516736158.0
600198,1313708906.0
600197,471960049.0
600192,441748000.0
600189,715197812.0
600184,508760826.0
600183,2326547469.0
600180,1051902464.0
600165,684883775.0
600163,1902996143.0
600162,3268438122.0
600160,2699746081.0
600153,3006476030.0
600152,524904562.0
600148,141516450.0
600138,723840000.0
600135,553307099.0
600132,483971198.0
600131,1195394544.0
600129,556890744.0
600116,1912142904.0
600109,3724359310.0
600108,1946915121.0
600105,1403492444.0
600101,421432670.0
600095,2854958418.0
600085,1371470262.0
600084,1123726830.0
600079,1633071908.0
600067,1391668739.0
600053,433540800.0
600052,844194741.0
600037,1391777884.0
600032,2080000000.0
600025,18000000000.0
600017,3075653888.0
600010,45585032648.0
430489,
430476,
430198,
430139,
430090,
430047,
301389,283500000.0
301366,83333334.0
301330,148492051.0
301327,96000000.0
301318,69412000.0
301313,102333400.0
301263,236387500.0
301237,80000000.0
301231,84400000.0
301228,120000000.0
301222,101333400.0
301189,114896465.0
301178,65956800.0
301176,169066667.0
301169,72239774.0
301163,81600000.0
301136,275204820.0
301135,103146000.0
301118,106670000.0
301110,66666667.0
301103,158026471.0
301060,400517000.0
301058,512274245.0
301038,171600000.0
301035,276180000.0
301018,240010000.0
301015,525100000.0
301008,80000000.0
301001,80000000.0
300993,237024000.0
300988,132984000.0
300984,76800000.0
300973,169340000.0
300964,77298284.0
300945,204578000.0
300942,400860000.0
300940,190572083.0
300925,374736587.0
300920,100000000.0
300906,80000000.0
300892,100000000.0
300891,400000000.0
300878,144790322.0
300876,96000000.0
300875,99834751.0
300864,155040000.0
300861,480012000.0
300858,148925445.0
300857,206557782.0
300840,240000000.0
300837,100000000.0
300834,193712353.0
300823,93559091.0
300816,80173000.0
300805,423230000.0
300798,417750291.0
300795,100164000.0
300790,336947916.0
300779,100004149.0
300778,150998117.0
300771,240000000.0
300769,173751943.0
300766,400100000.0
300760,1212441394.0
300757,110530936.0
300756,141609804.0
300749,206355550.0
300741,615880000.0
300731,126431804.0
300729,221101961.0
300720,194877256.0
300719,253694750.0
300712,185252160.0
300711,207642172.0
300709,186106707.0
300705,328563058.0
300689,115600000.0
300687,398887449.0
300678,197590862.0
300677,659546835.0
300674,711091802.0
300664,709337550.0
300659,226533165.0
300652,102608133.0
300650,218296126.0
300636,350190483.0
300625,279911000.0
300624,129898885.0
300622,173216628.0
300621,208056700.0
300619,88655041.0
300616,198675000.0
300606,140128700.0
300604,604328728.0
300601,1120491686.0
300591,405673777.0
300570,229996800.0
300562,214701188.0
300554,104829248.0
300552,213133112.0
300550,262738501.0
300546,142711301.0
300540,160691993.0
300533,152388000.0
300531,329937375.0
300529,807750535.0
300519,160000000.0
300518,142436840.0
300516,180000000.0
300513,313691155.0
300512,410977250.0
300505,224691099.0
300503,306072836.0
300492,140486470.0
300482,444513687.0
300472,266533621.0
300455,717767936.0
300454,415682546.0
300450,1565616584.0
300444,725255525.0
300440,444713000.0
300433,4973479998.0
300429,515260996.0
300427,361757263.0
300410,367654697.0
300406,588841905.0
300391,350336112.0
300390,588105658.0
300387,289057018.0
300384,319007265.0
300379,460698732.0
300377,751557080.0
300370,957146344.0
300369,798584413.0
300352,1449824087.0
300348,721000562.0
300344,641706416.0
300338,339619692.0
300336,806230192.0
300335,487112388.0
300329,252888780.0
300328,690423600.0
300322,465746427.0
300320,601234191.0
300309,886123765.0
300307,780541776.0
300303,1342324504.0
300302,488783798.0
300297,1249894545.0
300290,639237569.0
300283,437090372.0
300276,1401042990.0
300265,364978084.0
300263,904294579.0
300255,934966878.0
300254,241618563.0
300252,577153834.0
300251,2933608432.0
300246,175681011.0
300245,313457493.0
300235,167831090.0
300232,1094089477.0
300231,442100220.0
300224,820216556.0
300204,476034544.0
300203,452517400.0
300198,1031548540.0
300189,1024000000.0
300176,387280800.0
300175,470800000.0
300171,635415040.0
300169,325984340.0
300161,198696906.0
300159,1490360202.0
300153,320000000.0
300151,502507802.0
300147,661279045.0
300145,1923438236.0
300135,921600000.0
300132,516580886.0
300125,265499995.0
300123,1007630823.0
300120,464401180.0
300113,694287240.0
300108,666014674.0
300105,519125640.0
300098,1737782275.0
300084,384765738.0
300082,680098200.0
300078,866129866.0
300063,754003950.0
300062,557577326.0
300052,262013710.0
300043,1244198401.0
300037,742450163.0
300035,723310765.0
300031,411968821.0
300027,2774505919.0
300022,380240380.0
300020,655789086.0
300011,558650387.0
300004,479993598.0
300003,1893012280.0
003030,124780000.0
003025,163191700.0
003018,260000000.0
003010,121699840.0
003003,177002700.0
002995,126753200.0
002992,184966135.0
002970,172996000.0
002968,229091083.0
002953,316622505.0
002951,405000000.0
002943,100000000.0
002935,274713270.0
002930,451482891.0
002928,1013567644.0
002923,239209490.0
002910,196698691.0
002903,152244000.0
002901,417139820.0
002889,138101429.0
002887,312000000.0
002886,226573529.0
002881,239645701.0
002867,1095926265.0
002863,498842538.0
002861,155550619.0
002842,277673597.0
002836,192000000.0
002835,219493931.0
002833,424229979.0
002824,199713017.0
002819,305348342.0
002815,888976640.0
002799,252000000.0
002787,315977445.0
002780,157587486.0
002776,537989106.0
002774,336687900.0
002773,919463954.0
002771,209764100.0
002769,373318054.0
002759,408552567.0
002756,414693493.0
002749,435462583.0
002745,1484166399.0
002743,435268478.0
002719,174139457.0
002715,138000000.0
002709,1926656122.0
002699,909572725.0
002694,597196800.0
002693,414737000.0
002689,1043310725.0
002676,720000000.0
002675,802214326.0
002658,630111511.0
002656,712519844.0
002654,855125963.0
002646,472562974.0
002643,930335215.0
002642,664820313.0
002638,1506156686.0
002632,624599090.0
002628,757194315.0
002627,738148117.0
002614,623447424.0
002613,937170000.0
002608,3778079704.0
002605,406461490.0
002603,1670705376.0
002593,808058029.0
002585,1156278085.0
002584,585216422.0
002578,988093296.0
002572,912370038.0
002568,1050159955.0
002565,1059988922.0
002562,1062905203.0
002559,555128024.0
002556,953992980.0
002553,348000000.0
002545,1244062083.0
002541,690011160.0
002540,1250169663.0
002537,1174016745.0
002535,801683074.0
002531,1802509062.0
002526,1782793836.0
002522,905779387.0
002520,862899328.0
002516,1470838682.0
002505,6374261088.0
002503,3051852544.0
002501,3550000000.0
002491,1240681400.0
002490,541722000.0
002481,1238352750.0
002470,3286027742.0
002465,2304448671.0
002459,2354944448.0
002458,992909980.0
002453,944217225.0
002433,766773200.0
002427,437970123.0
002421,1910371429.0
002414,3285181622.0
002411,1532283909.0
002409,475927678.0
002407,766023589.0
002400,1743337128.0
002397,755981443.0
002396,583280278.0
002388,507725100.0
002377,916325201.0
002372,1592112988.0
002370,536683903.0
002367,797968677.0
002354,1654585820.0
002346,441575416.0
002344,1282616960.0
002342,960000000.0
002331,410245949.0
002324,1014062317.0
002309,871787068.0
002304,1506988000.0
002300,656667000.0
002296,389604420.0
002295,250616000.0
002281,699408918.0
002268,845876603.0
002267,1112075445.0
002264,720504683.0
002249,2378904504.0
002245,1152046537.0
002243,1210604219.0
002242,767017000.0
002238,802559160.0
002235,579572284.0
002231,346850017.0
002226,2648922855.0
002215,989541427.0
002210,2661232774.0
002209,195244050.0
002201,651636241.0
002197,614362928.0
002187,704038932.0
002185,3204484648.0
002184,351908370.0
002176,1706325581.0
002174,915870756.0
002173,453079583.0
002172,765732360.0
002170,889862627.0
002168,801929568.0
002145,2977826315.0
002142,6603590792.0
002141,1134656519.0
002139,1271027372.0
002133,774144175.0
002127,2454870403.0
002119,375284000.0
002113,1510547023.0
002107,577209600.0
002096,380178200.0
002095,252720000.0
002082,618222829.0
002077,580348513.0
002069,711112194.0
002068,748119596.0
002063,1587580000.0
002059,1012434813.0
002057,759047776.0
002054,482115452.0
002048,814095508.0
002043,772841781.0
002034,429495847.0
002023,756791003.0
002016,809095632.0
002003,1037205556.0
001339,246965000.0
001336,80373500.0
001317,80040000.0
001300,182831935.0
001283,80000000.0
001259,73588888.0
001234,106666700.0
001213,4444444444.0
001209,131522720.0
000998,1316970298.0
000996,345000000.0
000990,1253011919.0
000965,1109830895.0
000959,7819869170.0
000952,352648939.0
000931,753126982.0
000928,1281043774.0
000925,558755262.0
000923,652728961.0
000917,1417556338.0
000910,547397500.0
000900,1517828334.0
000899,975677760.0
000882,2737351947.0
000863,1204370460.0
000858,3881608005.0
000833,668401851.0
000823,536988878.0
000818,679156000.0
000813,2232788132.0
000802,715900255.0
000796,803000258.0
000792,5432876672.0
000782,528139623.0
000767,3076942219.0
000733,518133618.0
000723,4326430548.0
000711,1023667816.0
000703,3666280716.0
000702,266634576.0
000698,819514395.0
000692,532832976.0
000690,2175887862.0
000670,816627360.0
000661,404720290.0
000659,1285702520.0
000639,1079428095.0
000633,385106373.0
000632,465519570.0
000630,10526533308.0
000626,508940464.0
000617,12642079079.0
000605,352658600.0
000590,239471267.0
000587,2123749330.0
000586,193440000.0
000568,1471957410.0
000566,1297365126.0
000557,1458374735.0
000551,403984805.0
000544,974684488.0
000540,7005254679.0
000538,1796862549.0
000529,583790330.0
000528,1955019991.0
000524,670208597.0
000503,907172932.0
000498,1560629303.0
000428,1018926000.0
000421,578331934.0
000153,312141230.0
000099,775770137.0
000089,2050769509.0
000088,2249161747.0
000078,2750833257.0
000060,3737543400.0
000039,2302682490.0
000006,1349995046.0
873527,
871642,
871396,
871245,
870299,
870204,
839790,
839680,
839167,
838924,
838275,
836675,
835368,
835179,
832145,
832089,
831856,
831445,
831152,
830964,
830799,
688778,300550715.0
688676,425700000.0
688663,139950000.0
688660,1333333400.0
688617,66670000.0
688616,150000000.0
688568,245260756.0
688519,234751600.0
688517,136109184.0
688403,834853281.0
688396,1320091861.0
688395,86000000.0
688382,575000000.0
688379,88000000.0
688367,86753000.0
688351,470600000.0
688326,120000000.0
688314,58027980.0
688300,85973400.0
688296,107393160.0
688293,81980328.0
688283,84000000.0
688272,76000000.0
688260,120000000.0
688256,400814650.0
688247,453340000.0
688238,493189000.0
688217,55577060.0
688177,414080000.0
688168,71811600.0
688167,89960000.0
688152,52844724.0
688119,1125000000.0
688118,95400000.0
688111,461221529.0
688085,225866850.0
688070,87580000.0
688041,2324338091.0
688032,56000000.0
688003,194701000.0
605577,444444445.0
605376,261600000.0
605319,200000000.0
605218,212833460.0
605198,270536000.0
605179,401000000.0
605122,172354000.0
605077,228457600.0
605068,166600000.0
605058,142923950.0
603987,441569000.0
603896,197198038.0
603886,240000000.0
603878,400758848.0
603811,233788800.0
603788,223065068.0
603779,332749154.0
603759,461760000.0
603716,205018993.0
603680,783718767.0
603676,435234000.0
603633,328316014.0
603599,650389789.0
603559,143313207.0
603558,381262949.0
603551,404498000.0
603536,244718600.0
603517,608630695.0
603516,186337143.0
603444,71866482.0
603398,342634507.0
603387,507153517.0
603368,362228058.0
603321,307000000.0
603320,130021140.0
603299,783148545.0
603288,4633833787.0
603239,270720000.0
603238,178988000.0
603223,510133604.0
603222,477040855.0
603219,401000000.0
603218,967593089.0
603209,200000000.0
603178,236411881.0
603128,1309462971.0
603115,239200000.0
603108,579542691.0
603099,266670000.0
603081,409086312.0
603053,888890000.0
603045,137620000.0
603037,104901350.0
603019,1464013974.0
601963,1895501796.0
601900,895876566.0
601717,1536259470.0
601658,72527800605.0
601616,935575000.0
601579,497360000.0
601568,3972222224.0
601567,1407976553.0
601566,574637150.0
601311,1173146118.0
601229,14206661727.0
601199,935210292.0
601163,800000000.0
600970,2265632064.0
600927,1455555556.0
600926,5930277547.0
600864,2080570520.0
600824,1054027073.0
600812,1715730370.0
600802,458248400.0
600796,866585766.0
600727,528583135.0
600721,376403355.0
600712,544655360.0
600702,332042979.0
600664,2524514076.0
600600,709285615.0
600592,399553571.0
600570,1900006442.0
600549,1418459200.0
600526,863943140.0
600508,722718000.0
600467,1460994304.0
600459,591156780.0
600380,1927655269.0
600377,3815747500.0
600371,292578000.0
600368,1125632068.0
600335,1456875351.0
600323,815347146.0
600310,1465710722.0
600288,436800000.0
600268,705832084.0
600262,170000000.0
600249,550000000.0
600219,11950481520.0
600216,965128000.0
600173,700506244.0
600156,402110702.0
600103,2305817807.0
600066,2213939223.0
600057,2254093987.0
430685,
430418,
301331,70138359.0
301326,72192828.0
301296,420000000.0
301285,206670000.0
301283,80000000.0
301239,149619048.0
301236,635294118.0
301216,343395400.0
301208,66666700.0
301198,130000000.0
301190,214636500.0
301166,86666668.0
301159,77350000.0
301151,167674290.0
301148,116497080.0
301133,106096616.0
301125,72400000.0
301115,180000000.0
301111,160000000.0
301098,105600000.0
301086,60000000.0
301078,1088000000.0
301061,128000000.0
301037,100292060.0
301033,66062951.0
301030,133333334.0
301021,151511482.0
301009,271860000.0
300992,90800000.0
300986,163893333.0
300982,140318267.0
300976,93986400.0
300972,153500000.0
300969,80000000.0
300968,413380000.0
300953,93080000.0
300948,140010000.0
300931,240146000.0
300926,154905300.0
300922,156811200.0
300912,111968000.0
300903,414694422.0
300898,125230000.0
300886,74555000.0
300882,204429420.0
300869,401796800.0
300866,406427207.0
300863,55235088.0
300852,101930760.0
300836,64032436.0
300835,120139000.0
300822,160005000.0
300820,143623875.0
300819,149205000.0
300815,332160000.0
300813,83156078.0
300812,139821029.0
300808,160000000.0
300768,643829039.0
300751,173011490.0
300735,774621120.0
300701,270000000.0
300694,215316977.0
300690,166312657.0
300669,192705526.0
300663,462178442.0
300657,488410056.0
300651,128747222.0
300649,132416609.0
300612,159039975.0
300608,251641248.0
300599,358131567.0
300588,192371030.0
300582,297108930.0
300579,270000000.0
300577,239790214.0
300573,88094682.0
300569,808581708.0
300566,263741550.0
300560,226269812.0
300551,345752939.0
300541,308429398.0
300521,144000000.0
300508,109094400.0
300502,507086219.0
300499,308620124.0
300497,550004834.0
300493,504751147.0
300479,197040865.0
300473,150447491.0
300459,3515810939.0
300443,261753484.0
300424,239893793.0
300423,497511290.0
300422,504872458.0
300420,1116383561.0
300411,406520007.0
300408,1916497371.0
300405,289209902.0
300404,368352343.0
300400,242625800.0
300395,506923266.0
300375,664794403.0
300365,599855469.0
300350,562863279.0
300318,816900495.0
300305,288753000.0
300280,162065744.0
300278,1421506508.0
300274,1485190984.0
300273,792354216.0
300270,302806028.0
300267,2062604870.0
300259,1169801516.0
300249,437470194.0
300244,623913096.0
300241,685761103.0
300237,1441914930.0
300225,489205300.0
300219,707943506.0
300217,1487706540.0
300215,758322487.0
300213,593718564.0
300207,1718626656.0
300179,485908830.0
300163,474000000.0
300157,712113257.0
300152,712800000.0
300150,585106053.0
300143,642167010.0
300140,427244052.0
300139,274000000.0
300138,532773991.0
300134,767498006.0
300131,1137147085.0
300128,1094115412.0
300111,1119800000.0
300103,317601000.0
300097,288549669.0
300094,912292315.0
300093,216000000.0
300091,1489164214.0
300076,424000000.0
300071,922347736.0
300067,1050276214.0
300056,385490443.0
300055,803095760.0
300053,702158212.0
300051,365698690.0
300050,560036718.0
300040,587655747.0
300032,803169608.0
300025,503650562.0
300016,491956096.0
300001,1040710713.0
003033,81750000.0
003029,186347000.0
003028,111488100.0
003021,171333344.0
003016,432288988.0
003007,104000000.0
003001,127750726.0
002985,331853600.0
002969,962207512.0
002963,150359930.0
002952,164340000.0
002949,196038235.0
002938,2321155816.0
002937,297853000.0
002921,131692297.0
002917,347614197.0
002907,401057483.0
002888,149611680.0
002876,173884932.0
002869,180148557.0
002850,234358631.0
002816,100000000.0
002803,378409288.0
002763,409924000.0
002762,354025000.0
002758,502673630.0
002757,295455913.0
002753,375443612.0
002752,976918468.0
002747,869115493.0
002737,584000000.0
002731,256156000.0
002724,779829726.0
002718,131447829.0
002706,1123125020.0
002657,337576686.0
002653,1075607470.0
002652,512064000.0
002650,1152000000.0
002633,150000000.0
002625,2154587862.0
002595,800000000.0
002586,1144223714.0
002580,453868993.0
002576,165100000.0
002571,391950700.0
002557,507002296.0
002554,1346857772.0
002550,1279800000.0
002544,682821325.0
002534,739202151.0
002528,1198675082.0
002515,978313280.0
002484,837258511.0
002469,648862630.0
002392,1190490839.0
002383,740360305.0
002361,978571946.0
002348,947200000.0
002338,240000000.0
002337,588615750.0
002336,440000000.0
002332,989204866.0
002329,837640035.0
002319,200000000.0
002312,1893946394.0
002306,840000000.0
002305,1734215770.0
002292,1478699697.0
002285,2033579072.0
002284,737687949.0
002262,1007588092.0
002255,842271055.0
002250,923246256.0
002229,498344263.0
002214,599237935.0
002213,206000000.0
002211,432475779.0
002193,261715550.0
002189,262309463.0
002178,712153001.0
002154,1459333729.0
002131,6754804205.0
002126,792139643.0
002116,417628938.0
002104,699409754.0
002102,2633836290.0
002101,528878866.0
002079,807886616.0
002062,1102500000.0
002050,3590869252.0
002045,468383913.0
002029,755670000.0
002022,514319309.0
002017,446486084.0
002011,917212180.0
002006,455160000.0
002005,1752424858.0
001226,74666700.0
001208,534424000.0
001203,1508000000.0
000967,3179505436.0
000953,366122195.0
000929,185766000.0
000906,688232979.0
000905,741809597.0
000893,921138953.0
000890,419503968.0
000883,6569750886.0
000836,1208455224.0
000825,5732777796.0
000820,637245222.0
000801,1022806646.0
000789,797402500.0
000777,385494593.0
000717,2423843190.0
000712,896000000.0
000701,564578376.0
000682,1340727007.0
000676,1276506972.0
000665,1134129718.0
000601,1080551669.0
000593,358631009.0
000591,3909227441.0
000582,1772234467.0
000565,433592220.0
000546,780781962.0
000516,2275255232.0
000430,404817686.0
000150,877697557.0
000065,1001707877.0
873223,
871970,
870436,
839371,
836260,
836239,
835985,
835185,
834765,
834599,452525000.0
834475,
833509,
832735,
832491,
832419,
831961,
831726,
831689,
831278,
831010,
688768,54865491.0
688665,70000000.0
688655,133390000.0
688613,133333334.0
688511,80000000.0
688375,400010000.0
688328,81040000.0
688325,80000000.0
688310,83600000.0
688305,93177757.0
688292,157146667.0
688281,93333336.0
688278,406800000.0
688273,100000000.0
688259,80000000.0
688255,78414611.0
688251,59428464.0
688221,374578653.0
688215,40040000.0
688205,97280000.0
688198,135672588.0
688181,96473014.0
688163,108220000.0
688126,2731658657.0
688098,410644000.0
688090,67360588.0
688078,71410000.0
688077,80678000.0
688062,399600000.0
688053,100000000.0
688050,105176712.0
688036,803950350.0
688030,180223819.0
688013,81155600.0
688011,100000000.0
605580,200000000.0
605488,177126925.0
605298,140400000.0
605183,417457900.0
605111,212840309.0
605108,260000000.0
605088,165795000.0
605080,101123600.0
605033,137793000.0
605006,600005281.0
605005,404136500.0
603982,201234098.0
603977,621241828.0
603969,841000000.0
603948,162530000.0
603931,199558380.0
603926,229532531.0
603922,128000000.0
603919,507259997.0
603909,200517800.0
603900,340473840.0
603866,1333099296.0
603829,160000000.0
603826,468000000.0
603767,305981000.0
603700,203242000.0
603696,235200000.0
603677,192143072.0
603658,586272256.0
603650,596120601.0
603609,916218196.0
603590,160000000.0
603583,384226985.0
603569,560348590.0
603566,352916573.0
603535,233247835.0
603505,434826162.0
603456,834300730.0
603429,532334540.0
603383,171463516.0
603366,821557400.0
603328,998442611.0
603306,310340606.0
603278,289881096.0
603268,124168800.0
603232,231722033.0
603183,500843151.0
603182,164550000.0
603171,405890000.0
603139,99880000.0
603138,283163990.0
603112,437166517.0
603060,728018510.0
603001,400980000.0
601975,4852783848.0
601968,1133039174.0
601666,2315215955.0
601606,724228400.0
601599,1160542453.0
601369,1728425829.0
601368,882973077.0
601187,2639127888.0
601028,783025760.0
600993,431053891.0
600980,189288006.0
600929,1474480490.0
600906,3245000000.0
600874,1230418085.0
600845,1473506507.0
600839,4616244222.0
600746,1167842884.0
600724,1445241071.0
600716,936060590.0
600710,1306749434.0
600693,869846246.0
600633,1265730523.0
600608,328861441.0
600598,1777679909.0
600573,250000000.0
600572,2570037319.0
600535,1499700130.0
600510,1044788426.0
600505,364567500.0
600502,1716533938.0
600456,477777539.0
600444,146421932.0
600438,4501713420.0
600421,195600000.0
600390,4498065459.0
600338,914210168.0
600336,798165669.0
600318,512727632.0
600315,678293194.0
600298,869344879.0
600230,418355802.0
600171,712178433.0
600157,22217764145.0
600080,373270285.0
600075,1707354260.0
600062,1043237710.0
600059,911542413.0
600019,22268411550.0
430564,
430510,
301309,100000000.0
301300,64150000.0
301282,151139968.0
301276,108000000.0
301270,100000000.0
301233,51470000.0
301218,114040000.0
301213,79999999.0
301201,96696140.0
301197,120540000.0
301193,120000000.0
301188,232410000.0
301156,80000000.0
301139,121580800.0
301121,70803184.0
301119,80000000.0
301109,410010000.0
301102,200000000.0
301101,134341400.0
301096,108166667.0
301080,80000000.0
301073,120810000.0
301066,188352192.0
301057,110720000.0
301055,156000000.0
301053,81752500.0
301050,174240000.0
301040,100000000.0
301039,1453680000.0
301036,100000000.0
301032,241133400.0
301026,113333334.0
301020,146400000.0
301011,112840000.0
301010,108000000.0
301005,102828425.0
301004,103200000.0
300990,93600000.0
300989,108000000.0
300978,422702739.0
300970,116700000.0
300957,423600000.0
300938,113964450.0
300935,79107000.0
300932,175881318.0
300919,609666888.0
300917,169000000.0
300909,151359994.0
300908,100000000.0
300905,144000000.0
300900,211470000.0
300899,63783466.0
300893,225000000.0
300879,160000000.0
300871,166054034.0
300870,101660000.0
300867,271741053.0
300859,155000000.0
300853,146937110.0
300850,329708796.0
300846,466486694.0
300845,110827200.0
300842,100000000.0
300838,136340000.0
300833,84327000.0
300807,67851000.0
300806,303505814.0
300800,238400000.0
300791,180170239.0
300783,401000000.0
300776,170108344.0
300758,410237370.0
300755,416798400.0
300746,225738328.0
300745,125173178.0
300742,141297426.0
300738,690972847.0
300736,130133104.0
300710,99490300.0
300707,157029727.0
300702,347977159.0
300676,413914325.0
300671,217724473.0
300665,176177817.0
300656,156940611.0
300655,585147733.0
300648,147783896.0
300643,230000000.0
300618,309617139.0
300617,167996636.0
300614,160434469.0
300605,164462984.0
300593,372697236.0
300592,289175621.0
300589,377667996.0
300587,1076852030.0
300571,139528294.0
300563,178822526.0
300559,399514567.0
300556,119541189.0
300548,261915135.0
300545,177742948.0
300536,293288133.0
300525,603091927.0
300511,503044448.0
300501,193531505.0
300498,6546257327.0
300495,674279488.0
300484,208000000.0
300480,351290715.0
300475,420000000.0
300470,208171277.0
300468,530649275.0
300466,535529908.0
300465,446762257.0
300457,649537963.0
300452,234522691.0
300448,676517079.0
300439,382999815.0
300416,369962545.0
300415,469145684.0
300382,626544220.0
300381,490072802.0
300380,140795775.0
300376,2327165876.0
300364,735746509.0
300357,523584000.0
300356,407904620.0
300353,533117181.0
300345,445595483.0
300342,425035113.0
300332,881896138.0
300331,259662286.0
300324,1727590595.0
300323,1240236453.0
300306,268958778.0
300300,671396910.0
300298,564221835.0
300295,190824714.0
300293,280335917.0
300277,335000000.0
300275,188170355.0
300269,556089174.0
300268,174200000.0
300260,226559307.0
300258,481770753.0
300257,993635018.0
300233,387410987.0
300226,267302868.0
300222,780242234.0
300221,476207935.0
300220,151200000.0
300209,422107330.0
300205,430056000.0
300200,425490833.0
300185,3896783221.0
300180,1761060155.0
300174,312238050.0
300170,861804021.0
300158,1027494660.0
300155,561227744.0
300148,835339343.0
300141,253884600.0
300130,504531670.0
300129,934899232.0
300126,303957600.0
300118,891874906.0
300117,716760000.0
300116,4425591367.0
300107,551731068.0
300101,560066000.0
300095,420090164.0
300089,481056870.0
300083,1543176379.0
300081,607115817.0
300075,507329155.0
300074,531020900.0
300061,658993677.0
300046,237171371.0
300039,1046000000.0
300034,485957096.0
300018,480831536.0
300015,7043057850.0
300012,1682458214.0
300010,868324647.0
300009,1638465558.0
003011,102676000.0
002973,408664551.0
002967,575225846.0
002962,293479151.0
002920,555274000.0
002918,418950471.0
002902,210000000.0
002872,318000000.0
002848,167150000.0
002847,128688990.0
002840,606097690.0
002838,446972760.0
002831,930513553.0
002820,200868295.0
002782,476723227.0
002768,271250000.0
002728,221656243.0
002673,4469581705.0
002655,366120000.0
002634,459352513.0
002623,199062500.0
002617,1923005903.0
002611,1326428104.0
002588,1156884000.0
002579,621977118.0
002521,494685819.0
002511,1314249269.0
002493,10125525000.0
002479,865000000.0
002474,622200000.0
002454,628581600.0
002431,1812816265.0
002420,401000000.0
002398,716590206.0
002394,323700000.0
002365,294682500.0
002358,929756977.0
002351,889107000.0
002350,542369011.0
002307,1268291582.0
002303,1531323685.0
002298,740110901.0
002293,837782881.0
002288,931643744.0
002283,1139457178.0
002279,710598864.0
002263,1878360100.0
002248,307495600.0
002234,348960212.0
002227,247806170.0
002216,879184048.0
002194,683443306.0
002151,513216997.0
002128,1921573493.0
002121,1408349147.0
002118,1280759826.0
002112,262080000.0
002109,1052944789.0
002108,1672697766.0
002088,506332586.0
002075,2206771772.0
002065,3205482375.0
002038,1027350000.0
002033,549490711.0
002001,3090907356.0
001210,90748077.0
000963,1749809548.0
000909,453828600.0
000859,895976271.0
000856,227000000.0
000850,943665009.0
000822,895091926.0
000816,1440386318.0
000812,768692614.0
000807,3467957405.0
000755,1467310196.0
000709,10618607852.0
000691,323270000.0
000677,863977948.0
000655,595340230.0
000652,1475573852.0
000650,1399938234.0
000609,299265522.0
000600,1791626376.0
000598,2986218602.0
000595,1138656366.0
000559,3303791344.0
000550,519214000.0
000533,690816000.0
000518,1029556222.0
000514,843770965.0
000513,625299927.0
000425,11816166093.0
000415,6184521282.0
000409,510931158.0
000155,1475926818.0
000090,1868545434.0
000007,346448044.0
873152,
838670,
836263,
688739,416450000.0
688686,122063992.0
688636,50511160.0
688625,133333400.0
688501,94670000.0
688372,87210700.0
688359,92180000.0
688335,101530111.0
688315,400200000.0
688291,102666700.0
688212,133340000.0
688150,402437585.0
688109,54374000.0
688089,120000000.0
688068,92050585.0
688004,56800000.0
605589,774776800.0
603898,311277331.0
603867,184379000.0
603822,77421031.0
603815,618924235.0
603713,164464686.0
603688,361277126.0
603565,1418961556.0
603389,262752000.0
603324,125116500.0
603206,305199988.0
603102,64000000.0
603063,441346472.0
603035,380030933.0
603025,924333311.0
603016,148160000.0
603008,387417787.0
601665,4580833334.0
601101,1439997926.0
601100,1305360000.0
600998,1873869441.0
600968,10165104199.0
600888,1347404855.0
600866,739019166.0
600829,579888597.0
600817,546180037.0
600797,1027527102.0
600795,17835619082.0
600763,320640000.0
600742,737974327.0
600740,2562121154.0
600738,773464476.0
600725,1232470000.0
600699,1368084624.0
600606,14054218314.0
600506,147706873.0
600483,1954566310.0
600422,758255769.0
600389,305367100.0
600312,1356921309.0
600311,665600000.0
600309,3139746626.0
600241,294302115.0
600161,1647809538.0
600143,2657197236.0
600058,1071910711.0
600051,310880000.0
301349,68000000.0
301321,
301306,84400000.0
301288,108010000.0
301269,542941768.0
301266,104000000.0
301234,68000000.0
301215,1322400000.0
301212,108000000.0
301200,420000000.0
301191,53340000.0
301168,120000000.0
301162,70892630.0
301160,74666667.0
301138,120000000.0
301132,147470000.0
301130,80803943.0
301117,92263300.0
301116,448979593.0
301093,134666667.0
301082,161649410.0
301075,80000000.0
301072,105054800.0
301051,80000000.0
301027,147000000.0
301016,120000000.0
301012,84000000.0
301006,139280000.0
300981,300006000.0
300967,190211500.0
300961,177280000.0
300947,153603596.0
300943,203820000.0
300930,100000000.0
300928,80000000.0
300921,131557770.0
300902,127980000.0
300897,68000000.0
300888,426492308.0
300885,250800000.0
300873,213333334.0
300872,404427654.0
300868,128000000.0
300865,95680000.0
300848,200010000.0
300843,149497000.0
300841,134650449.0
300829,180654547.0
300828,165900000.0
300826,145600000.0
300825,501417333.0
300803,406966399.0
300799,102060000.0
300797,255010000.0
300792,238674523.0
300789,83428306.0
300788,190151515.0
300772,542256273.0
300767,247227908.0
300762,628014412.0
300761,459802501.0
300739,294666704.0
300727,126880000.0
300726,411839845.0
300718,298010549.0
300716,160020000.0
300715,384909628.0
300696,293156493.0
300695,70929872.0
300688,163813464.0
300685,398156535.0
300682,1060812213.0
300658,278371421.0
300653,180000000.0
300635,136322000.0
300631,122642024.0
300611,211074680.0
300607,426315966.0
300596,229619667.0
300580,200016457.0
300572,228988812.0
300565,208000000.0
300553,62400000.0
300542,300056059.0
300535,104582644.0
300532,307034301.0
300527,963234963.0
300526,204248968.0
300515,205821500.0
300509,296400000.0
300486,406509381.0
300477,1072018687.0
300471,385999052.0
300469,205135376.0
300463,612469590.0
300462,188265025.0
300460,279004251.0
300458,630016738.0
300451,1549335292.0
300447,312328375.0
300446,202620000.0
300441,657189708.0
300436,159267000.0
300434,401743872.0
300419,367753770.0
300417,136190823.0
300414,326019466.0
300409,581311630.0
300396,275244700.0
300393,1089627358.0
300389,359994173.0
300385,333145932.0
300368,531943475.0
300366,607576150.0
300360,504387126.0
300358,575052984.0
300351,383641857.0
300349,429054325.0
300341,513393236.0
300339,796410841.0
300326,717026333.0
300316,1307828097.0
300315,2757484192.0
300313,312977396.0
300310,881658531.0
300304,871554818.0
300299,691229485.0
300285,1003810338.0
300284,1262827774.0
300279,448941998.0
300272,577171949.0
300243,232325005.0
300240,368581532.0
300234,511424086.0
300229,714786173.0
300196,408715607.0
300190,781588507.0
300181,608624848.0
300172,676710000.0
300166,1152381437.0
300162,349510030.0
300154,455296000.0
300142,1605253184.0
300115,1201027716.0
300112,285801270.0
300106,211332310.0
300077,595656000.0
300065,693899186.0
300041,430888395.0
300026,3004154837.0
300024,1550211950.0
300021,862298764.0
300019,391090200.0
003039,617518730.0
003017,60000000.0
003015,281066667.0
003012,1173000000.0
003006,430330300.0
002982,101880000.0
002979,309100000.0
002942,156000000.0
002940,95946819.0
002892,315013532.0
002882,432900000.0
002866,289522256.0
002825,244660327.0
002790,418011500.0
002788,388516736.0
002746,860538727.0
002732,157350000.0
002714,5322167365.0
002696,349386910.0
002682,562368594.0
002674,291862944.0
002648,2406407230.0
002645,581951198.0
002508,949024050.0
002463,1896658772.0
002461,2213328480.0
002429,4526940607.0
002416,1239281806.0
002301,733217683.0
002294,1114816535.0
002273,1390632221.0
002208,803291894.0
002166,730684825.0
002155,1202039474.0
002087,816794335.0
002083,822168330.0
002064,4962543897.0
002032,808654476.0
002026,444818431.0
002025,452662256.0
002010,2802649508.0
002009,379299434.0
002008,1052070438.0
001331,120000000.0
001322,965612800.0
001268,107933334.0
001219,115375000.0
001215,86672536.0
001212,117871000.0
000862,706118997.0
000838,1100462170.0
000809,824791293.0
000778,3990058776.0
000751,1409869279.0
000707,464145765.0
000610,236747901.0
000419,543582655.0
000100,14030642421.0
688800,113157052.0
688700,147200000.0
688516,106374608.0
688426,93161111.0
688387,3418750000.0
688337,121309554.0
688261,67376367.0
688196,120000000.0
688139,317071758.0
688122,464046069.0
688116,232229423.0
688112,106666700.0
688103,95390000.0
600566,894361479.0
301328,73262396.0
301273,71641792.0
301220,80800000.0
301209,80000000.0
301107,73400000.0
301095,200000000.0
301063,84240000.0
300963,156000000.0
300937,95666682.0
300929,132132956.0
300913,183750000.0
300780,146670000.0
300733,172123019.0
300494,271665598.0
300435,380633100.0
300343,1138483590.0
300073,506500774.0
300068,864870893.0
002988,232770414.0
002822,713633767.0
002738,457936569.0
002318,977170720.0
001308,523233750.0
000958,5383418520.0
000829,1025100438.0
605028,160000000.0
603663,302270027.0
603337,486138556.0
603298,866397273.0
603086,310612960.0
601168,2383000000.0
600965,818700955.0
600805,850894494.0
600761,740180802.0
600750,629581958.0
600674,4447711834.0
600511,754502998.0
600436,603317210.0
600251,780997683.0
600176,4003136728.0
301167,80000000.0
301025,400010000.0
300958,142656479.0
300901,240000000.0
300774,408763660.0
300697,332800000.0
300639,439516016.0
300638,623350660.0
300507,791528907.0
300401,551007557.0
300296,2542901478.0
002443,520535520.0
002028,769478732.0
000417,779884200.0
688697,326666700.0
688677,86980000.0
688579,400010000.0
688513,120090000.0
688313,458802328.0
688289,588459803.0
688270,109210000.0
688005,450883265.0
605133,162189000.0
605086,128000000.0
603668,436164726.0
603191,333167407.0
603129,150077374.0
603000,1105691056.0
601952,1378000000.0
600987,1050818859.0
600941,902767867.0
600785,225631280.0
600722,680319676.0
600714,288176273.0
600528,2221551588.0
600403,2390812402.0
600111,3633066000.0
301129,74390000.0
300887,287013456.0
300832,786126335.0
300684,280852507.0
300110,1182212982.0
002908,308603933.0
002702,480760000.0
002624,1939968404.0
002478,894348407.0
002472,777691625.0
002311,1661161061.0
002051,1237408937.0
688295,900000000.0
688138,266800000.0
688120,106666700.0
688114,413110000.0
688063,154844533.0
603889,511746388.0
603568,1694213430.0
603309,293422218.0
601872,8124649337.0
600415,5491274176.0
301085,80000000.0
300620,164081215.0
300583,106922067.0
300453,394027500.0
003036,216000000.0
002783,381730334.0
002462,291707120.0
002444,1143438492.0
002066,231000000.0
002040,483966800.0
000968,967502660.0
688722,224666700.0
688668,85478000.0
688399,58620000.0
605507,558823500.0
603283,190873778.0
600962,262210000.0
300910,150000000.0
002519,1126430898.0
688711,137890668.0
688268,120278240.0
688244,46831303.0
603519,266327839.0
603392,906070705.0
603367,453313000.0
603132,978000000.0
603071,557954442.0
601882,522000000.0
601515,1842917471.0
600330,996565730.0
300193,487272604.0
300007,324387155.0
002832,570707084.0
002722,175485039.0
002597,560917261.0
000902,1304529290.0
873339,
688779,1929206272.0
688187,868907512.0
688061,77106974.0
688031,120842068.0
600519,1256197800.0
301195,87681160.0
300881,100000000.0
300692,423750439.0
300191,320000000.0
003022,1335568000.0
603809,393753724.0
603659,1390903678.0
600233,3440652173.0
600096,1835893241.0
300568,1280818853.0
000404,695995979.0
600481,1870661251.0
600313,1082198663.0
300242,634555224.0
830839,
603938,273303212.0
300438,461291966.0
832662,
603339,309441175.0
603163,80000000.0
002772,407449864.0
002726,1078521230.0
688459,480000000.0
603300,1262609407.0
603083,255581566.0
600854,519458538.0
301363,406660000.0
300262,669766999.0
688073,64916392.0
603185,390452630.0
603052,68800000.0
600860,442265988.0
688409,209053334.0
870199,
688428,264648217.0
873167,
872392,
836414,
835857,
831906,
831641,
688331,354681764.0
601888,1952475544.0
601238,7365337352.0
601186,11503245500.0
601111,9962131821.0
601066,6495671035.0
600876,395674963.0
000756,474627235.0
872808,
838262,
601916,16714696778.0
837663,
834407,
832149,
831087,
430425,
688981,1938463000.0
872351,
836422,
835237,
834770,
834261,
830974,
601598,5255916875.0
600871,13569378551.0
600585,3999702579.0
836807,136410000.0
836957,
836247,
832802,
834950,
833429,
871634,
833781,
833075,
833171,
832110,
430300,
836942,
430478,
832876,
870508,
830879,
430556,
873305,
833914,
831526,
872374,
430718,
603259,2564622950.0
600848,2393912273.0
688236,288428000.0
002821,244661118.0
601728,77629728699.0
300748,707600790.0
601868,32428727636.0
000157,7093066899.0
600660,2002986332.0
000625,4537605432.0
600320,3321997661.0
601866,7932125000.0
600819,747416067.0
000025,392778320.0
603127,226744929.0
600690,6308552654.0
300347,749455550.0
002399,1247201704.0
688180,688530000.0
000869,453460800.0
002948,2746655020.0
688366,137800000.0
600875,2750803431.0
000030,1762733196.0
600698,834410032.0
000761,3475371532.0
300759,656293575.0
600999,5719008149.0
601005,8380475067.0
600026,2736032861.0
600844,822730634.0
601865,1500000000.0
601298,4937699000.0
601068,2559590667.0
601330,756840208.0
600547,1857118809.0
601869,406338314.0
601727,11752268717.0
601828,2876103969.0
600958,5188372011.0
601326,4757559000.0
601919,7635674357.0
600602,1033464671.0
600635,2467304675.0
601811,791903900.0
600663,2444551200.0
600775,671838529.0
600188,2960000000.0
600011,10500000000.0
000016,1596720610.0
601898,9152000400.0
600650,390560075.0
600054,315350000.0
600623,646367722.0
601618,16239000000.0
600818,237957910.0
600604,333524190.0
600190,1779484530.0
000020,181165391.0
601808,2960468000.0
600612,317109630.0
601333,5652237000.0
600618,749839976.0
601880,3363400000.0
600685,438463454.0
000017,302987590.0
601992,3114354625.0
